study_hours,attendance,sleep_hours,internet_usage,assignments_completed,previous_score,exam_score,placement_status,FinalGrade,PreviousGrade
0.6000000000000001,0.2666666666666667,0.8,0.6000000000000001,0.5,0.44999999999999984,100.0,Placed,A,C
0.30000000000000004,0.4833333333333333,0.19999999999999996,0.20000000000000004,0.4,0.35,100.0,Placed,A,D
1.0,0.33333333333333337,0.6000000000000001,0.5000000000000001,0.5,0.16666666666666663,100.0,Placed,A,F
0.7000000000000001,0.9833333333333333,1.0,0.7000000000000001,0.2,0.33333333333333326,90.17,Placed,A,D
0.4,0.20000000000000007,0.8,0.5000000000000001,0.4,0.08333333333333326,78.82,Placed,B,F
0.6000000000000001,0.0,1.0,0.9,0.0,0.41666666666666663,72.33,Placed,B,C
0.9,0.0,0.0,1.0,0.45,0.25,98.12,Placed,A,D
0.20000000000000004,0.7666666666666667,0.6000000000000001,0.20000000000000004,0.35000000000000003,0.8333333333333334,100.0,Placed,A,A
0.6000000000000001,0.5333333333333333,0.8,0.4,0.9,0.21666666666666667,96.81,Placed,A,F
1.0,0.6166666666666666,0.0,0.8,0.75,0.5666666666666665,100.0,Placed,A,C
1.0,0.4,0.8,0.7000000000000001,0.6000000000000001,0.6833333333333332,100.0,Placed,A,B
0.7000000000000001,0.41666666666666663,0.19999999999999996,0.5000000000000001,0.2,0.8666666666666666,100.0,Placed,A,A
0.4,0.20000000000000007,0.40000000000000013,0.8,0.8500000000000001,0.9,95.36,Placed,A,A
0.30000000000000004,0.9666666666666667,1.0,0.1,0.4,0.5833333333333334,100.0,Placed,A,B
0.7000000000000001,0.45000000000000007,0.8,1.0,0.15000000000000002,0.35,83.49,Placed,A,D
0.7000000000000001,0.5333333333333333,0.6000000000000001,0.8,0.65,0.8666666666666666,100.0,Placed,A,A
0.20000000000000004,0.6,0.8,0.9,0.30000000000000004,0.016666666666666607,63.26,Not Placed,C,F
0.5000000000000001,0.6666666666666666,0.8,0.9,0.55,0.19999999999999996,91.89,Placed,A,F
0.4,0.4833333333333333,0.8,0.5000000000000001,0.30000000000000004,0.16666666666666663,73.69,Placed,B,F
0.1,0.9333333333333335,0.8,0.8,0.5,0.18333333333333324,77.59,Placed,B,F
0.7000000000000001,0.7999999999999999,0.6000000000000001,0.30000000000000004,0.7000000000000001,0.5333333333333333,100.0,Placed,A,C
0.5000000000000001,0.7833333333333333,0.6000000000000001,0.4,0.30000000000000004,0.35,77.19,Placed,B,D
0.1,0.1166666666666667,0.8,0.1,0.9500000000000001,0.8666666666666666,98.66,Placed,A,A
0.4,0.7999999999999999,0.40000000000000013,0.20000000000000004,0.8,0.1333333333333333,100.0,Placed,A,F
0.0,0.7666666666666667,0.8,0.0,0.2,0.7166666666666667,91.65,Placed,A,B
0.9,0.9166666666666666,1.0,0.30000000000000004,0.35000000000000003,0.09999999999999998,100.0,Placed,A,F
0.5000000000000001,0.0,1.0,0.1,0.45,0.2666666666666666,95.6,Placed,A,D
0.8,0.18333333333333335,0.6000000000000001,0.1,0.25,0.9999999999999999,100.0,Placed,A,A
0.0,0.06666666666666665,1.0,0.0,1.0,0.1499999999999999,76.12,Placed,B,F
1.0,0.3833333333333334,1.0,0.9,0.05,0.6166666666666666,96.59,Placed,A,B
1.0,0.08333333333333337,0.19999999999999996,0.1,0.2,0.9666666666666667,100.0,Placed,A,A
0.9,0.4,0.8,0.30000000000000004,0.45,0.6333333333333332,100.0,Placed,A,B
0.20000000000000004,0.0,0.8,0.5000000000000001,0.1,0.8333333333333334,75.73,Placed,B,A
0.6000000000000001,0.4,0.8,0.6000000000000001,0.6000000000000001,0.7499999999999999,98.68,Placed,A,A
0.30000000000000004,0.0,0.8,0.6000000000000001,0.75,0.3999999999999999,63.2,Not Placed,C,D
0.8,0.5166666666666667,0.0,0.6000000000000001,0.7000000000000001,0.43333333333333324,100.0,Placed,A,C
0.20000000000000004,0.6833333333333335,0.8,0.30000000000000004,0.05,0.4833333333333333,79.7,Placed,B,C
0.4,0.6833333333333335,0.6000000000000001,0.4,0.1,0.4833333333333333,63.65,Not Placed,C,C
0.20000000000000004,0.033333333333333326,0.6000000000000001,1.0,0.9500000000000001,0.6999999999999998,78.22,Placed,B,B
0.6000000000000001,0.7999999999999999,0.0,0.20000000000000004,0.8500000000000001,0.5499999999999999,100.0,Placed,A,C
0.4,0.30000000000000004,0.8,0.0,0.9500000000000001,0.5333333333333333,100.0,Placed,A,C
0.8,0.9833333333333333,0.40000000000000013,0.7000000000000001,0.9500000000000001,0.5166666666666667,100.0,Placed,A,C
0.6000000000000001,0.7000000000000001,0.8,0.9,0.7000000000000001,0.9499999999999998,100.0,Placed,A,A
0.1,0.4666666666666667,0.6000000000000001,1.0,0.2,0.6833333333333332,55.39,Not Placed,D,B
0.30000000000000004,0.8166666666666668,0.19999999999999996,0.6000000000000001,0.5,0.18333333333333324,90.41,Placed,A,F
0.8,0.01666666666666672,1.0,0.8,0.1,0.6666666666666666,86.67,Placed,A,B
0.1,0.13333333333333341,0.19999999999999996,0.9,0.4,0.3666666666666666,66.93,Not Placed,C,D
0.9,0.9166666666666666,0.40000000000000013,0.30000000000000004,0.30000000000000004,0.9499999999999998,100.0,Placed,A,A
0.8,0.2666666666666667,0.8,0.4,0.05,0.4666666666666667,100.0,Placed,A,C
0.9,0.9833333333333333,0.0,0.4,0.7000000000000001,0.6999999999999998,100.0,Placed,A,B
0.4,0.7500000000000001,0.8,0.6000000000000001,0.55,0.0,82.35,Placed,A,F
0.1,0.5833333333333334,0.40000000000000013,0.8,0.75,0.31666666666666665,65.43,Not Placed,C,D
0.30000000000000004,1.0,0.40000000000000013,0.7000000000000001,0.75,0.1499999999999999,100.0,Placed,A,F
0.6000000000000001,0.2666666666666667,1.0,0.6000000000000001,0.75,0.9999999999999999,100.0,Placed,A,A
0.7000000000000001,0.7999999999999999,0.40000000000000013,0.0,0.9,0.29999999999999993,100.0,Placed,A,D
0.20000000000000004,0.18333333333333335,0.19999999999999996,0.9,0.1,0.9666666666666667,81.7,Placed,A,A
0.0,0.9833333333333333,1.0,0.5000000000000001,0.9500000000000001,0.3666666666666666,100.0,Placed,A,D
0.30000000000000004,0.31666666666666665,0.8,0.9,0.15000000000000002,0.33333333333333326,80.04,Placed,A,D
0.1,0.8166666666666668,0.8,0.8,0.0,0.9333333333333332,69.17,Not Placed,C,A
0.7000000000000001,0.033333333333333326,0.0,0.6000000000000001,0.35000000000000003,0.6999999999999998,91.55,Placed,A,B
0.30000000000000004,0.7000000000000001,0.40000000000000013,0.0,0.7000000000000001,0.5666666666666665,100.0,Placed,A,C
0.1,0.9333333333333335,0.40000000000000013,0.8,1.0,0.9666666666666667,93.77,Placed,A,A
0.5000000000000001,0.8166666666666668,0.6000000000000001,0.20000000000000004,0.2,0.7833333333333333,100.0,Placed,A,A
0.5000000000000001,0.050000000000000044,1.0,0.8,0.9500000000000001,0.5166666666666667,94.47,Placed,A,C
0.9,0.2666666666666667,0.6000000000000001,0.30000000000000004,0.55,0.8833333333333332,100.0,Placed,A,A
0.30000000000000004,0.8166666666666668,1.0,0.8,0.9500000000000001,0.1499999999999999,87.79,Placed,A,F
0.5000000000000001,0.6,0.19999999999999996,0.7000000000000001,0.9500000000000001,0.016666666666666607,94.36,Placed,A,F
0.1,0.7500000000000001,1.0,0.6000000000000001,0.15000000000000002,0.8333333333333334,79.22,Placed,B,A
0.9,0.6833333333333335,0.8,0.30000000000000004,0.7000000000000001,0.5833333333333334,100.0,Placed,A,B
0.1,0.2333333333333334,0.0,0.8,0.25,0.7833333333333333,75.9,Placed,B,A
0.9,0.5333333333333333,1.0,0.30000000000000004,0.2,0.08333333333333326,97.31,Placed,A,F
0.30000000000000004,0.25,1.0,0.0,0.5,0.6999999999999998,79.43,Placed,B,B
0.7000000000000001,0.16666666666666674,1.0,0.5000000000000001,0.65,0.2666666666666666,90.85,Placed,A,D
0.6000000000000001,0.9,0.0,0.30000000000000004,0.5,0.23333333333333328,79.2,Placed,B,F
0.8,0.31666666666666665,0.40000000000000013,0.9,0.4,0.8833333333333332,94.64,Placed,A,A
0.7000000000000001,0.6166666666666666,0.0,0.20000000000000004,0.45,0.5833333333333334,100.0,Placed,A,B
0.4,0.3833333333333334,0.40000000000000013,0.4,0.25,0.3833333333333333,81.79,Placed,A,D
0.1,1.0,0.8,0.20000000000000004,0.5,0.9333333333333332,100.0,Placed,A,A
0.4,0.8833333333333334,0.0,1.0,0.4,0.65,78.06,Placed,B,B
0.7000000000000001,0.25,0.40000000000000013,0.8,0.2,0.9166666666666666,88.14,Placed,A,A
0.9,0.4833333333333333,0.8,0.5000000000000001,0.45,0.9999999999999999,100.0,Placed,A,A
0.8,0.5499999999999999,0.8,0.20000000000000004,0.9500000000000001,0.4666666666666667,100.0,Placed,A,C
0.8,0.0,0.40000000000000013,0.4,0.65,0.8166666666666665,100.0,Placed,A,A
0.0,0.3833333333333334,0.40000000000000013,0.7000000000000001,0.25,0.21666666666666667,58.42,Not Placed,D,F
0.8,0.3833333333333334,0.19999999999999996,0.7000000000000001,0.15000000000000002,0.9499999999999998,91.0,Placed,A,A
0.6000000000000001,0.13333333333333341,0.8,0.5000000000000001,1.0,0.016666666666666607,74.11,Placed,B,F
0.8,0.35,0.40000000000000013,0.4,0.45,0.7833333333333333,100.0,Placed,A,A
0.7000000000000001,0.18333333333333335,0.8,0.4,0.5,0.35,100.0,Placed,A,D
0.0,0.2666666666666667,0.0,0.0,0.75,0.7666666666666667,81.53,Placed,A,A
0.7000000000000001,0.4,0.6000000000000001,0.1,0.30000000000000004,0.8666666666666666,100.0,Placed,A,A
0.7000000000000001,0.45000000000000007,0.6000000000000001,1.0,0.8500000000000001,0.08333333333333326,100.0,Placed,A,F
1.0,1.0,1.0,0.30000000000000004,0.30000000000000004,0.1333333333333333,100.0,Placed,A,F
0.20000000000000004,0.2333333333333334,0.40000000000000013,0.5000000000000001,1.0,0.18333333333333324,52.47,Not Placed,D,F
0.0,0.4833333333333333,0.40000000000000013,1.0,0.7000000000000001,0.6833333333333332,54.6,Not Placed,D,B
0.7000000000000001,0.8333333333333334,0.8,0.6000000000000001,0.9,0.6333333333333332,100.0,Placed,A,B
0.20000000000000004,0.43333333333333346,1.0,0.0,0.8500000000000001,0.06666666666666665,95.63,Placed,A,F
0.20000000000000004,0.35,0.40000000000000013,0.7000000000000001,0.7000000000000001,0.9499999999999998,100.0,Placed,A,A
0.0,0.15000000000000002,0.8,0.0,0.8500000000000001,0.9,100.0,Placed,A,A
1.0,1.0,0.40000000000000013,0.8,0.1,0.65,100.0,Placed,A,B
0.4,0.9500000000000001,0.8,0.30000000000000004,0.0,0.9666666666666667,83.41,Placed,A,A
0.9,0.5000000000000001,0.40000000000000013,0.6000000000000001,0.0,0.7166666666666667,93.78,Placed,A,B
0.6000000000000001,0.43333333333333346,0.19999999999999996,1.0,0.30000000000000004,0.0,58.75,Not Placed,D,F
0.9,0.18333333333333335,0.8,0.5000000000000001,0.45,0.1499999999999999,96.83,Placed,A,F
0.8,0.7500000000000001,0.19999999999999996,0.8,0.55,0.16666666666666663,81.65,Placed,A,F
0.6000000000000001,0.5000000000000001,0.19999999999999996,0.1,0.35000000000000003,0.43333333333333324,91.93,Placed,A,C
0.8,0.5166666666666667,0.19999999999999996,1.0,0.8,0.3666666666666666,83.67,Placed,A,D
0.7000000000000001,0.5166666666666667,0.19999999999999996,0.6000000000000001,0.65,0.31666666666666665,92.53,Placed,A,D
0.1,0.6666666666666666,0.0,1.0,0.8,0.06666666666666665,80.98,Placed,A,F
0.0,0.9666666666666667,1.0,0.4,1.0,0.19999999999999996,87.38,Placed,A,F
0.6000000000000001,0.7333333333333333,0.6000000000000001,0.6000000000000001,0.25,0.8166666666666665,92.97,Placed,A,A
0.6000000000000001,0.5666666666666668,0.0,0.0,0.9500000000000001,0.1499999999999999,100.0,Placed,A,F
0.7000000000000001,0.8666666666666666,0.40000000000000013,1.0,0.8,0.8666666666666666,100.0,Placed,A,A
0.4,1.0,0.40000000000000013,1.0,0.9500000000000001,0.9333333333333332,100.0,Placed,A,A
0.20000000000000004,0.7500000000000001,1.0,0.9,0.35000000000000003,0.7999999999999999,79.25,Placed,B,A
0.7000000000000001,0.33333333333333337,0.6000000000000001,0.8,0.6000000000000001,0.8333333333333334,99.19,Placed,A,A
0.5000000000000001,0.15000000000000002,0.6000000000000001,0.0,0.75,0.5833333333333334,100.0,Placed,A,B
1.0,0.25,0.6000000000000001,0.4,0.55,0.6666666666666666,100.0,Placed,A,B
0.20000000000000004,0.09999999999999998,0.19999999999999996,0.7000000000000001,0.8,0.8166666666666665,76.5,Placed,B,A
0.0,0.050000000000000044,0.0,0.0,0.8500000000000001,0.25,67.23,Not Placed,C,D
0.20000000000000004,0.43333333333333346,0.40000000000000013,0.6000000000000001,0.35000000000000003,0.09999999999999998,42.95,Not Placed,F,F
0.4,0.85,0.0,0.1,0.8500000000000001,0.5166666666666667,100.0,Placed,A,C
0.20000000000000004,0.9,0.0,0.6000000000000001,0.5,0.3999999999999999,80.42,Placed,A,D
0.0,0.4,0.0,0.6000000000000001,0.6000000000000001,0.7166666666666667,80.7,Placed,A,B
0.4,0.5000000000000001,0.6000000000000001,0.8,0.55,0.41666666666666663,76.84,Placed,B,C
0.9,0.16666666666666674,1.0,0.5000000000000001,0.7000000000000001,0.5833333333333334,100.0,Placed,A,B
0.6000000000000001,0.7833333333333333,1.0,0.30000000000000004,0.1,0.8666666666666666,100.0,Placed,A,A
0.6000000000000001,0.31666666666666665,0.6000000000000001,0.6000000000000001,0.1,0.44999999999999984,61.18,Not Placed,C,C
1.0,0.5833333333333334,0.40000000000000013,0.6000000000000001,0.25,0.7166666666666667,96.23,Placed,A,B
0.8,0.8833333333333334,0.40000000000000013,0.30000000000000004,0.1,0.18333333333333324,97.52,Placed,A,F
0.9,0.8833333333333334,0.40000000000000013,0.1,0.4,0.41666666666666663,100.0,Placed,A,C
0.9,0.9,1.0,1.0,0.5,0.04999999999999993,100.0,Placed,A,F
0.20000000000000004,0.2666666666666667,1.0,0.8,0.35000000000000003,0.7166666666666667,68.4,Not Placed,C,B
0.6000000000000001,0.7333333333333333,0.0,0.7000000000000001,0.15000000000000002,0.3666666666666666,64.42,Not Placed,C,D
0.0,0.16666666666666674,0.6000000000000001,0.4,0.9500000000000001,0.65,89.89,Placed,A,B
0.30000000000000004,0.4833333333333333,0.19999999999999996,0.4,0.7000000000000001,0.3833333333333333,86.57,Placed,A,D
0.30000000000000004,0.5666666666666668,0.0,0.0,0.2,0.4999999999999999,57.59,Not Placed,D,C
0.4,0.6666666666666666,0.8,1.0,0.30000000000000004,0.4833333333333333,80.41,Placed,A,C
0.6000000000000001,0.6166666666666666,1.0,0.8,0.35000000000000003,0.033333333333333326,100.0,Placed,A,F
0.6000000000000001,0.35,0.0,1.0,0.30000000000000004,0.25,76.1,Placed,B,D
1.0,0.8666666666666666,0.6000000000000001,0.9,0.35000000000000003,0.5499999999999999,100.0,Placed,A,C
0.30000000000000004,0.7000000000000001,0.8,1.0,0.15000000000000002,0.6166666666666666,78.37,Placed,B,B
0.6000000000000001,0.7833333333333333,0.0,0.7000000000000001,0.0,0.44999999999999984,75.24,Placed,B,C
1.0,0.8333333333333334,0.6000000000000001,0.4,0.2,0.7999999999999999,100.0,Placed,A,A
0.20000000000000004,0.43333333333333346,0.6000000000000001,0.9,0.5,0.7166666666666667,68.74,Not Placed,C,B
0.5000000000000001,0.6,1.0,0.5000000000000001,0.15000000000000002,0.6666666666666666,100.0,Placed,A,B
0.1,0.7500000000000001,0.19999999999999996,0.9,0.05,0.7833333333333333,53.86,Not Placed,D,A
0.9,0.7999999999999999,0.0,1.0,0.8,0.09999999999999998,100.0,Placed,A,F
0.8,0.5666666666666668,0.6000000000000001,0.9,0.55,0.11666666666666659,99.95,Placed,A,F
0.4,0.050000000000000044,0.40000000000000013,0.7000000000000001,0.05,0.09999999999999998,64.74,Not Placed,C,F
0.5000000000000001,0.25,0.6000000000000001,0.5000000000000001,0.4,0.8666666666666666,100.0,Placed,A,A
0.30000000000000004,0.25,0.19999999999999996,0.9,0.25,0.6,51.16,Not Placed,D,B
1.0,0.33333333333333337,0.6000000000000001,0.30000000000000004,0.25,0.9,100.0,Placed,A,A
0.9,0.41666666666666663,1.0,0.20000000000000004,0.8500000000000001,0.09999999999999998,100.0,Placed,A,F
0.6000000000000001,0.9333333333333335,0.0,0.6000000000000001,0.1,0.8166666666666665,100.0,Placed,A,A
0.8,0.5833333333333334,1.0,0.1,0.7000000000000001,0.2833333333333333,100.0,Placed,A,D
0.6000000000000001,0.30000000000000004,0.0,0.6000000000000001,0.30000000000000004,0.7833333333333333,77.41,Placed,B,A
0.0,0.9500000000000001,0.8,0.0,0.6000000000000001,0.6333333333333332,80.46,Placed,A,B
0.0,0.2666666666666667,0.0,0.9,0.45,0.33333333333333326,52.3,Not Placed,D,D
0.8,0.7333333333333333,0.8,0.4,0.15000000000000002,0.5499999999999999,100.0,Placed,A,C
1.0,0.41666666666666663,1.0,0.8,0.75,0.7999999999999999,100.0,Placed,A,A
0.8,0.35,0.40000000000000013,0.0,0.4,0.9333333333333332,100.0,Placed,A,A
0.30000000000000004,0.9,0.19999999999999996,0.7000000000000001,1.0,0.43333333333333324,97.87,Placed,A,C
0.8,0.9500000000000001,0.40000000000000013,0.8,0.45,0.11666666666666659,95.55,Placed,A,F
0.20000000000000004,0.9166666666666666,0.8,0.8,0.9,0.5499999999999999,97.57,Placed,A,C
0.6000000000000001,0.45000000000000007,0.6000000000000001,0.7000000000000001,0.8,0.2833333333333333,78.95,Placed,B,D
0.5000000000000001,0.0,0.6000000000000001,0.30000000000000004,0.0,0.8333333333333334,69.63,Not Placed,C,A
0.7000000000000001,0.7166666666666667,0.40000000000000013,0.6000000000000001,0.6000000000000001,0.85,100.0,Placed,A,A
1.0,0.5833333333333334,0.6000000000000001,0.0,0.15000000000000002,0.6666666666666666,100.0,Placed,A,B
0.8,0.7000000000000001,0.8,0.6000000000000001,0.7000000000000001,0.18333333333333324,100.0,Placed,A,F
0.4,0.6,1.0,0.5000000000000001,0.45,0.35,100.0,Placed,A,D
0.0,0.01666666666666672,0.19999999999999996,0.4,0.9500000000000001,0.8333333333333334,93.55,Placed,A,A
0.20000000000000004,0.2666666666666667,0.0,0.0,0.4,0.65,69.9,Not Placed,C,B
0.9,0.65,0.8,0.7000000000000001,0.35000000000000003,0.35,100.0,Placed,A,D
0.7000000000000001,0.6166666666666666,0.8,0.9,0.9500000000000001,0.11666666666666659,100.0,Placed,A,F
1.0,0.33333333333333337,0.0,0.0,0.25,0.6833333333333332,100.0,Placed,A,B
0.5000000000000001,1.0,0.0,0.0,0.45,0.44999999999999984,98.75,Placed,A,C
0.7000000000000001,0.13333333333333341,0.19999999999999996,0.20000000000000004,0.9500000000000001,0.8166666666666665,100.0,Placed,A,A
0.8,0.20000000000000007,0.19999999999999996,0.7000000000000001,0.8,0.7666666666666667,100.0,Placed,A,A
0.30000000000000004,0.16666666666666674,0.19999999999999996,0.7000000000000001,0.2,0.9166666666666666,64.38,Not Placed,C,A
0.0,1.0,0.6000000000000001,0.6000000000000001,0.65,0.5166666666666667,83.93,Placed,A,C
0.0,0.25,0.8,0.4,0.8,0.16666666666666663,72.47,Placed,B,F
0.9,0.25,1.0,0.7000000000000001,0.5,0.33333333333333326,98.05,Placed,A,D
0.30000000000000004,0.9666666666666667,0.0,0.1,0.15000000000000002,0.41666666666666663,65.9,Not Placed,C,C
0.6000000000000001,0.01666666666666672,0.8,0.7000000000000001,0.8,0.21666666666666667,94.97,Placed,A,F
0.1,0.6833333333333335,0.8,1.0,0.05,0.23333333333333328,65.41,Not Placed,C,F
0.20000000000000004,0.7166666666666667,0.19999999999999996,0.1,1.0,0.21666666666666667,95.34,Placed,A,F
0.0,0.1166666666666667,0.19999999999999996,0.9,0.0,0.18333333333333324,26.89,Not Placed,F,F
0.4,0.7000000000000001,0.8,0.4,0.8500000000000001,0.5833333333333334,100.0,Placed,A,B
0.0,0.6833333333333335,0.19999999999999996,1.0,0.30000000000000004,0.033333333333333326,46.59,Not Placed,F,F
0.7000000000000001,0.20000000000000007,0.6000000000000001,0.30000000000000004,0.25,0.7166666666666667,93.02,Placed,A,B
0.0,0.9333333333333335,0.0,0.0,0.25,0.9333333333333332,54.25,Not Placed,D,A
1.0,0.2666666666666667,0.8,0.4,0.65,0.9499999999999998,100.0,Placed,A,A
0.0,0.6333333333333334,0.0,0.6000000000000001,0.55,0.09999999999999998,71.51,Placed,B,F
0.1,0.3833333333333334,0.6000000000000001,0.0,0.65,0.6333333333333332,100.0,Placed,A,B
0.1,0.033333333333333326,0.19999999999999996,0.1,0.65,0.8833333333333332,95.76,Placed,A,A
0.5000000000000001,0.4833333333333333,0.40000000000000013,0.8,0.55,0.9333333333333332,88.38,Placed,A,A
0.6000000000000001,0.85,0.6000000000000001,0.4,0.4,0.8333333333333334,100.0,Placed,A,A
0.4,0.20000000000000007,0.40000000000000013,0.6000000000000001,0.4,0.7499999999999999,79.31,Placed,B,A
0.0,0.30000000000000004,0.0,0.1,0.05,0.0,38.92,Not Placed,F,F
0.0,0.09999999999999998,0.8,0.6000000000000001,0.8500000000000001,0.6333333333333332,67.08,Not Placed,C,B
0.20000000000000004,0.13333333333333341,0.19999999999999996,0.6000000000000001,0.2,0.3999999999999999,62.79,Not Placed,C,D
0.1,0.30000000000000004,0.6000000000000001,0.6000000000000001,0.55,0.4999999999999999,60.81,Not Placed,C,C
0.4,0.7333333333333333,0.19999999999999996,0.4,0.65,0.35,68.09,Not Placed,C,D
0.9,0.8833333333333334,0.40000000000000013,0.8,0.6000000000000001,0.1499999999999999,100.0,Placed,A,F
0.5000000000000001,0.65,0.40000000000000013,0.1,0.1,0.2833333333333333,55.51,Not Placed,D,D
0.6000000000000001,0.35,1.0,0.30000000000000004,0.7000000000000001,0.19999999999999996,91.22,Placed,A,F
0.30000000000000004,0.2833333333333333,0.8,0.1,0.7000000000000001,0.11666666666666659,90.5,Placed,A,F
0.6000000000000001,1.0,0.40000000000000013,0.7000000000000001,0.1,0.1333333333333333,91.92,Placed,A,F
1.0,0.3666666666666666,0.8,1.0,0.9500000000000001,0.9499999999999998,100.0,Placed,A,A
0.7000000000000001,0.01666666666666672,1.0,0.0,0.9,0.23333333333333328,100.0,Placed,A,F
1.0,0.8166666666666668,0.6000000000000001,0.8,0.7000000000000001,0.11666666666666659,100.0,Placed,A,F
0.0,0.8166666666666668,1.0,0.4,0.9,0.9333333333333332,96.83,Placed,A,A
0.5000000000000001,0.16666666666666674,0.8,1.0,0.35000000000000003,0.5333333333333333,93.96,Placed,A,C
0.7000000000000001,0.5000000000000001,0.40000000000000013,0.20000000000000004,0.6000000000000001,0.5666666666666665,94.41,Placed,A,C
0.4,0.5333333333333333,0.0,1.0,0.45,0.29999999999999993,72.34,Placed,B,D
0.30000000000000004,0.21666666666666667,0.8,0.30000000000000004,0.05,0.4833333333333333,76.14,Placed,B,C
0.1,0.25,0.19999999999999996,0.0,0.5,0.1333333333333333,45.65,Not Placed,F,F
0.5000000000000001,0.16666666666666674,0.0,0.20000000000000004,0.9,0.29999999999999993,67.45,Not Placed,C,D
0.5000000000000001,0.5333333333333333,0.8,1.0,0.4,0.7666666666666667,98.71,Placed,A,A
1.0,0.09999999999999998,0.19999999999999996,0.7000000000000001,0.4,0.7499999999999999,87.65,Placed,A,A
0.0,0.5000000000000001,1.0,0.1,0.25,0.41666666666666663,75.2,Placed,B,C
0.8,1.0,0.0,0.1,0.45,0.0,90.34,Placed,A,F
1.0,0.7833333333333333,0.8,0.8,0.35000000000000003,0.033333333333333326,100.0,Placed,A,F
0.5000000000000001,0.7500000000000001,0.6000000000000001,0.4,0.7000000000000001,0.5499999999999999,100.0,Placed,A,C
0.20000000000000004,0.7666666666666667,1.0,0.4,0.25,0.3999999999999999,90.95,Placed,A,D
0.30000000000000004,0.21666666666666667,0.19999999999999996,0.0,0.30000000000000004,0.4833333333333333,79.73,Placed,B,C
1.0,0.45000000000000007,0.6000000000000001,0.5000000000000001,0.9500000000000001,0.0,100.0,Placed,A,F
0.30000000000000004,0.8666666666666666,0.40000000000000013,0.7000000000000001,0.8,0.9666666666666667,100.0,Placed,A,A
0.20000000000000004,0.7000000000000001,1.0,0.5000000000000001,0.15000000000000002,0.2833333333333333,62.93,Not Placed,C,D
0.9,0.25,1.0,0.6000000000000001,0.35000000000000003,0.5333333333333333,100.0,Placed,A,C
0.20000000000000004,0.30000000000000004,0.8,0.30000000000000004,0.6000000000000001,0.1333333333333333,84.9,Placed,A,F
0.20000000000000004,0.2666666666666667,0.8,0.1,0.65,0.09999999999999998,51.7,Not Placed,D,F
0.30000000000000004,0.9666666666666667,0.19999999999999996,0.0,0.8500000000000001,0.4833333333333333,100.0,Placed,A,C
0.6000000000000001,0.41666666666666663,1.0,0.5000000000000001,0.8,0.19999999999999996,99.44,Placed,A,F
0.30000000000000004,0.08333333333333337,0.8,0.8,0.8500000000000001,0.2666666666666666,84.89,Placed,A,D
0.8,0.7000000000000001,0.40000000000000013,0.9,0.65,0.19999999999999996,93.97,Placed,A,F
0.0,0.7999999999999999,0.8,0.4,0.5,0.19999999999999996,78.6,Placed,B,F
0.7000000000000001,0.13333333333333341,1.0,0.1,0.45,0.6833333333333332,100.0,Placed,A,B
0.6000000000000001,0.8166666666666668,0.0,0.0,0.6000000000000001,0.9833333333333333,100.0,Placed,A,A
0.1,0.2666666666666667,0.6000000000000001,0.20000000000000004,0.9500000000000001,0.6166666666666666,88.1,Placed,A,B
0.7000000000000001,0.5000000000000001,1.0,0.30000000000000004,0.75,0.6,100.0,Placed,A,B
0.0,0.18333333333333335,0.40000000000000013,0.6000000000000001,0.65,0.1499999999999999,74.71,Placed,B,F
1.0,0.3666666666666666,1.0,0.8,0.1,0.21666666666666667,88.24,Placed,A,F
0.8,0.8833333333333334,0.40000000000000013,0.7000000000000001,0.8500000000000001,0.6999999999999998,100.0,Placed,A,B
0.8,0.8833333333333334,1.0,0.8,0.25,0.06666666666666665,97.73,Placed,A,F
0.1,0.06666666666666665,0.6000000000000001,0.6000000000000001,0.9500000000000001,0.5833333333333334,80.29,Placed,A,B
0.6000000000000001,0.7000000000000001,0.6000000000000001,0.9,0.1,0.5666666666666665,93.23,Placed,A,C
0.9,0.5833333333333334,0.40000000000000013,0.7000000000000001,0.9,0.7499999999999999,100.0,Placed,A,A
0.20000000000000004,0.9666666666666667,1.0,0.7000000000000001,0.1,0.7333333333333333,70.79,Placed,B,B
0.6000000000000001,0.5833333333333334,0.6000000000000001,0.0,0.55,0.9166666666666666,100.0,Placed,A,A
0.9,0.033333333333333326,0.19999999999999996,0.8,0.35000000000000003,0.3666666666666666,80.37,Placed,A,D
0.8,0.9500000000000001,1.0,0.1,0.2,0.06666666666666665,93.24,Placed,A,F
0.30000000000000004,0.3833333333333334,0.6000000000000001,1.0,0.8,0.7166666666666667,84.06,Placed,A,B
0.0,0.9,0.0,0.6000000000000001,0.45,0.9333333333333332,95.8,Placed,A,A
0.1,0.9333333333333335,0.0,0.9,1.0,0.44999999999999984,100.0,Placed,A,C
0.0,0.2666666666666667,0.19999999999999996,0.9,0.8,0.3666666666666666,57.7,Not Placed,D,D
0.4,0.6333333333333334,0.6000000000000001,0.4,0.4,0.6833333333333332,91.85,Placed,A,B
0.4,0.41666666666666663,0.0,0.30000000000000004,0.6000000000000001,0.5499999999999999,91.12,Placed,A,C
1.0,0.050000000000000044,1.0,0.0,0.45,0.4999999999999999,94.57,Placed,A,C
0.6000000000000001,0.9,0.8,0.0,0.35000000000000003,0.09999999999999998,92.79,Placed,A,F
0.8,0.7333333333333333,0.6000000000000001,0.20000000000000004,0.30000000000000004,0.09999999999999998,100.0,Placed,A,F
0.8,0.18333333333333335,0.19999999999999996,0.0,0.05,0.04999999999999993,73.55,Placed,B,F
0.20000000000000004,0.0,0.6000000000000001,0.7000000000000001,0.05,0.7166666666666667,73.74,Placed,B,B
0.20000000000000004,0.33333333333333337,0.40000000000000013,0.20000000000000004,0.15000000000000002,0.5166666666666667,68.62,Not Placed,C,C
0.20000000000000004,0.30000000000000004,0.40000000000000013,1.0,0.4,0.44999999999999984,43.72,Not Placed,F,C
0.30000000000000004,0.33333333333333337,0.0,0.9,0.65,0.9166666666666666,95.42,Placed,A,A
0.7000000000000001,0.85,0.40000000000000013,0.1,0.5,0.04999999999999993,95.62,Placed,A,F
0.5000000000000001,0.2833333333333333,0.19999999999999996,0.5000000000000001,1.0,0.6333333333333332,100.0,Placed,A,B
0.7000000000000001,0.7000000000000001,0.0,0.30000000000000004,0.30000000000000004,0.85,100.0,Placed,A,A
0.0,0.85,0.19999999999999996,1.0,0.9,0.7333333333333333,86.76,Placed,A,B
0.7000000000000001,0.033333333333333326,1.0,1.0,0.15000000000000002,0.11666666666666659,75.41,Placed,B,F
0.30000000000000004,1.0,0.19999999999999996,0.30000000000000004,0.05,0.21666666666666667,75.7,Placed,B,F
1.0,0.7999999999999999,0.40000000000000013,0.1,1.0,0.4833333333333333,100.0,Placed,A,C
0.0,0.7166666666666667,1.0,0.1,0.9,0.033333333333333326,96.91,Placed,A,F
0.7000000000000001,0.5166666666666667,0.40000000000000013,1.0,1.0,0.016666666666666607,96.17,Placed,A,F
0.30000000000000004,0.15000000000000002,0.19999999999999996,0.5000000000000001,0.8500000000000001,0.1499999999999999,76.87,Placed,B,F
0.5000000000000001,0.65,0.40000000000000013,0.4,1.0,0.08333333333333326,100.0,Placed,A,F
0.7000000000000001,0.2333333333333334,0.40000000000000013,0.8,0.30000000000000004,0.9,100.0,Placed,A,A
0.30000000000000004,0.06666666666666665,0.40000000000000013,0.30000000000000004,0.5,0.09999999999999998,78.35,Placed,B,F
0.20000000000000004,0.050000000000000044,0.6000000000000001,0.4,0.45,0.25,73.06,Placed,B,D
0.8,0.9500000000000001,1.0,0.0,0.5,0.08333333333333326,95.44,Placed,A,F
0.20000000000000004,0.45000000000000007,1.0,0.1,0.4,0.25,78.99,Placed,B,D
0.8,0.8666666666666666,1.0,0.20000000000000004,0.1,0.43333333333333324,96.04,Placed,A,C
0.1,0.85,0.19999999999999996,0.4,0.2,0.9166666666666666,83.09,Placed,A,A
0.1,0.8333333333333334,0.8,0.4,0.0,0.18333333333333324,61.41,Not Placed,C,F
0.1,0.8666666666666666,0.19999999999999996,0.30000000000000004,0.0,0.35,83.56,Placed,A,D
0.5000000000000001,0.050000000000000044,1.0,0.9,0.9500000000000001,0.23333333333333328,77.37,Placed,B,F
0.20000000000000004,0.2333333333333334,0.0,0.20000000000000004,0.2,0.35,61.1,Not Placed,C,D
0.8,0.2666666666666667,0.40000000000000013,0.8,0.9,0.5666666666666665,100.0,Placed,A,C
0.30000000000000004,0.7166666666666667,0.40000000000000013,0.0,0.25,0.9833333333333333,92.14,Placed,A,A
0.0,0.033333333333333326,0.8,0.5000000000000001,0.1,0.7833333333333333,60.97,Not Placed,C,A
0.30000000000000004,0.15000000000000002,0.0,0.6000000000000001,1.0,0.8166666666666665,100.0,Placed,A,A
0.0,0.7666666666666667,0.6000000000000001,0.9,0.6000000000000001,0.23333333333333328,73.02,Placed,B,F
0.4,0.6833333333333335,0.19999999999999996,0.30000000000000004,0.8,0.3666666666666666,100.0,Placed,A,D
0.30000000000000004,0.9166666666666666,0.6000000000000001,0.9,0.1,0.6166666666666666,73.6,Placed,B,B
0.7000000000000001,0.3666666666666666,0.0,0.20000000000000004,0.1,0.7999999999999999,98.92,Placed,A,A
0.7000000000000001,0.2833333333333333,0.8,0.7000000000000001,1.0,0.016666666666666607,91.79,Placed,A,F
0.6000000000000001,0.0,0.0,0.8,0.6000000000000001,0.016666666666666607,60.88,Not Placed,C,F
0.20000000000000004,0.5666666666666668,0.8,0.0,0.05,0.7999999999999999,65.89,Not Placed,C,A
0.0,0.8666666666666666,0.6000000000000001,1.0,0.1,0.29999999999999993,45.94,Not Placed,F,D
0.0,0.9500000000000001,0.6000000000000001,0.9,0.9500000000000001,0.06666666666666665,79.76,Placed,B,F
1.0,0.5000000000000001,0.0,0.8,0.75,0.04999999999999993,100.0,Placed,A,F
0.20000000000000004,0.9666666666666667,0.0,0.6000000000000001,1.0,0.44999999999999984,94.64,Placed,A,C
0.5000000000000001,0.7166666666666667,0.40000000000000013,0.0,0.55,0.2833333333333333,99.32,Placed,A,D
0.6000000000000001,0.0,0.8,0.6000000000000001,0.4,0.65,100.0,Placed,A,B
0.5000000000000001,0.033333333333333326,0.40000000000000013,0.4,0.75,0.6666666666666666,91.86,Placed,A,B
0.5000000000000001,0.033333333333333326,0.19999999999999996,0.9,0.15000000000000002,0.9166666666666666,65.34,Not Placed,C,A
0.5000000000000001,0.6,0.19999999999999996,0.6000000000000001,0.9500000000000001,0.9,100.0,Placed,A,A
0.20000000000000004,0.30000000000000004,0.0,0.8,0.8500000000000001,0.9499999999999998,100.0,Placed,A,A
0.5000000000000001,0.4666666666666667,0.6000000000000001,0.7000000000000001,0.0,0.8166666666666665,83.85,Placed,A,A
0.7000000000000001,0.4,0.19999999999999996,0.5000000000000001,0.30000000000000004,0.4999999999999999,90.45,Placed,A,C
1.0,0.5333333333333333,0.19999999999999996,0.1,0.9500000000000001,0.35,100.0,Placed,A,D
1.0,0.5833333333333334,0.40000000000000013,0.7000000000000001,0.55,0.16666666666666663,100.0,Placed,A,F
0.1,1.0,0.40000000000000013,0.30000000000000004,0.35000000000000003,0.7833333333333333,100.0,Placed,A,A
0.4,0.4666666666666667,0.19999999999999996,0.7000000000000001,0.35000000000000003,0.25,73.03,Placed,B,D
0.0,0.9500000000000001,0.0,0.6000000000000001,0.4,0.04999999999999993,69.08,Not Placed,C,F
0.0,0.41666666666666663,0.40000000000000013,0.30000000000000004,0.65,0.33333333333333326,65.75,Not Placed,C,D
0.4,0.050000000000000044,0.19999999999999996,0.7000000000000001,0.9500000000000001,0.6666666666666666,100.0,Placed,A,B
0.20000000000000004,0.7999999999999999,0.6000000000000001,1.0,0.2,0.7333333333333333,82.56,Placed,A,B
0.30000000000000004,0.21666666666666667,0.40000000000000013,1.0,0.9500000000000001,0.3999999999999999,70.5,Placed,B,D
0.20000000000000004,0.8166666666666668,0.19999999999999996,1.0,1.0,0.31666666666666665,91.62,Placed,A,D
0.0,0.43333333333333346,0.8,0.1,0.05,0.11666666666666659,60.17,Not Placed,C,F
0.0,0.5333333333333333,0.40000000000000013,0.8,1.0,0.6999999999999998,89.42,Placed,A,B
0.4,0.35,0.8,0.5000000000000001,0.45,0.8666666666666666,100.0,Placed,A,A
0.5000000000000001,0.7833333333333333,0.40000000000000013,0.6000000000000001,0.4,0.1333333333333333,82.43,Placed,A,F
0.20000000000000004,0.033333333333333326,0.40000000000000013,0.9,0.30000000000000004,0.2833333333333333,52.57,Not Placed,D,D
0.8,0.3666666666666666,1.0,0.0,0.8500000000000001,0.4999999999999999,100.0,Placed,A,C
0.4,0.33333333333333337,1.0,0.20000000000000004,0.55,0.85,99.8,Placed,A,A
0.7000000000000001,0.6666666666666666,0.8,0.9,0.5,0.5666666666666665,96.12,Placed,A,C
0.0,0.3666666666666666,0.0,0.4,0.45,0.9,84.8,Placed,A,A
0.4,0.050000000000000044,0.19999999999999996,0.6000000000000001,0.6000000000000001,0.4833333333333333,72.37,Placed,B,C
0.20000000000000004,0.33333333333333337,0.0,0.0,0.4,0.2833333333333333,67.99,Not Placed,C,D
0.0,0.6,0.0,0.8,0.75,0.29999999999999993,62.9,Not Placed,C,D
0.30000000000000004,0.7000000000000001,1.0,0.4,1.0,0.6666666666666666,100.0,Placed,A,B
0.4,0.5000000000000001,0.19999999999999996,0.20000000000000004,0.8,0.3833333333333333,100.0,Placed,A,D
0.6000000000000001,0.33333333333333337,1.0,0.6000000000000001,0.2,0.8166666666666665,80.79,Placed,A,A
0.0,0.41666666666666663,1.0,0.9,0.25,0.35,63.37,Not Placed,C,D
0.20000000000000004,0.6666666666666666,1.0,0.7000000000000001,0.45,0.7833333333333333,89.39,Placed,A,A
0.1,0.9500000000000001,0.6000000000000001,0.9,0.5,0.21666666666666667,78.09,Placed,B,F
0.8,0.5666666666666668,0.0,0.9,0.05,0.29999999999999993,75.2,Placed,B,D
0.9,0.6166666666666666,0.0,0.20000000000000004,0.30000000000000004,0.9833333333333333,100.0,Placed,A,A
0.5000000000000001,0.3833333333333334,0.0,0.6000000000000001,0.65,0.4666666666666667,90.03,Placed,A,C
0.9,0.16666666666666674,0.6000000000000001,0.6000000000000001,0.15000000000000002,0.35,93.39,Placed,A,D
0.20000000000000004,0.6666666666666666,0.40000000000000013,0.30000000000000004,0.2,0.4833333333333333,92.24,Placed,A,C
0.7000000000000001,0.4666666666666667,0.8,0.9,0.9,0.23333333333333328,84.33,Placed,A,F
0.7000000000000001,0.7666666666666667,0.8,0.8,1.0,0.33333333333333326,100.0,Placed,A,D
0.1,0.9,0.6000000000000001,0.0,0.9500000000000001,0.41666666666666663,91.56,Placed,A,C
0.5000000000000001,0.9833333333333333,0.0,0.0,0.45,0.5833333333333334,94.75,Placed,A,B
0.6000000000000001,0.033333333333333326,0.8,0.4,0.25,0.18333333333333324,66.98,Not Placed,C,F
0.1,0.0,0.6000000000000001,0.20000000000000004,0.05,0.09999999999999998,45.38,Not Placed,F,F
1.0,0.85,1.0,0.9,0.1,0.16666666666666663,100.0,Placed,A,F
0.9,1.0,0.19999999999999996,0.8,0.7000000000000001,0.9499999999999998,100.0,Placed,A,A
0.1,0.8833333333333334,0.8,0.4,0.45,0.6333333333333332,92.06,Placed,A,B
0.9,0.30000000000000004,0.19999999999999996,0.6000000000000001,0.8,0.31666666666666665,100.0,Placed,A,D
0.0,0.7500000000000001,0.0,0.0,0.30000000000000004,0.5666666666666665,64.38,Not Placed,C,C
0.7000000000000001,0.7999999999999999,0.8,0.1,0.05,0.04999999999999993,80.72,Placed,A,F
0.0,0.35,0.6000000000000001,1.0,0.30000000000000004,0.016666666666666607,46.5,Not Placed,F,F
0.8,0.21666666666666667,0.40000000000000013,0.30000000000000004,0.7000000000000001,0.31666666666666665,83.68,Placed,A,D
1.0,0.7999999999999999,0.8,0.8,0.1,0.7666666666666667,100.0,Placed,A,A
0.5000000000000001,0.9333333333333335,0.8,0.4,0.2,0.31666666666666665,90.46,Placed,A,D
0.6000000000000001,0.9666666666666667,0.8,0.4,0.35000000000000003,0.18333333333333324,100.0,Placed,A,F
0.9,0.21666666666666667,0.8,0.8,0.15000000000000002,0.8666666666666666,98.45,Placed,A,A
0.6000000000000001,0.7166666666666667,0.6000000000000001,0.7000000000000001,0.8500000000000001,0.2666666666666666,100.0,Placed,A,D
0.9,0.25,0.6000000000000001,0.1,0.9,0.2833333333333333,100.0,Placed,A,D
0.20000000000000004,0.5333333333333333,0.40000000000000013,0.6000000000000001,0.35000000000000003,0.65,82.88,Placed,A,B
0.1,0.20000000000000007,0.6000000000000001,0.0,0.25,0.3833333333333333,80.07,Placed,A,D
0.8,0.6166666666666666,0.6000000000000001,0.9,0.2,0.11666666666666659,61.88,Not Placed,C,F
0.7000000000000001,0.7999999999999999,0.0,1.0,0.2,0.6,94.26,Placed,A,B
0.9,0.18333333333333335,0.0,1.0,0.8,0.9166666666666666,100.0,Placed,A,A
0.6000000000000001,0.9,0.19999999999999996,0.8,0.25,0.6666666666666666,81.85,Placed,A,B
0.8,0.8333333333333334,0.40000000000000013,0.20000000000000004,0.6000000000000001,0.4833333333333333,100.0,Placed,A,C
0.30000000000000004,0.6166666666666666,0.0,0.1,0.4,0.31666666666666665,79.28,Placed,B,D
0.30000000000000004,0.6333333333333334,0.40000000000000013,0.30000000000000004,0.55,0.85,100.0,Placed,A,A
0.0,0.5333333333333333,0.40000000000000013,0.30000000000000004,0.45,0.3666666666666666,62.84,Not Placed,C,D
0.7000000000000001,0.5333333333333333,0.8,0.20000000000000004,0.0,0.6,81.82,Placed,A,B
0.20000000000000004,0.4666666666666667,1.0,0.1,0.5,0.9666666666666667,100.0,Placed,A,A
0.6000000000000001,0.06666666666666665,1.0,0.4,0.25,0.1499999999999999,78.99,Placed,B,F
0.1,0.08333333333333337,1.0,0.30000000000000004,0.1,0.5333333333333333,70.51,Placed,B,C
0.1,0.5000000000000001,0.40000000000000013,0.4,0.25,0.3833333333333333,72.57,Placed,B,D
0.6000000000000001,0.25,0.8,0.7000000000000001,0.4,0.5833333333333334,100.0,Placed,A,B
0.5000000000000001,0.5000000000000001,0.19999999999999996,1.0,0.35000000000000003,0.9166666666666666,95.04,Placed,A,A
0.20000000000000004,0.4,0.19999999999999996,0.1,0.7000000000000001,0.25,63.48,Not Placed,C,D
0.8,0.7833333333333333,1.0,0.8,0.25,0.8166666666666665,100.0,Placed,A,A
0.9,0.7500000000000001,0.19999999999999996,0.9,0.5,0.44999999999999984,100.0,Placed,A,C
0.5000000000000001,0.5333333333333333,0.8,0.0,0.45,0.18333333333333324,100.0,Placed,A,F
0.9,0.20000000000000007,1.0,0.7000000000000001,0.5,0.31666666666666665,100.0,Placed,A,D
0.9,0.85,0.8,0.4,0.15000000000000002,0.7666666666666667,100.0,Placed,A,A
0.5000000000000001,0.15000000000000002,0.19999999999999996,0.1,0.6000000000000001,0.2833333333333333,71.63,Placed,B,D
0.0,0.3833333333333334,1.0,0.7000000000000001,0.35000000000000003,0.6,54.4,Not Placed,D,B
0.30000000000000004,0.15000000000000002,0.8,0.4,0.9500000000000001,0.9499999999999998,100.0,Placed,A,A
0.9,0.6666666666666666,0.6000000000000001,0.9,0.7000000000000001,0.41666666666666663,100.0,Placed,A,C
0.5000000000000001,0.5000000000000001,0.6000000000000001,0.9,0.30000000000000004,0.7499999999999999,82.52,Placed,A,A
0.5000000000000001,0.20000000000000007,0.8,0.20000000000000004,0.0,0.9166666666666666,95.68,Placed,A,A
1.0,0.033333333333333326,0.8,0.6000000000000001,0.4,0.9666666666666667,88.26,Placed,A,A
0.4,0.9666666666666667,0.0,0.30000000000000004,0.35000000000000003,0.09999999999999998,74.86,Placed,B,F
0.0,0.8166666666666668,0.0,1.0,0.05,0.6999999999999998,34.97,Not Placed,F,B
0.7000000000000001,0.85,0.40000000000000013,1.0,0.65,0.7666666666666667,100.0,Placed,A,A
0.4,0.5499999999999999,1.0,0.9,0.55,0.33333333333333326,82.93,Placed,A,D
0.4,0.7999999999999999,0.40000000000000013,0.5000000000000001,0.8,0.6999999999999998,100.0,Placed,A,B
0.6000000000000001,0.45000000000000007,0.40000000000000013,0.9,0.9,0.5166666666666667,89.28,Placed,A,C
0.30000000000000004,0.30000000000000004,0.19999999999999996,0.7000000000000001,0.25,0.09999999999999998,56.33,Not Placed,D,F
0.5000000000000001,0.3666666666666666,0.6000000000000001,0.0,1.0,0.8666666666666666,100.0,Placed,A,A
0.30000000000000004,0.7333333333333333,0.19999999999999996,0.1,0.2,0.3666666666666666,76.38,Placed,B,D
0.20000000000000004,0.5166666666666667,1.0,0.7000000000000001,0.25,0.31666666666666665,66.92,Not Placed,C,D
0.6000000000000001,0.20000000000000007,0.8,0.6000000000000001,0.1,0.31666666666666665,73.27,Placed,B,D
0.7000000000000001,0.5333333333333333,0.0,0.9,0.75,0.5166666666666667,91.98,Placed,A,C
0.30000000000000004,0.5499999999999999,1.0,0.8,0.8500000000000001,0.41666666666666663,98.3,Placed,A,C
0.1,0.5333333333333333,0.8,0.1,0.65,0.5833333333333334,100.0,Placed,A,B
0.9,0.9166666666666666,1.0,0.7000000000000001,0.7000000000000001,0.9666666666666667,100.0,Placed,A,A
0.20000000000000004,0.06666666666666665,0.8,0.5000000000000001,0.15000000000000002,0.3833333333333333,81.78,Placed,A,D
0.0,0.9166666666666666,0.0,0.0,0.5,0.0,69.09,Not Placed,C,F
0.7000000000000001,0.033333333333333326,0.8,0.30000000000000004,0.2,0.9499999999999998,100.0,Placed,A,A
0.20000000000000004,1.0,0.40000000000000013,0.1,0.4,0.8666666666666666,90.8,Placed,A,A
0.9,0.9833333333333333,1.0,0.6000000000000001,0.2,0.44999999999999984,100.0,Placed,A,C
0.6000000000000001,0.09999999999999998,0.0,0.8,0.30000000000000004,0.41666666666666663,68.9,Not Placed,C,C
0.9,0.3833333333333334,0.8,0.5000000000000001,0.8500000000000001,0.5499999999999999,100.0,Placed,A,C
0.4,0.35,0.40000000000000013,0.30000000000000004,0.8500000000000001,0.41666666666666663,87.32,Placed,A,C
0.9,0.7333333333333333,0.40000000000000013,0.4,0.9500000000000001,0.5833333333333334,100.0,Placed,A,B
0.4,1.0,0.6000000000000001,1.0,0.05,0.06666666666666665,80.74,Placed,A,F
0.6000000000000001,0.3666666666666666,0.40000000000000013,0.0,0.6000000000000001,0.9166666666666666,100.0,Placed,A,A
0.8,0.4833333333333333,0.19999999999999996,0.30000000000000004,0.6000000000000001,0.016666666666666607,97.66,Placed,A,F
0.4,0.9833333333333333,0.0,0.9,0.8,0.5166666666666667,87.52,Placed,A,C
0.0,0.2833333333333333,0.0,0.20000000000000004,0.8,0.5499999999999999,81.56,Placed,A,C
0.9,0.5166666666666667,0.0,0.8,0.25,0.8166666666666665,93.27,Placed,A,A
0.9,0.9166666666666666,0.8,0.5000000000000001,0.65,0.4833333333333333,100.0,Placed,A,C
0.0,0.8666666666666666,1.0,0.30000000000000004,1.0,0.3833333333333333,89.01,Placed,A,D
0.1,0.09999999999999998,0.8,0.20000000000000004,0.65,0.44999999999999984,77.3,Placed,B,C
0.5000000000000001,0.5333333333333333,0.19999999999999996,0.30000000000000004,0.55,0.7499999999999999,93.9,Placed,A,A
0.8,0.06666666666666665,1.0,0.7000000000000001,0.2,0.033333333333333326,81.28,Placed,A,F
0.7000000000000001,0.7999999999999999,0.40000000000000013,0.4,0.2,0.8666666666666666,100.0,Placed,A,A
0.4,0.45000000000000007,0.8,1.0,0.15000000000000002,0.8166666666666665,83.78,Placed,A,A
0.0,1.0,1.0,0.0,0.6000000000000001,0.8833333333333332,100.0,Placed,A,A
0.6000000000000001,0.1166666666666667,0.40000000000000013,0.4,0.15000000000000002,0.1499999999999999,69.72,Not Placed,C,F
0.4,0.2333333333333334,1.0,0.7000000000000001,0.8500000000000001,0.08333333333333326,76.29,Placed,B,F
0.5000000000000001,0.85,0.40000000000000013,1.0,0.75,0.5499999999999999,100.0,Placed,A,C
0.6000000000000001,0.050000000000000044,1.0,0.30000000000000004,0.8500000000000001,0.4999999999999999,89.29,Placed,A,C
0.20000000000000004,0.5499999999999999,0.8,0.1,0.05,0.85,100.0,Placed,A,A
0.9,0.06666666666666665,0.8,0.20000000000000004,0.15000000000000002,0.6999999999999998,100.0,Placed,A,B
0.20000000000000004,0.5333333333333333,0.19999999999999996,1.0,0.9500000000000001,0.8166666666666665,76.87,Placed,B,A
0.4,0.9333333333333335,0.6000000000000001,0.8,0.8,0.7499999999999999,100.0,Placed,A,A
0.5000000000000001,0.06666666666666665,0.0,0.6000000000000001,0.9500000000000001,0.9499999999999998,100.0,Placed,A,A
0.8,0.6166666666666666,0.8,0.20000000000000004,0.25,0.85,100.0,Placed,A,A
0.4,0.5499999999999999,0.8,0.4,0.8500000000000001,0.19999999999999996,82.71,Placed,A,F
0.0,0.9500000000000001,0.40000000000000013,0.20000000000000004,0.9500000000000001,0.9999999999999999,94.52,Placed,A,A
0.30000000000000004,0.41666666666666663,0.6000000000000001,0.9,0.30000000000000004,0.9666666666666667,87.15,Placed,A,A
0.4,0.0,0.8,0.30000000000000004,0.6000000000000001,0.6333333333333332,92.33,Placed,A,B
0.9,0.050000000000000044,1.0,0.7000000000000001,0.4,0.8666666666666666,100.0,Placed,A,A
0.9,0.6333333333333334,0.6000000000000001,0.20000000000000004,0.05,0.9499999999999998,100.0,Placed,A,A
0.4,0.8833333333333334,0.0,0.20000000000000004,0.35000000000000003,0.31666666666666665,73.6,Placed,B,D
0.6000000000000001,0.41666666666666663,1.0,1.0,0.65,0.5166666666666667,100.0,Placed,A,C
0.30000000000000004,0.5333333333333333,0.40000000000000013,1.0,0.8500000000000001,0.1499999999999999,79.04,Placed,B,F
0.0,0.5333333333333333,0.19999999999999996,0.7000000000000001,0.0,0.41666666666666663,42.55,Not Placed,F,C
0.4,0.1166666666666667,1.0,0.9,0.4,0.29999999999999993,80.36,Placed,A,D
0.6000000000000001,0.31666666666666665,0.0,0.9,0.4,0.4666666666666667,58.39,Not Placed,D,C
0.9,0.25,1.0,0.6000000000000001,0.05,0.9999999999999999,100.0,Placed,A,A
0.9,0.33333333333333337,0.6000000000000001,0.6000000000000001,0.75,0.19999999999999996,98.58,Placed,A,F
0.5000000000000001,0.7333333333333333,0.6000000000000001,0.9,0.15000000000000002,0.8833333333333332,85.88,Placed,A,A
0.4,0.9,0.0,0.1,0.6000000000000001,0.5499999999999999,100.0,Placed,A,C
0.30000000000000004,0.9166666666666666,0.6000000000000001,0.6000000000000001,0.8,0.31666666666666665,99.99,Placed,A,D
0.1,0.41666666666666663,1.0,0.9,0.5,0.7166666666666667,68.42,Not Placed,C,B
0.30000000000000004,0.3666666666666666,0.19999999999999996,1.0,0.05,0.65,63.01,Not Placed,C,B
0.9,0.2833333333333333,1.0,0.9,0.15000000000000002,0.2833333333333333,89.57,Placed,A,D
0.9,0.5000000000000001,0.19999999999999996,0.20000000000000004,0.55,0.9333333333333332,100.0,Placed,A,A
0.20000000000000004,0.85,0.6000000000000001,0.6000000000000001,0.05,0.5499999999999999,64.0,Not Placed,C,C
0.9,0.6833333333333335,1.0,0.30000000000000004,0.0,0.7833333333333333,100.0,Placed,A,A
0.0,0.18333333333333335,0.6000000000000001,0.7000000000000001,0.25,0.11666666666666659,55.01,Not Placed,D,F
0.7000000000000001,0.0,0.19999999999999996,0.7000000000000001,0.75,0.25,91.44,Placed,A,D
0.4,0.6833333333333335,0.6000000000000001,0.5000000000000001,0.05,0.65,75.07,Placed,B,B
0.30000000000000004,0.13333333333333341,0.8,0.20000000000000004,0.65,0.3666666666666666,83.52,Placed,A,D
0.7000000000000001,0.033333333333333326,0.40000000000000013,0.5000000000000001,0.9500000000000001,0.5166666666666667,82.22,Placed,A,C
0.6000000000000001,0.9833333333333333,1.0,0.5000000000000001,0.55,0.19999999999999996,100.0,Placed,A,F
0.1,0.8333333333333334,0.8,0.20000000000000004,0.9,0.41666666666666663,92.38,Placed,A,C
0.0,0.41666666666666663,0.6000000000000001,1.0,0.1,0.6166666666666666,50.9,Not Placed,D,B
1.0,0.13333333333333341,0.6000000000000001,0.30000000000000004,0.9,0.0,95.45,Placed,A,F
0.30000000000000004,0.6833333333333335,0.40000000000000013,0.1,0.5,0.016666666666666607,87.91,Placed,A,F
0.7000000000000001,0.8333333333333334,0.6000000000000001,0.0,0.15000000000000002,0.6333333333333332,100.0,Placed,A,B
0.1,0.25,0.40000000000000013,0.1,0.8,0.19999999999999996,71.2,Placed,B,F
0.20000000000000004,0.3833333333333334,1.0,0.6000000000000001,0.8,0.43333333333333324,77.52,Placed,B,C
0.0,0.8166666666666668,0.19999999999999996,0.9,0.30000000000000004,0.04999999999999993,53.1,Not Placed,D,F
0.0,0.21666666666666667,0.40000000000000013,0.4,0.2,0.6666666666666666,58.61,Not Placed,D,B
0.20000000000000004,1.0,0.40000000000000013,0.8,0.9,0.8333333333333334,100.0,Placed,A,A
1.0,0.033333333333333326,0.8,0.20000000000000004,1.0,0.31666666666666665,100.0,Placed,A,D
0.4,0.5499999999999999,0.6000000000000001,0.1,0.9,0.033333333333333326,93.27,Placed,A,F
0.20000000000000004,0.5333333333333333,1.0,0.30000000000000004,0.4,0.3666666666666666,88.3,Placed,A,D
0.0,0.8166666666666668,0.19999999999999996,0.1,0.8,0.016666666666666607,60.94,Not Placed,C,F
0.0,0.3833333333333334,0.0,1.0,0.4,0.25,46.59,Not Placed,F,D
0.7000000000000001,0.13333333333333341,0.40000000000000013,0.6000000000000001,0.65,0.1499999999999999,89.02,Placed,A,F
0.9,0.20000000000000007,0.0,0.9,0.2,0.44999999999999984,78.12,Placed,B,C
1.0,0.01666666666666672,0.6000000000000001,0.5000000000000001,0.05,0.7166666666666667,98.61,Placed,A,B
0.1,0.09999999999999998,0.40000000000000013,0.7000000000000001,0.7000000000000001,0.2833333333333333,68.22,Not Placed,C,D
0.20000000000000004,0.7833333333333333,0.0,0.4,0.75,0.016666666666666607,85.79,Placed,A,F
0.1,0.33333333333333337,0.8,0.1,0.9,0.21666666666666667,83.06,Placed,A,F
0.20000000000000004,0.30000000000000004,0.0,0.30000000000000004,0.0,0.7166666666666667,43.47,Not Placed,F,B
0.6000000000000001,0.4,0.8,0.0,0.55,0.31666666666666665,84.62,Placed,A,D
0.0,0.7666666666666667,0.19999999999999996,0.1,0.9,0.9166666666666666,100.0,Placed,A,A
0.9,0.35,0.6000000000000001,0.30000000000000004,0.9500000000000001,0.9166666666666666,100.0,Placed,A,A
0.7000000000000001,0.16666666666666674,1.0,0.5000000000000001,0.7000000000000001,0.9166666666666666,100.0,Placed,A,A
0.9,0.5333333333333333,0.0,0.30000000000000004,0.2,0.65,98.87,Placed,A,B
0.9,0.5166666666666667,0.40000000000000013,0.30000000000000004,0.0,0.3666666666666666,84.82,Placed,A,D
0.9,0.33333333333333337,0.6000000000000001,1.0,0.5,0.8833333333333332,100.0,Placed,A,A
0.1,0.6333333333333334,0.0,0.9,0.4,0.9833333333333333,71.53,Placed,B,A
0.20000000000000004,0.31666666666666665,0.40000000000000013,0.9,0.30000000000000004,0.09999999999999998,52.31,Not Placed,D,F
0.8,0.1166666666666667,0.40000000000000013,0.1,0.05,0.7333333333333333,94.02,Placed,A,B
0.6000000000000001,0.6833333333333335,1.0,0.8,0.8,0.7666666666666667,100.0,Placed,A,A
0.30000000000000004,0.6,1.0,0.9,0.75,0.21666666666666667,83.22,Placed,A,F
0.9,0.13333333333333341,0.40000000000000013,0.7000000000000001,0.75,0.6,100.0,Placed,A,B
0.4,0.4,1.0,0.7000000000000001,0.65,0.11666666666666659,92.59,Placed,A,F
0.1,0.4,0.40000000000000013,0.4,0.05,0.8166666666666665,81.69,Placed,A,A
1.0,0.5333333333333333,0.0,0.20000000000000004,0.9,0.06666666666666665,100.0,Placed,A,F
0.7000000000000001,0.01666666666666672,0.19999999999999996,0.5000000000000001,0.1,0.3666666666666666,67.69,Not Placed,C,D
0.30000000000000004,0.30000000000000004,1.0,0.8,0.35000000000000003,0.6666666666666666,80.46,Placed,A,B
0.8,0.7500000000000001,0.8,0.7000000000000001,1.0,0.1499999999999999,100.0,Placed,A,F
0.4,0.31666666666666665,0.8,0.6000000000000001,0.9,0.7999999999999999,100.0,Placed,A,A
0.8,0.6833333333333335,0.8,1.0,0.75,0.43333333333333324,100.0,Placed,A,C
0.30000000000000004,0.6666666666666666,0.19999999999999996,0.7000000000000001,0.15000000000000002,0.9333333333333332,82.36,Placed,A,A
0.9,0.6833333333333335,0.40000000000000013,0.30000000000000004,0.35000000000000003,0.5666666666666665,100.0,Placed,A,C
0.4,0.4666666666666667,0.40000000000000013,0.5000000000000001,0.0,0.0,65.59,Not Placed,C,F
0.8,0.08333333333333337,0.6000000000000001,0.4,0.15000000000000002,0.09999999999999998,95.16,Placed,A,F
0.7000000000000001,0.2666666666666667,0.8,0.1,0.30000000000000004,0.7666666666666667,96.72,Placed,A,A
0.20000000000000004,0.9833333333333333,0.8,0.7000000000000001,0.0,0.8333333333333334,85.44,Placed,A,A
0.0,0.4,0.40000000000000013,0.20000000000000004,0.8500000000000001,0.11666666666666659,71.99,Placed,B,F
0.20000000000000004,0.6166666666666666,0.8,0.4,0.15000000000000002,0.16666666666666663,59.16,Not Placed,D,F
0.30000000000000004,0.050000000000000044,0.40000000000000013,0.7000000000000001,0.9500000000000001,0.5499999999999999,79.8,Placed,B,C
0.1,0.4833333333333333,0.40000000000000013,1.0,0.65,0.85,77.34,Placed,B,A
0.0,0.31666666666666665,1.0,0.8,0.35000000000000003,0.44999999999999984,79.93,Placed,B,C
0.6000000000000001,0.033333333333333326,0.40000000000000013,0.8,0.8500000000000001,0.5499999999999999,100.0,Placed,A,C
0.7000000000000001,0.3666666666666666,0.0,0.4,0.30000000000000004,0.6999999999999998,83.47,Placed,A,B
0.6000000000000001,0.8333333333333334,0.0,0.1,0.1,0.31666666666666665,90.65,Placed,A,D
0.4,0.2833333333333333,0.0,0.6000000000000001,1.0,0.44999999999999984,81.79,Placed,A,C
0.0,0.41666666666666663,0.0,1.0,0.65,0.7999999999999999,64.74,Not Placed,C,A
0.6000000000000001,0.9166666666666666,0.19999999999999996,1.0,0.55,0.9999999999999999,100.0,Placed,A,A
0.6000000000000001,0.5833333333333334,0.6000000000000001,0.6000000000000001,0.7000000000000001,0.6833333333333332,100.0,Placed,A,B
0.8,0.1166666666666667,0.6000000000000001,0.7000000000000001,0.35000000000000003,0.6,74.46,Placed,B,B
0.20000000000000004,0.2666666666666667,0.40000000000000013,0.7000000000000001,0.2,0.033333333333333326,52.31,Not Placed,D,F
0.8,0.5000000000000001,0.8,0.4,0.8,0.1333333333333333,100.0,Placed,A,F
0.0,0.6,0.0,0.0,0.45,0.85,78.75,Placed,B,A
0.0,0.7333333333333333,0.6000000000000001,1.0,0.5,0.35,68.81,Not Placed,C,D
0.30000000000000004,0.9333333333333335,0.6000000000000001,0.30000000000000004,0.75,0.3999999999999999,96.04,Placed,A,D
0.8,0.5333333333333333,0.0,0.30000000000000004,0.75,0.016666666666666607,100.0,Placed,A,F
0.5000000000000001,0.43333333333333346,0.19999999999999996,1.0,0.15000000000000002,0.3666666666666666,64.48,Not Placed,C,D
1.0,0.7333333333333333,0.19999999999999996,0.20000000000000004,0.2,0.8333333333333334,100.0,Placed,A,A
0.20000000000000004,0.050000000000000044,0.6000000000000001,0.7000000000000001,0.45,0.2666666666666666,73.05,Placed,B,D
0.0,0.35,0.19999999999999996,0.20000000000000004,0.65,0.9333333333333332,93.05,Placed,A,A
0.30000000000000004,0.41666666666666663,1.0,0.4,0.4,0.3999999999999999,81.26,Placed,A,D
0.8,0.5166666666666667,0.0,0.1,0.8500000000000001,0.18333333333333324,84.23,Placed,A,F
0.20000000000000004,0.3833333333333334,0.6000000000000001,0.5000000000000001,0.9500000000000001,0.43333333333333324,95.5,Placed,A,C
0.8,0.7500000000000001,0.0,0.5000000000000001,0.25,0.31666666666666665,76.94,Placed,B,D
0.6000000000000001,0.5666666666666668,0.19999999999999996,0.7000000000000001,0.5,0.1333333333333333,87.42,Placed,A,F
0.30000000000000004,0.6,0.0,0.7000000000000001,1.0,0.3666666666666666,93.83,Placed,A,D
0.20000000000000004,0.5166666666666667,0.19999999999999996,0.0,0.8,0.5833333333333334,92.03,Placed,A,B
0.9,0.09999999999999998,0.19999999999999996,0.4,0.4,0.44999999999999984,95.27,Placed,A,C
0.4,0.5333333333333333,0.0,0.1,0.1,0.8166666666666665,98.35,Placed,A,A
0.4,0.5000000000000001,0.19999999999999996,0.9,0.75,0.7833333333333333,100.0,Placed,A,A
0.20000000000000004,0.9,1.0,0.4,0.9500000000000001,0.4666666666666667,100.0,Placed,A,C
0.8,1.0,0.40000000000000013,0.9,0.15000000000000002,0.8666666666666666,86.4,Placed,A,A
0.30000000000000004,0.18333333333333335,0.0,0.8,0.7000000000000001,0.9166666666666666,100.0,Placed,A,A
1.0,0.16666666666666674,0.40000000000000013,0.30000000000000004,0.05,0.6833333333333332,82.32,Placed,A,B
0.4,0.3833333333333334,0.0,0.7000000000000001,0.9500000000000001,0.9499999999999998,100.0,Placed,A,A
0.30000000000000004,0.1166666666666667,0.19999999999999996,0.0,0.8,0.8833333333333332,97.37,Placed,A,A
0.4,0.5166666666666667,0.19999999999999996,0.7000000000000001,0.9,0.5166666666666667,99.45,Placed,A,C
0.6000000000000001,0.9333333333333335,0.6000000000000001,0.5000000000000001,0.9500000000000001,0.18333333333333324,100.0,Placed,A,F
0.8,0.6166666666666666,1.0,0.7000000000000001,0.75,0.4833333333333333,100.0,Placed,A,C
0.6000000000000001,0.9833333333333333,0.6000000000000001,0.5000000000000001,0.9,0.9833333333333333,100.0,Placed,A,A
0.4,0.35,0.40000000000000013,1.0,1.0,0.16666666666666663,87.95,Placed,A,F
0.9,0.5499999999999999,0.19999999999999996,0.20000000000000004,0.8,0.6,100.0,Placed,A,B
0.9,0.30000000000000004,0.6000000000000001,1.0,0.15000000000000002,0.31666666666666665,77.46,Placed,B,D
0.6000000000000001,0.85,0.19999999999999996,0.7000000000000001,0.8500000000000001,0.16666666666666663,97.08,Placed,A,F
0.9,0.31666666666666665,0.0,0.4,0.15000000000000002,0.7833333333333333,100.0,Placed,A,A
0.4,0.9166666666666666,0.6000000000000001,0.9,1.0,0.7666666666666667,100.0,Placed,A,A
0.20000000000000004,0.21666666666666667,0.40000000000000013,0.4,0.1,0.6166666666666666,76.51,Placed,B,B
0.6000000000000001,0.5333333333333333,0.6000000000000001,0.6000000000000001,0.8500000000000001,0.7333333333333333,100.0,Placed,A,B
1.0,0.15000000000000002,0.19999999999999996,0.5000000000000001,1.0,0.25,100.0,Placed,A,D
1.0,0.25,0.8,0.8,0.9500000000000001,0.9666666666666667,100.0,Placed,A,A
0.1,0.050000000000000044,0.8,0.6000000000000001,0.2,0.5666666666666665,62.88,Not Placed,C,C
0.8,0.43333333333333346,1.0,0.20000000000000004,0.4,0.8166666666666665,100.0,Placed,A,A
0.9,0.45000000000000007,0.19999999999999996,1.0,0.7000000000000001,0.0,92.22,Placed,A,F
0.9,1.0,0.0,1.0,0.4,0.3999999999999999,83.98,Placed,A,D
0.0,0.7000000000000001,0.6000000000000001,0.4,0.65,0.7999999999999999,84.08,Placed,A,A
0.5000000000000001,0.25,0.8,0.8,1.0,0.43333333333333324,100.0,Placed,A,C
0.6000000000000001,0.9666666666666667,0.0,1.0,0.05,0.85,88.7,Placed,A,A
0.7000000000000001,0.85,0.19999999999999996,0.9,0.8500000000000001,0.5166666666666667,100.0,Placed,A,C
0.9,0.5333333333333333,0.0,0.1,0.6000000000000001,0.08333333333333326,83.96,Placed,A,F
0.8,0.7833333333333333,0.19999999999999996,0.0,1.0,0.6666666666666666,100.0,Placed,A,B
0.1,0.30000000000000004,1.0,1.0,0.75,0.5833333333333334,78.15,Placed,B,B
1.0,0.33333333333333337,0.6000000000000001,0.7000000000000001,0.25,0.6333333333333332,100.0,Placed,A,B
0.9,0.35,0.0,0.7000000000000001,0.75,0.3666666666666666,100.0,Placed,A,D
0.1,0.13333333333333341,0.6000000000000001,0.1,0.15000000000000002,0.4666666666666667,60.62,Not Placed,C,C
0.4,0.13333333333333341,0.0,0.7000000000000001,0.45,0.4833333333333333,68.05,Not Placed,C,C
0.4,0.13333333333333341,0.19999999999999996,0.4,0.9,0.35,81.4,Placed,A,D
0.5000000000000001,0.43333333333333346,0.19999999999999996,0.1,0.5,0.9333333333333332,100.0,Placed,A,A
0.20000000000000004,0.2666666666666667,0.0,0.6000000000000001,0.2,0.16666666666666663,61.74,Not Placed,C,F
0.7000000000000001,0.7166666666666667,1.0,0.6000000000000001,0.8500000000000001,0.41666666666666663,100.0,Placed,A,C
0.0,0.9333333333333335,0.19999999999999996,0.20000000000000004,0.1,0.3666666666666666,45.38,Not Placed,F,D
0.5000000000000001,0.7333333333333333,0.40000000000000013,0.0,0.35000000000000003,0.033333333333333326,87.39,Placed,A,F
0.30000000000000004,0.1166666666666667,0.40000000000000013,1.0,0.5,0.7833333333333333,88.46,Placed,A,A
0.0,0.25,0.6000000000000001,0.30000000000000004,1.0,0.08333333333333326,78.76,Placed,B,F
0.6000000000000001,0.2833333333333333,0.40000000000000013,0.1,0.9,0.09999999999999998,88.19,Placed,A,F
0.8,1.0,0.40000000000000013,0.30000000000000004,1.0,0.7166666666666667,100.0,Placed,A,B
0.30000000000000004,0.9666666666666667,1.0,0.7000000000000001,0.1,0.6333333333333332,86.56,Placed,A,B
0.30000000000000004,0.5333333333333333,1.0,0.1,0.55,0.9999999999999999,100.0,Placed,A,A
0.5000000000000001,0.0,0.8,0.0,0.7000000000000001,0.8833333333333332,98.32,Placed,A,A
0.20000000000000004,0.18333333333333335,0.8,1.0,0.75,0.8333333333333334,100.0,Placed,A,A
0.5000000000000001,0.08333333333333337,1.0,0.20000000000000004,0.2,0.35,76.17,Placed,B,D
0.6000000000000001,0.6666666666666666,0.8,0.9,0.9,0.7833333333333333,100.0,Placed,A,A
1.0,0.9,1.0,0.6000000000000001,0.25,0.8166666666666665,100.0,Placed,A,A
0.9,0.06666666666666665,0.8,0.5000000000000001,0.55,0.6833333333333332,94.96,Placed,A,B
0.9,0.9666666666666667,0.19999999999999996,0.5000000000000001,0.9,0.9999999999999999,100.0,Placed,A,A
0.20000000000000004,0.25,1.0,0.6000000000000001,0.4,0.5333333333333333,81.56,Placed,A,C
0.6000000000000001,0.2833333333333333,0.6000000000000001,0.7000000000000001,0.8500000000000001,0.65,100.0,Placed,A,B
0.20000000000000004,0.7999999999999999,0.6000000000000001,0.20000000000000004,0.1,0.033333333333333326,56.75,Not Placed,D,F
0.1,0.2833333333333333,1.0,0.20000000000000004,0.65,0.4833333333333333,82.71,Placed,A,C
0.9,0.0,0.40000000000000013,0.9,1.0,0.7833333333333333,100.0,Placed,A,A
0.30000000000000004,0.30000000000000004,0.6000000000000001,0.7000000000000001,0.2,0.3833333333333333,63.17,Not Placed,C,D
0.7000000000000001,0.8833333333333334,0.40000000000000013,0.6000000000000001,0.2,0.033333333333333326,76.75,Placed,B,F
0.8,1.0,0.6000000000000001,0.9,0.15000000000000002,0.016666666666666607,93.94,Placed,A,F
0.6000000000000001,0.1166666666666667,0.0,0.4,0.75,0.7166666666666667,87.31,Placed,A,B
0.0,0.033333333333333326,0.0,0.30000000000000004,0.6000000000000001,0.65,69.74,Not Placed,C,B
0.20000000000000004,0.9500000000000001,1.0,0.5000000000000001,0.35000000000000003,0.29999999999999993,87.72,Placed,A,D
0.8,0.4,0.6000000000000001,0.8,1.0,0.3833333333333333,100.0,Placed,A,D
0.0,0.9500000000000001,0.19999999999999996,0.5000000000000001,0.75,0.8166666666666665,96.31,Placed,A,A
0.8,0.06666666666666665,0.40000000000000013,0.7000000000000001,0.05,0.31666666666666665,65.19,Not Placed,C,D
0.7000000000000001,0.9,0.6000000000000001,0.0,0.35000000000000003,0.9333333333333332,100.0,Placed,A,A
0.0,0.65,1.0,0.5000000000000001,0.1,0.7666666666666667,71.38,Placed,B,A
0.5000000000000001,0.30000000000000004,0.40000000000000013,0.1,0.4,0.7999999999999999,97.58,Placed,A,A
0.4,0.2833333333333333,0.8,0.20000000000000004,0.5,0.8166666666666665,80.11,Placed,A,A
0.5000000000000001,0.8166666666666668,1.0,0.5000000000000001,1.0,0.4999999999999999,100.0,Placed,A,C
0.9,0.8666666666666666,0.6000000000000001,0.1,0.9500000000000001,0.8166666666666665,100.0,Placed,A,A
0.4,0.5000000000000001,0.19999999999999996,0.30000000000000004,0.0,0.6666666666666666,83.45,Placed,A,B
0.5000000000000001,0.5333333333333333,0.8,0.5000000000000001,0.0,0.9499999999999998,89.07,Placed,A,A
0.4,0.7666666666666667,1.0,0.4,0.35000000000000003,0.4999999999999999,95.06,Placed,A,C
1.0,0.2833333333333333,0.6000000000000001,0.5000000000000001,0.75,0.6,100.0,Placed,A,B
0.4,1.0,0.0,0.5000000000000001,0.45,0.6999999999999998,76.36,Placed,B,B
0.30000000000000004,0.9333333333333335,0.6000000000000001,0.7000000000000001,0.05,0.4666666666666667,77.04,Placed,B,C
0.20000000000000004,0.6333333333333334,0.0,0.8,0.75,0.04999999999999993,66.88,Not Placed,C,F
0.20000000000000004,0.25,0.0,0.4,0.15000000000000002,0.9499999999999998,84.23,Placed,A,A
0.30000000000000004,0.25,1.0,0.5000000000000001,0.9,0.1499999999999999,93.64,Placed,A,F
0.8,0.7666666666666667,0.6000000000000001,0.5000000000000001,0.4,0.5833333333333334,100.0,Placed,A,B
0.1,0.6166666666666666,0.6000000000000001,0.5000000000000001,0.1,0.9,84.64,Placed,A,A
0.8,0.6666666666666666,0.0,0.1,0.5,0.5666666666666665,100.0,Placed,A,C
0.0,0.09999999999999998,0.40000000000000013,0.30000000000000004,0.35000000000000003,0.9333333333333332,69.55,Not Placed,C,A
0.0,0.21666666666666667,0.8,0.0,0.30000000000000004,0.7833333333333333,83.35,Placed,A,A
0.4,0.7000000000000001,0.19999999999999996,0.0,0.0,0.33333333333333326,89.93,Placed,A,D
0.5000000000000001,0.8666666666666666,0.6000000000000001,0.0,0.35000000000000003,0.6999999999999998,98.62,Placed,A,B
0.5000000000000001,0.7833333333333333,0.8,0.6000000000000001,0.8,0.6666666666666666,100.0,Placed,A,B
0.20000000000000004,0.4,0.8,0.0,0.5,0.0,55.41,Not Placed,D,F
0.6000000000000001,0.5166666666666667,0.40000000000000013,0.5000000000000001,0.30000000000000004,0.6833333333333332,90.57,Placed,A,B
0.8,0.6166666666666666,0.8,0.1,0.4,0.18333333333333324,100.0,Placed,A,F
1.0,0.35,0.6000000000000001,0.5000000000000001,0.65,0.3833333333333333,100.0,Placed,A,D
0.9,0.9666666666666667,1.0,0.5000000000000001,0.2,0.016666666666666607,100.0,Placed,A,F
0.7000000000000001,0.25,1.0,1.0,0.8500000000000001,0.7666666666666667,100.0,Placed,A,A
0.5000000000000001,0.85,0.8,0.20000000000000004,0.6000000000000001,0.9166666666666666,100.0,Placed,A,A
0.7000000000000001,0.4666666666666667,0.6000000000000001,0.7000000000000001,0.2,0.31666666666666665,83.75,Placed,A,D
0.4,0.25,0.6000000000000001,1.0,0.35000000000000003,0.25,65.0,Not Placed,C,D
0.7000000000000001,0.18333333333333335,0.0,0.30000000000000004,0.7000000000000001,0.5499999999999999,100.0,Placed,A,C
0.9,0.2666666666666667,0.40000000000000013,0.6000000000000001,0.15000000000000002,0.19999999999999996,100.0,Placed,A,F
0.30000000000000004,0.6,0.19999999999999996,0.30000000000000004,0.0,0.2833333333333333,68.47,Not Placed,C,D
0.9,0.43333333333333346,0.0,0.0,0.25,0.4666666666666667,87.89,Placed,A,C
0.7000000000000001,0.4,0.19999999999999996,0.5000000000000001,0.9,0.8833333333333332,100.0,Placed,A,A
0.9,0.20000000000000007,0.6000000000000001,0.4,0.55,0.8333333333333334,100.0,Placed,A,A
0.1,0.1166666666666667,1.0,0.8,0.30000000000000004,0.6999999999999998,60.98,Not Placed,C,B
0.4,0.9166666666666666,0.0,0.8,0.6000000000000001,0.21666666666666667,73.89,Placed,B,F
0.8,0.06666666666666665,0.8,1.0,0.30000000000000004,0.4833333333333333,88.79,Placed,A,C
0.30000000000000004,0.18333333333333335,0.8,0.7000000000000001,0.4,0.9499999999999998,72.23,Placed,B,A
1.0,0.6666666666666666,0.19999999999999996,0.6000000000000001,0.0,0.5666666666666665,100.0,Placed,A,C
0.5000000000000001,0.033333333333333326,0.6000000000000001,0.1,1.0,0.1333333333333333,100.0,Placed,A,F
0.0,0.5666666666666668,1.0,0.7000000000000001,0.6000000000000001,0.6,74.79,Placed,B,B
0.8,0.5333333333333333,0.19999999999999996,0.20000000000000004,0.9,0.7499999999999999,100.0,Placed,A,A
0.0,0.9333333333333335,1.0,0.5000000000000001,1.0,0.6333333333333332,100.0,Placed,A,B
0.4,0.35,0.40000000000000013,0.9,0.0,0.18333333333333324,65.48,Not Placed,C,F
0.30000000000000004,0.8166666666666668,1.0,0.6000000000000001,0.9500000000000001,0.33333333333333326,100.0,Placed,A,D
0.20000000000000004,0.9166666666666666,0.8,0.5000000000000001,1.0,0.2833333333333333,90.62,Placed,A,D
0.5000000000000001,0.7166666666666667,0.0,0.4,0.9,0.16666666666666663,96.98,Placed,A,F
0.1,0.13333333333333341,0.0,0.30000000000000004,0.8500000000000001,0.43333333333333324,73.93,Placed,B,C
0.20000000000000004,0.6666666666666666,0.0,0.1,0.2,0.3833333333333333,72.2,Placed,B,D
0.4,0.2833333333333333,1.0,0.8,0.1,0.6666666666666666,67.39,Not Placed,C,B
0.8,0.8166666666666668,0.8,0.6000000000000001,0.05,0.6999999999999998,87.42,Placed,A,B
0.1,0.4666666666666667,1.0,0.6000000000000001,0.45,0.8166666666666665,64.94,Not Placed,C,A
0.9,0.6333333333333334,0.6000000000000001,0.30000000000000004,0.25,0.5499999999999999,89.76,Placed,A,C
0.7000000000000001,0.43333333333333346,0.8,0.4,0.9,0.31666666666666665,92.18,Placed,A,D
0.1,0.5833333333333334,0.8,0.5000000000000001,0.8,0.19999999999999996,92.35,Placed,A,F
1.0,0.7333333333333333,1.0,1.0,0.9,0.7666666666666667,100.0,Placed,A,A
0.4,0.2666666666666667,1.0,0.1,0.6000000000000001,0.11666666666666659,87.6,Placed,A,F
0.6000000000000001,0.9166666666666666,0.0,0.30000000000000004,0.8,0.6,100.0,Placed,A,B
0.7000000000000001,0.5499999999999999,0.8,0.30000000000000004,0.8500000000000001,0.06666666666666665,87.07,Placed,A,F
0.0,0.7500000000000001,0.0,0.30000000000000004,0.5,0.09999999999999998,67.95,Not Placed,C,F
0.5000000000000001,0.033333333333333326,0.6000000000000001,0.6000000000000001,0.9500000000000001,0.7166666666666667,100.0,Placed,A,B
0.0,0.06666666666666665,0.40000000000000013,0.6000000000000001,0.9500000000000001,0.85,84.16,Placed,A,A
0.1,0.21666666666666667,0.0,0.6000000000000001,0.6000000000000001,0.18333333333333324,52.22,Not Placed,D,F
0.0,0.033333333333333326,1.0,0.6000000000000001,0.5,0.6666666666666666,64.28,Not Placed,C,B
1.0,0.3666666666666666,0.19999999999999996,0.1,0.9500000000000001,0.04999999999999993,100.0,Placed,A,F
0.4,0.6333333333333334,0.40000000000000013,0.4,0.9,0.65,98.33,Placed,A,B
0.9,0.4833333333333333,0.6000000000000001,0.9,0.45,0.29999999999999993,100.0,Placed,A,D
0.8,0.8166666666666668,1.0,0.1,0.1,0.8833333333333332,100.0,Placed,A,A
0.5000000000000001,0.7333333333333333,0.40000000000000013,0.4,1.0,0.0,100.0,Placed,A,F
1.0,1.0,1.0,0.5000000000000001,0.25,0.9,100.0,Placed,A,A
1.0,0.3666666666666666,0.0,0.20000000000000004,0.30000000000000004,0.6999999999999998,100.0,Placed,A,B
0.0,0.43333333333333346,1.0,0.5000000000000001,1.0,0.9,100.0,Placed,A,A
0.0,0.8833333333333334,0.6000000000000001,0.4,0.9500000000000001,0.19999999999999996,93.99,Placed,A,F
0.1,0.15000000000000002,0.19999999999999996,0.30000000000000004,0.2,0.8166666666666665,82.05,Placed,A,A
0.8,0.4,0.0,0.9,0.4,0.8666666666666666,100.0,Placed,A,A
0.20000000000000004,0.20000000000000007,0.0,0.8,0.45,0.85,55.71,Not Placed,D,A
0.0,0.25,0.6000000000000001,1.0,0.65,0.6833333333333332,61.92,Not Placed,C,B
0.4,0.6666666666666666,0.6000000000000001,0.7000000000000001,0.5,0.7333333333333333,93.49,Placed,A,B
0.6000000000000001,0.5499999999999999,0.40000000000000013,0.6000000000000001,0.8,0.3999999999999999,100.0,Placed,A,D
0.5000000000000001,0.9,0.19999999999999996,1.0,0.5,0.7166666666666667,100.0,Placed,A,B
0.0,0.6,1.0,0.0,0.30000000000000004,0.7333333333333333,84.92,Placed,A,B
0.4,1.0,0.40000000000000013,0.8,0.5,0.5499999999999999,100.0,Placed,A,C
0.4,0.35,1.0,0.8,0.6000000000000001,0.5666666666666665,75.62,Placed,B,C
0.5000000000000001,0.2666666666666667,1.0,0.5000000000000001,0.9,0.9999999999999999,100.0,Placed,A,A
0.20000000000000004,0.3666666666666666,1.0,0.6000000000000001,0.25,0.2666666666666666,71.65,Placed,B,D
0.4,0.8833333333333334,0.40000000000000013,0.20000000000000004,0.05,0.41666666666666663,61.28,Not Placed,C,C
0.6000000000000001,0.5833333333333334,0.0,0.4,0.65,0.33333333333333326,96.46,Placed,A,D
0.4,0.7999999999999999,0.6000000000000001,0.6000000000000001,0.75,0.8333333333333334,100.0,Placed,A,A
0.4,0.13333333333333341,0.0,0.0,0.30000000000000004,0.18333333333333324,69.05,Not Placed,C,F
0.4,0.85,0.19999999999999996,0.0,0.0,0.25,68.95,Not Placed,C,D
0.9,0.01666666666666672,0.40000000000000013,0.4,0.05,0.85,99.43,Placed,A,A
0.9,0.5166666666666667,0.19999999999999996,0.8,0.4,0.31666666666666665,100.0,Placed,A,D
0.20000000000000004,0.9166666666666666,0.6000000000000001,0.6000000000000001,0.8500000000000001,0.8833333333333332,100.0,Placed,A,A
0.0,0.8166666666666668,0.6000000000000001,0.0,1.0,0.1499999999999999,98.25,Placed,A,F
0.4,0.8666666666666666,0.8,0.4,0.9500000000000001,0.3666666666666666,100.0,Placed,A,D
0.8,0.9666666666666667,0.19999999999999996,0.7000000000000001,0.8500000000000001,0.9,100.0,Placed,A,A
0.0,0.35,0.0,0.7000000000000001,0.8500000000000001,0.7666666666666667,74.22,Placed,B,A
0.20000000000000004,0.7000000000000001,0.19999999999999996,0.1,0.45,0.4833333333333333,92.54,Placed,A,C
0.30000000000000004,0.20000000000000007,0.40000000000000013,0.6000000000000001,0.35000000000000003,0.9666666666666667,74.05,Placed,B,A
0.0,0.1166666666666667,0.6000000000000001,0.9,1.0,0.11666666666666659,71.91,Placed,B,F
0.0,0.9666666666666667,0.6000000000000001,0.4,0.35000000000000003,0.8333333333333334,90.64,Placed,A,A
0.7000000000000001,0.0,0.19999999999999996,0.8,0.05,0.06666666666666665,49.8,Not Placed,F,F
0.1,0.2666666666666667,0.19999999999999996,0.20000000000000004,0.8500000000000001,0.18333333333333324,65.66,Not Placed,C,F
0.7000000000000001,0.18333333333333335,1.0,0.0,0.5,0.6833333333333332,100.0,Placed,A,B
0.6000000000000001,0.050000000000000044,0.19999999999999996,0.30000000000000004,0.5,0.8833333333333332,98.41,Placed,A,A
0.9,0.8666666666666666,1.0,0.6000000000000001,0.9,0.21666666666666667,100.0,Placed,A,F
0.9,0.20000000000000007,0.40000000000000013,0.0,0.5,0.9833333333333333,100.0,Placed,A,A
0.1,0.5000000000000001,0.40000000000000013,0.1,0.45,0.8833333333333332,100.0,Placed,A,A
0.5000000000000001,1.0,0.0,0.4,0.35000000000000003,0.18333333333333324,90.79,Placed,A,F
0.5000000000000001,0.6666666666666666,0.19999999999999996,0.8,0.7000000000000001,0.3833333333333333,100.0,Placed,A,D
0.20000000000000004,0.9666666666666667,0.0,0.0,0.35000000000000003,0.7333333333333333,87.67,Placed,A,B
1.0,0.09999999999999998,0.8,0.30000000000000004,0.9,0.8666666666666666,100.0,Placed,A,A
0.1,0.3666666666666666,0.40000000000000013,0.20000000000000004,0.0,0.8666666666666666,66.65,Not Placed,C,A
0.0,0.3833333333333334,0.6000000000000001,0.4,0.9500000000000001,0.2666666666666666,76.51,Placed,B,D
0.5000000000000001,0.06666666666666665,1.0,0.4,0.1,0.0,53.97,Not Placed,D,F
0.4,0.06666666666666665,0.8,0.9,1.0,0.8833333333333332,100.0,Placed,A,A
1.0,0.2666666666666667,0.6000000000000001,0.1,0.55,0.6833333333333332,100.0,Placed,A,B
0.8,0.4833333333333333,0.8,0.4,0.75,0.9499999999999998,100.0,Placed,A,A
0.0,0.13333333333333341,0.0,0.8,0.75,0.6,52.96,Not Placed,D,B
0.6000000000000001,0.08333333333333337,0.0,0.4,0.8,0.16666666666666663,66.53,Not Placed,C,F
0.4,0.4,1.0,1.0,0.75,0.6833333333333332,96.07,Placed,A,B
0.4,0.30000000000000004,0.40000000000000013,0.9,0.4,0.08333333333333326,58.26,Not Placed,D,F
0.1,0.25,1.0,0.1,0.9,0.23333333333333328,90.0,Placed,A,F
1.0,0.33333333333333337,0.6000000000000001,0.6000000000000001,0.0,0.6666666666666666,97.09,Placed,A,B
0.20000000000000004,0.01666666666666672,0.8,0.5000000000000001,0.8500000000000001,0.65,98.65,Placed,A,B
0.6000000000000001,0.15000000000000002,1.0,0.6000000000000001,0.25,0.3666666666666666,100.0,Placed,A,D
0.5000000000000001,0.25,0.19999999999999996,0.7000000000000001,0.25,0.3666666666666666,82.68,Placed,A,D
0.1,0.6,0.19999999999999996,0.9,0.55,0.6166666666666666,74.4,Placed,B,B
0.5000000000000001,0.2333333333333334,0.40000000000000013,0.4,0.1,0.6166666666666666,84.73,Placed,A,B
0.1,0.20000000000000007,1.0,0.1,0.5,0.7999999999999999,100.0,Placed,A,A
0.1,0.20000000000000007,0.6000000000000001,0.6000000000000001,0.25,0.18333333333333324,50.07,Not Placed,D,F
0.1,0.5166666666666667,0.19999999999999996,0.6000000000000001,0.65,0.09999999999999998,75.75,Placed,B,F
1.0,0.7333333333333333,0.40000000000000013,0.7000000000000001,0.8500000000000001,0.6,100.0,Placed,A,B
0.20000000000000004,0.7666666666666667,1.0,0.6000000000000001,0.75,0.25,90.72,Placed,A,D
0.1,0.7500000000000001,0.40000000000000013,0.9,0.6000000000000001,0.9,91.79,Placed,A,A
0.30000000000000004,0.1166666666666667,0.6000000000000001,0.6000000000000001,0.0,0.6166666666666666,84.96,Placed,A,B
0.8,0.7000000000000001,0.19999999999999996,0.8,0.25,0.65,90.65,Placed,A,B
0.5000000000000001,0.2833333333333333,0.19999999999999996,0.7000000000000001,0.65,0.5666666666666665,85.91,Placed,A,C
0.0,0.9166666666666666,0.19999999999999996,0.1,0.8,0.65,99.26,Placed,A,B
0.7000000000000001,0.5833333333333334,0.0,0.1,0.6000000000000001,0.4666666666666667,94.44,Placed,A,C
0.6000000000000001,0.41666666666666663,0.19999999999999996,0.6000000000000001,0.6000000000000001,0.6333333333333332,95.56,Placed,A,B
0.9,0.15000000000000002,0.8,0.9,0.4,0.2666666666666666,78.91,Placed,B,D
0.20000000000000004,0.5000000000000001,0.0,1.0,0.25,0.8333333333333334,50.37,Not Placed,D,A
0.0,0.5333333333333333,1.0,0.9,0.25,0.41666666666666663,65.5,Not Placed,C,C
0.4,0.4666666666666667,0.0,0.20000000000000004,0.2,0.31666666666666665,59.07,Not Placed,D,D
0.30000000000000004,0.06666666666666665,0.0,0.0,1.0,0.7499999999999999,88.78,Placed,A,A
0.9,0.20000000000000007,0.0,0.8,0.65,0.3999999999999999,100.0,Placed,A,D
0.7000000000000001,0.0,0.40000000000000013,0.20000000000000004,0.65,0.9833333333333333,100.0,Placed,A,A
0.0,0.3666666666666666,0.8,0.0,0.15000000000000002,0.6166666666666666,70.33,Placed,B,B
0.9,0.65,0.6000000000000001,0.5000000000000001,0.05,0.6333333333333332,97.48,Placed,A,B
0.0,0.033333333333333326,0.19999999999999996,0.30000000000000004,0.05,0.6,67.09,Not Placed,C,B
0.30000000000000004,0.033333333333333326,0.0,0.0,0.8,0.29999999999999993,100.0,Placed,A,D
0.7000000000000001,0.09999999999999998,0.6000000000000001,0.30000000000000004,0.45,0.33333333333333326,96.57,Placed,A,D
0.4,0.5833333333333334,0.40000000000000013,0.7000000000000001,0.65,0.5166666666666667,64.47,Not Placed,C,C
0.1,0.5666666666666668,0.6000000000000001,1.0,0.9,0.44999999999999984,82.45,Placed,A,C
0.5000000000000001,0.2333333333333334,0.0,0.6000000000000001,0.8,0.6333333333333332,82.43,Placed,A,B
0.4,0.65,1.0,0.0,0.5,0.6666666666666666,100.0,Placed,A,B
0.1,0.033333333333333326,0.8,0.9,0.30000000000000004,0.18333333333333324,56.81,Not Placed,D,F
1.0,0.4666666666666667,0.6000000000000001,0.8,0.4,0.9333333333333332,100.0,Placed,A,A
1.0,0.4833333333333333,0.0,0.5000000000000001,0.65,0.7666666666666667,100.0,Placed,A,A
1.0,0.6333333333333334,0.0,0.1,0.15000000000000002,0.23333333333333328,90.18,Placed,A,F
0.20000000000000004,0.2833333333333333,0.19999999999999996,0.20000000000000004,0.65,0.44999999999999984,91.28,Placed,A,C
0.8,0.16666666666666674,1.0,0.6000000000000001,0.9500000000000001,0.9166666666666666,100.0,Placed,A,A
0.6000000000000001,0.7000000000000001,0.19999999999999996,0.20000000000000004,0.9500000000000001,0.33333333333333326,100.0,Placed,A,D
0.6000000000000001,0.7999999999999999,1.0,0.20000000000000004,0.8,0.25,99.29,Placed,A,D
1.0,0.9833333333333333,0.8,0.4,0.9,0.3666666666666666,100.0,Placed,A,D
0.5000000000000001,0.6166666666666666,0.19999999999999996,0.20000000000000004,0.8,0.85,100.0,Placed,A,A
0.7000000000000001,0.65,0.8,0.20000000000000004,0.65,0.41666666666666663,100.0,Placed,A,C
0.30000000000000004,0.0,0.40000000000000013,1.0,0.6000000000000001,0.23333333333333328,61.46,Not Placed,C,F
0.7000000000000001,0.4666666666666667,0.40000000000000013,0.4,0.65,0.6,96.16,Placed,A,B
0.30000000000000004,0.15000000000000002,1.0,0.4,0.75,0.18333333333333324,98.39,Placed,A,F
0.7000000000000001,0.45000000000000007,1.0,0.8,1.0,0.04999999999999993,98.72,Placed,A,F
0.8,0.9333333333333335,0.19999999999999996,0.0,0.7000000000000001,0.5666666666666665,100.0,Placed,A,C
0.20000000000000004,0.5000000000000001,0.40000000000000013,0.0,0.9,0.4999999999999999,90.7,Placed,A,C
0.20000000000000004,0.30000000000000004,0.6000000000000001,1.0,0.5,0.9999999999999999,91.07,Placed,A,A
1.0,0.033333333333333326,0.6000000000000001,0.8,0.55,0.43333333333333324,97.46,Placed,A,C
0.1,0.5833333333333334,0.6000000000000001,0.4,0.5,0.9999999999999999,81.1,Placed,A,A
0.9,0.7000000000000001,0.40000000000000013,0.30000000000000004,0.2,0.5166666666666667,100.0,Placed,A,C
0.20000000000000004,0.2333333333333334,0.6000000000000001,0.1,0.35000000000000003,0.5333333333333333,70.03,Placed,B,C
0.20000000000000004,0.5333333333333333,0.8,0.8,0.25,0.19999999999999996,66.2,Not Placed,C,F
0.4,0.6666666666666666,0.0,0.5000000000000001,0.75,0.6,82.71,Placed,A,B
0.4,0.7000000000000001,1.0,0.8,0.55,0.7166666666666667,85.72,Placed,A,B
0.1,0.8333333333333334,0.19999999999999996,0.4,0.25,0.016666666666666607,76.28,Placed,B,F
0.9,0.7333333333333333,0.8,0.30000000000000004,0.6000000000000001,0.6166666666666666,100.0,Placed,A,B
0.5000000000000001,0.41666666666666663,0.6000000000000001,0.6000000000000001,0.30000000000000004,0.6,85.44,Placed,A,B
0.4,0.25,0.0,0.4,0.35000000000000003,0.9666666666666667,81.97,Placed,A,A
0.5000000000000001,0.5833333333333334,0.19999999999999996,0.7000000000000001,0.55,0.8166666666666665,89.22,Placed,A,A
0.0,0.5333333333333333,0.8,0.7000000000000001,0.05,0.9166666666666666,75.33,Placed,B,A
0.4,0.31666666666666665,0.19999999999999996,0.1,0.4,0.06666666666666665,87.1,Placed,A,F
0.8,0.20000000000000007,1.0,0.4,0.6000000000000001,0.2833333333333333,100.0,Placed,A,D
0.9,0.5333333333333333,0.40000000000000013,0.9,0.8,0.7833333333333333,100.0,Placed,A,A
0.1,0.06666666666666665,0.6000000000000001,0.7000000000000001,0.6000000000000001,0.2666666666666666,60.86,Not Placed,C,D
0.0,0.6,0.8,0.20000000000000004,0.75,0.016666666666666607,82.45,Placed,A,F
0.9,0.21666666666666667,0.8,0.6000000000000001,0.0,0.7999999999999999,100.0,Placed,A,A
1.0,0.43333333333333346,0.0,0.20000000000000004,0.30000000000000004,0.6833333333333332,100.0,Placed,A,B
0.8,0.3666666666666666,0.0,0.5000000000000001,0.6000000000000001,0.9499999999999998,100.0,Placed,A,A
0.9,0.21666666666666667,0.0,0.1,0.65,0.5666666666666665,100.0,Placed,A,C
0.8,0.65,0.19999999999999996,0.5000000000000001,1.0,0.21666666666666667,100.0,Placed,A,F
0.8,0.050000000000000044,0.6000000000000001,0.5000000000000001,0.8,0.8333333333333334,100.0,Placed,A,A
0.5000000000000001,0.6333333333333334,0.19999999999999996,0.7000000000000001,0.75,0.18333333333333324,97.18,Placed,A,F
0.7000000000000001,0.85,0.6000000000000001,0.4,0.7000000000000001,0.9499999999999998,100.0,Placed,A,A
1.0,0.30000000000000004,0.8,0.0,0.8,0.5333333333333333,100.0,Placed,A,C
0.0,0.7666666666666667,0.19999999999999996,0.7000000000000001,0.05,0.09999999999999998,45.67,Not Placed,F,F
0.9,0.8833333333333334,0.19999999999999996,0.8,0.55,0.9499999999999998,100.0,Placed,A,A
0.30000000000000004,0.050000000000000044,0.19999999999999996,0.0,0.1,0.6333333333333332,86.66,Placed,A,B
0.0,0.4833333333333333,0.40000000000000013,0.4,0.4,0.7333333333333333,62.24,Not Placed,C,B
0.7000000000000001,0.30000000000000004,1.0,0.5000000000000001,0.25,0.1333333333333333,83.85,Placed,A,F
0.0,0.5000000000000001,0.6000000000000001,0.30000000000000004,0.25,0.06666666666666665,51.89,Not Placed,D,F
0.20000000000000004,0.5000000000000001,0.6000000000000001,1.0,0.30000000000000004,0.04999999999999993,54.81,Not Placed,D,F
0.30000000000000004,0.13333333333333341,0.19999999999999996,0.1,0.35000000000000003,0.5166666666666667,72.48,Placed,B,C
0.7000000000000001,0.8666666666666666,0.40000000000000013,0.4,0.1,0.06666666666666665,75.52,Placed,B,F
0.5000000000000001,0.20000000000000007,0.19999999999999996,0.30000000000000004,0.7000000000000001,0.9166666666666666,100.0,Placed,A,A
0.9,0.21666666666666667,0.6000000000000001,0.6000000000000001,0.25,0.9166666666666666,93.35,Placed,A,A
0.6000000000000001,0.9,1.0,0.5000000000000001,0.5,0.9833333333333333,100.0,Placed,A,A
0.7000000000000001,0.9833333333333333,1.0,0.20000000000000004,0.1,0.85,100.0,Placed,A,A
0.1,0.7500000000000001,0.8,0.8,0.75,0.7166666666666667,81.79,Placed,A,B
0.9,0.8833333333333334,0.40000000000000013,0.30000000000000004,0.25,0.11666666666666659,88.26,Placed,A,F
1.0,0.15000000000000002,1.0,1.0,0.5,0.19999999999999996,100.0,Placed,A,F
0.7000000000000001,0.7833333333333333,0.40000000000000013,0.4,0.35000000000000003,0.04999999999999993,82.76,Placed,A,F
0.20000000000000004,0.5000000000000001,0.19999999999999996,0.20000000000000004,0.45,0.85,100.0,Placed,A,A
0.6000000000000001,0.6,0.8,0.7000000000000001,0.45,0.16666666666666663,67.47,Not Placed,C,F
0.20000000000000004,0.3666666666666666,0.6000000000000001,1.0,0.1,0.23333333333333328,43.48,Not Placed,F,F
0.6000000000000001,0.43333333333333346,1.0,0.6000000000000001,0.65,0.9166666666666666,100.0,Placed,A,A
1.0,0.08333333333333337,1.0,1.0,0.9,0.7499999999999999,100.0,Placed,A,A
0.1,0.41666666666666663,0.0,1.0,1.0,0.2833333333333333,79.73,Placed,B,D
0.9,0.01666666666666672,0.6000000000000001,0.6000000000000001,1.0,0.31666666666666665,100.0,Placed,A,D
0.5000000000000001,0.7333333333333333,1.0,0.7000000000000001,0.4,0.0,80.39,Placed,A,F
0.20000000000000004,1.0,1.0,0.6000000000000001,0.6000000000000001,0.0,76.87,Placed,B,F
0.20000000000000004,0.20000000000000007,0.6000000000000001,0.20000000000000004,0.4,0.16666666666666663,60.09,Not Placed,C,F
0.8,0.8333333333333334,0.8,0.20000000000000004,1.0,0.4666666666666667,100.0,Placed,A,C
0.6000000000000001,0.8166666666666668,0.40000000000000013,0.1,0.55,0.9999999999999999,100.0,Placed,A,A
0.4,0.9833333333333333,0.6000000000000001,0.0,0.65,0.4666666666666667,88.74,Placed,A,C
0.9,0.30000000000000004,0.40000000000000013,0.4,0.2,0.3833333333333333,97.97,Placed,A,D
0.6000000000000001,0.0,0.8,0.30000000000000004,0.25,0.31666666666666665,80.99,Placed,A,D
0.8,0.65,0.8,1.0,0.6000000000000001,0.4833333333333333,100.0,Placed,A,C
0.0,0.5166666666666667,0.19999999999999996,0.1,0.6000000000000001,0.6166666666666666,91.08,Placed,A,B
0.6000000000000001,0.35,0.0,0.0,0.25,0.06666666666666665,82.15,Placed,A,F
0.5000000000000001,0.7833333333333333,0.8,0.20000000000000004,0.65,0.7333333333333333,100.0,Placed,A,B
0.9,0.4666666666666667,0.8,0.5000000000000001,0.5,0.1499999999999999,100.0,Placed,A,F
0.8,0.01666666666666672,0.40000000000000013,0.1,0.6000000000000001,0.08333333333333326,85.67,Placed,A,F
0.0,0.65,0.8,0.9,0.55,0.04999999999999993,69.33,Not Placed,C,F
0.30000000000000004,0.6166666666666666,0.6000000000000001,0.6000000000000001,0.75,0.04999999999999993,90.61,Placed,A,F
0.8,0.7833333333333333,0.19999999999999996,1.0,0.25,0.09999999999999998,58.33,Not Placed,D,F
0.30000000000000004,0.9,0.19999999999999996,0.6000000000000001,0.4,0.7833333333333333,100.0,Placed,A,A
0.9,0.16666666666666674,0.6000000000000001,1.0,0.8,0.5333333333333333,100.0,Placed,A,C
0.20000000000000004,0.2666666666666667,1.0,0.20000000000000004,0.9500000000000001,0.1333333333333333,95.01,Placed,A,F
0.8,0.9,0.8,0.0,0.75,0.41666666666666663,100.0,Placed,A,C
0.1,0.8333333333333334,0.0,0.8,0.55,0.8333333333333334,81.33,Placed,A,A
0.30000000000000004,0.7000000000000001,0.8,1.0,0.8500000000000001,0.85,99.14,Placed,A,A
0.5000000000000001,0.9833333333333333,0.19999999999999996,0.4,0.4,0.7666666666666667,100.0,Placed,A,A
0.1,0.1166666666666667,0.0,0.1,0.1,0.6666666666666666,88.29,Placed,A,B
0.7000000000000001,0.35,1.0,0.7000000000000001,0.45,0.33333333333333326,93.19,Placed,A,D
0.7000000000000001,0.050000000000000044,0.40000000000000013,0.9,0.5,0.9833333333333333,91.09,Placed,A,A
0.0,0.16666666666666674,0.40000000000000013,0.9,0.05,0.85,68.32,Not Placed,C,A
0.20000000000000004,0.1166666666666667,0.8,0.30000000000000004,0.35000000000000003,0.9833333333333333,64.53,Not Placed,C,A
0.9,0.13333333333333341,0.8,1.0,0.9500000000000001,0.35,100.0,Placed,A,D
0.8,0.41666666666666663,0.0,0.9,0.5,0.5333333333333333,86.94,Placed,A,C
0.4,0.01666666666666672,0.0,0.6000000000000001,0.8500000000000001,0.9499999999999998,100.0,Placed,A,A
0.5000000000000001,0.25,1.0,0.4,0.9500000000000001,0.5333333333333333,100.0,Placed,A,C
0.30000000000000004,0.5000000000000001,0.8,0.20000000000000004,0.30000000000000004,0.7833333333333333,80.2,Placed,A,A
0.9,0.08333333333333337,0.19999999999999996,0.9,0.65,0.06666666666666665,93.07,Placed,A,F
0.1,0.8666666666666666,0.40000000000000013,0.7000000000000001,0.30000000000000004,0.33333333333333326,60.79,Not Placed,C,D
1.0,0.33333333333333337,1.0,0.1,0.0,0.43333333333333324,100.0,Placed,A,C
0.7000000000000001,0.41666666666666663,0.0,0.0,0.55,0.6666666666666666,100.0,Placed,A,B
1.0,0.9666666666666667,0.19999999999999996,0.4,0.0,0.0,99.55,Placed,A,F
0.5000000000000001,0.30000000000000004,0.8,1.0,0.1,0.8333333333333334,76.61,Placed,B,A
0.4,0.45000000000000007,0.6000000000000001,0.30000000000000004,0.05,0.25,39.89,Not Placed,F,D
0.8,0.1166666666666667,0.0,1.0,0.1,0.5666666666666665,64.35,Not Placed,C,C
0.0,0.21666666666666667,1.0,0.9,0.15000000000000002,0.5833333333333334,59.03,Not Placed,D,B
0.4,0.3833333333333334,0.6000000000000001,0.6000000000000001,0.65,0.7166666666666667,88.6,Placed,A,B
0.5000000000000001,0.7833333333333333,0.19999999999999996,0.8,0.8500000000000001,0.5166666666666667,100.0,Placed,A,C
0.4,0.7166666666666667,0.40000000000000013,0.5000000000000001,0.2,0.4666666666666667,70.69,Placed,B,C
0.5000000000000001,0.6,0.19999999999999996,1.0,0.7000000000000001,0.6333333333333332,99.57,Placed,A,B
0.5000000000000001,0.9166666666666666,0.40000000000000013,0.0,0.75,0.7666666666666667,100.0,Placed,A,A
0.6000000000000001,0.41666666666666663,0.19999999999999996,0.7000000000000001,0.35000000000000003,0.3666666666666666,82.96,Placed,A,D
0.30000000000000004,0.5000000000000001,0.0,0.1,1.0,0.23333333333333328,96.29,Placed,A,F
1.0,0.9166666666666666,0.0,0.30000000000000004,0.35000000000000003,0.41666666666666663,100.0,Placed,A,C
0.7000000000000001,0.8333333333333334,1.0,0.20000000000000004,0.30000000000000004,0.6,100.0,Placed,A,B
0.6000000000000001,0.5166666666666667,0.6000000000000001,0.5000000000000001,0.25,0.3999999999999999,82.34,Placed,A,D
0.8,0.8166666666666668,0.19999999999999996,0.1,0.30000000000000004,0.9,100.0,Placed,A,A
0.6000000000000001,0.6666666666666666,0.19999999999999996,0.4,0.9,0.016666666666666607,94.52,Placed,A,F
0.20000000000000004,0.01666666666666672,0.6000000000000001,1.0,0.0,0.18333333333333324,40.62,Not Placed,F,F
0.20000000000000004,0.4,0.8,0.8,0.6000000000000001,0.29999999999999993,68.95,Not Placed,C,D
0.7000000000000001,0.85,1.0,0.20000000000000004,0.30000000000000004,0.9666666666666667,100.0,Placed,A,A
0.4,0.7166666666666667,0.19999999999999996,0.1,0.0,0.5166666666666667,93.99,Placed,A,C
0.30000000000000004,1.0,1.0,0.1,0.45,0.3666666666666666,95.49,Placed,A,D
0.7000000000000001,0.01666666666666672,0.19999999999999996,0.8,0.6000000000000001,0.06666666666666665,86.5,Placed,A,F
0.5000000000000001,0.6833333333333335,0.19999999999999996,0.5000000000000001,0.15000000000000002,0.9,96.44,Placed,A,A
0.1,0.0,0.8,0.1,0.30000000000000004,0.3999999999999999,68.67,Not Placed,C,D
0.30000000000000004,0.5833333333333334,0.0,0.20000000000000004,0.25,0.9333333333333332,89.66,Placed,A,A
1.0,0.9333333333333335,1.0,0.0,0.25,0.5666666666666665,100.0,Placed,A,C
0.30000000000000004,0.18333333333333335,0.6000000000000001,0.1,1.0,0.9166666666666666,100.0,Placed,A,A
0.5000000000000001,0.13333333333333341,1.0,0.1,0.5,0.4666666666666667,100.0,Placed,A,C
0.5000000000000001,0.5833333333333334,0.8,1.0,0.4,0.6166666666666666,100.0,Placed,A,B
0.0,0.6666666666666666,0.40000000000000013,0.1,0.30000000000000004,0.7333333333333333,78.63,Placed,B,B
0.7000000000000001,0.45000000000000007,0.40000000000000013,0.6000000000000001,0.4,0.31666666666666665,89.99,Placed,A,D
0.5000000000000001,0.6166666666666666,0.8,0.20000000000000004,0.25,0.7666666666666667,100.0,Placed,A,A
0.20000000000000004,0.5333333333333333,0.8,1.0,0.9,0.5833333333333334,80.82,Placed,A,B
0.8,0.6833333333333335,0.0,0.30000000000000004,0.65,0.85,100.0,Placed,A,A
0.1,1.0,1.0,0.1,0.0,0.09999999999999998,51.23,Not Placed,D,F
1.0,0.7500000000000001,1.0,0.4,0.75,0.35,100.0,Placed,A,D
0.7000000000000001,0.35,0.40000000000000013,0.8,0.4,0.2833333333333333,96.22,Placed,A,D
0.9,0.4,0.6000000000000001,0.8,0.7000000000000001,0.8666666666666666,100.0,Placed,A,A
0.20000000000000004,1.0,1.0,0.6000000000000001,0.9,0.33333333333333326,100.0,Placed,A,D
0.4,0.2833333333333333,0.19999999999999996,0.7000000000000001,0.45,0.35,69.04,Not Placed,C,D
0.5000000000000001,0.08333333333333337,0.19999999999999996,0.4,0.75,0.6333333333333332,94.98,Placed,A,B
0.9,0.2833333333333333,0.0,0.4,0.1,0.18333333333333324,77.72,Placed,B,F
0.5000000000000001,0.85,0.0,0.20000000000000004,0.9,0.16666666666666663,78.31,Placed,B,F
0.30000000000000004,0.25,0.40000000000000013,0.5000000000000001,0.6000000000000001,0.9166666666666666,88.55,Placed,A,A
0.20000000000000004,0.2333333333333334,0.6000000000000001,0.0,0.65,0.18333333333333324,70.49,Placed,B,F
0.30000000000000004,0.7833333333333333,0.6000000000000001,0.20000000000000004,0.30000000000000004,0.41666666666666663,87.85,Placed,A,C
0.0,0.1166666666666667,0.8,1.0,0.05,0.4833333333333333,60.76,Not Placed,C,C
0.30000000000000004,0.20000000000000007,0.0,0.1,0.65,0.23333333333333328,72.77,Placed,B,F
0.0,0.9,1.0,0.6000000000000001,0.8,0.11666666666666659,86.31,Placed,A,F
0.0,0.7000000000000001,0.19999999999999996,0.8,0.6000000000000001,0.6999999999999998,74.47,Placed,B,B
0.9,0.9833333333333333,1.0,0.30000000000000004,0.05,0.8666666666666666,100.0,Placed,A,A
0.5000000000000001,1.0,0.19999999999999996,0.6000000000000001,0.2,0.2833333333333333,100.0,Placed,A,D
0.4,0.9333333333333335,0.40000000000000013,0.7000000000000001,0.15000000000000002,0.1499999999999999,88.15,Placed,A,F
1.0,0.09999999999999998,0.19999999999999996,0.9,0.1,0.11666666666666659,69.44,Not Placed,C,F
0.30000000000000004,0.2666666666666667,1.0,0.1,0.65,0.6166666666666666,100.0,Placed,A,B
1.0,0.8166666666666668,1.0,0.6000000000000001,0.5,0.5666666666666665,100.0,Placed,A,C
0.20000000000000004,0.5166666666666667,0.6000000000000001,0.20000000000000004,0.35000000000000003,0.31666666666666665,88.12,Placed,A,D
0.0,0.35,0.6000000000000001,0.7000000000000001,0.4,0.18333333333333324,46.84,Not Placed,F,F
0.5000000000000001,0.9,0.0,0.5000000000000001,0.75,0.7999999999999999,100.0,Placed,A,A
0.1,0.8333333333333334,1.0,0.20000000000000004,0.1,0.033333333333333326,68.99,Not Placed,C,F
0.7000000000000001,0.9333333333333335,0.40000000000000013,0.7000000000000001,0.45,0.31666666666666665,97.76,Placed,A,D
0.9,0.20000000000000007,0.19999999999999996,1.0,0.0,0.8166666666666665,88.9,Placed,A,A
0.4,0.7666666666666667,0.0,0.20000000000000004,0.4,0.18333333333333324,79.5,Placed,B,F
0.6000000000000001,0.3666666666666666,0.8,0.8,0.75,0.8833333333333332,100.0,Placed,A,A
0.9,0.8833333333333334,0.8,1.0,0.4,0.3833333333333333,100.0,Placed,A,D
0.1,0.4666666666666667,0.19999999999999996,0.20000000000000004,0.55,0.25,63.11,Not Placed,C,D
0.7000000000000001,0.35,0.19999999999999996,0.0,0.0,0.9833333333333333,99.78,Placed,A,A
0.1,0.0,0.19999999999999996,0.1,0.75,0.8833333333333332,83.87,Placed,A,A
0.30000000000000004,0.4666666666666667,0.6000000000000001,0.30000000000000004,0.35000000000000003,0.1499999999999999,68.3,Not Placed,C,F
0.0,0.7833333333333333,0.19999999999999996,1.0,0.65,0.29999999999999993,52.61,Not Placed,D,D
0.4,0.06666666666666665,0.8,0.1,0.65,0.6666666666666666,100.0,Placed,A,B
0.8,0.9500000000000001,0.19999999999999996,0.30000000000000004,0.45,0.21666666666666667,100.0,Placed,A,F
0.0,0.5666666666666668,1.0,0.30000000000000004,0.0,0.85,64.42,Not Placed,C,A
0.8,0.9,0.40000000000000013,0.30000000000000004,0.25,0.21666666666666667,99.13,Placed,A,F
1.0,0.15000000000000002,0.8,0.0,0.4,0.35,100.0,Placed,A,D
0.7000000000000001,0.30000000000000004,0.40000000000000013,0.8,0.9,0.04999999999999993,99.98,Placed,A,F
0.5000000000000001,0.6,0.8,0.9,0.75,0.7666666666666667,100.0,Placed,A,A
0.6000000000000001,0.09999999999999998,0.0,1.0,0.9,0.85,93.08,Placed,A,A
0.20000000000000004,0.7500000000000001,1.0,0.6000000000000001,0.5,0.9666666666666667,100.0,Placed,A,A
0.0,0.5666666666666668,0.8,0.1,1.0,0.5499999999999999,92.8,Placed,A,C
0.4,0.7333333333333333,1.0,0.20000000000000004,0.5,0.9499999999999998,100.0,Placed,A,A
0.1,0.20000000000000007,0.8,0.7000000000000001,0.65,0.2833333333333333,64.15,Not Placed,C,D
0.4,0.15000000000000002,0.40000000000000013,0.6000000000000001,0.30000000000000004,0.5499999999999999,70.08,Placed,B,C
0.7000000000000001,0.01666666666666672,0.40000000000000013,0.30000000000000004,0.55,0.2833333333333333,85.05,Placed,A,D
1.0,0.08333333333333337,0.8,0.30000000000000004,0.9500000000000001,0.65,100.0,Placed,A,B
0.8,0.1166666666666667,0.8,0.8,0.9500000000000001,0.4999999999999999,100.0,Placed,A,C
0.1,0.5833333333333334,0.6000000000000001,0.4,0.2,0.6833333333333332,79.85,Placed,B,B
0.20000000000000004,0.4,1.0,1.0,0.0,0.31666666666666665,46.07,Not Placed,F,D
0.20000000000000004,0.7166666666666667,1.0,0.4,0.5,0.5833333333333334,100.0,Placed,A,B
0.0,0.9833333333333333,1.0,0.6000000000000001,0.7000000000000001,0.6833333333333332,94.92,Placed,A,B
0.7000000000000001,0.7666666666666667,1.0,0.0,0.45,0.1499999999999999,100.0,Placed,A,F
0.5000000000000001,0.65,0.0,0.20000000000000004,0.7000000000000001,0.9666666666666667,100.0,Placed,A,A
0.7000000000000001,0.09999999999999998,0.0,0.1,0.6000000000000001,0.033333333333333326,85.41,Placed,A,F
1.0,0.7500000000000001,0.19999999999999996,1.0,0.7000000000000001,0.33333333333333326,100.0,Placed,A,D
0.8,0.3666666666666666,0.8,0.9,0.05,0.5833333333333334,91.5,Placed,A,B
0.4,0.30000000000000004,0.8,0.5000000000000001,0.6000000000000001,0.9,98.04,Placed,A,A
0.20000000000000004,0.7500000000000001,0.8,1.0,0.55,0.1499999999999999,98.34,Placed,A,F
0.4,0.35,0.8,0.5000000000000001,0.15000000000000002,0.09999999999999998,79.15,Placed,B,F
0.4,0.20000000000000007,1.0,0.9,0.55,0.35,64.56,Not Placed,C,D
0.4,1.0,1.0,0.0,0.7000000000000001,0.3666666666666666,100.0,Placed,A,D
0.20000000000000004,0.33333333333333337,0.0,0.5000000000000001,0.6000000000000001,0.18333333333333324,67.91,Not Placed,C,F
1.0,0.0,0.40000000000000013,0.9,0.05,0.6333333333333332,100.0,Placed,A,B
0.9,0.9666666666666667,0.6000000000000001,0.1,0.9500000000000001,0.19999999999999996,100.0,Placed,A,F
0.30000000000000004,0.30000000000000004,1.0,1.0,0.75,0.65,66.94,Not Placed,C,B
0.8,1.0,1.0,0.30000000000000004,0.65,0.9666666666666667,100.0,Placed,A,A
0.9,0.9833333333333333,1.0,0.5000000000000001,1.0,0.19999999999999996,100.0,Placed,A,F
0.8,0.5333333333333333,0.40000000000000013,0.20000000000000004,0.05,0.5333333333333333,87.49,Placed,A,C
0.1,0.050000000000000044,0.40000000000000013,0.20000000000000004,0.8,0.4999999999999999,73.59,Placed,B,C
0.7000000000000001,0.6833333333333335,0.0,0.20000000000000004,0.75,0.7833333333333333,100.0,Placed,A,A
0.7000000000000001,0.033333333333333326,1.0,0.30000000000000004,0.15000000000000002,0.8333333333333334,98.85,Placed,A,A
0.6000000000000001,0.43333333333333346,0.6000000000000001,0.8,0.5,0.44999999999999984,97.2,Placed,A,C
0.7000000000000001,0.85,0.8,0.30000000000000004,0.6000000000000001,0.29999999999999993,100.0,Placed,A,D
0.20000000000000004,0.6666666666666666,1.0,0.30000000000000004,0.25,0.33333333333333326,98.11,Placed,A,D
0.5000000000000001,0.5666666666666668,0.0,0.30000000000000004,0.8,0.5166666666666667,99.82,Placed,A,C
0.0,0.45000000000000007,0.0,0.6000000000000001,0.0,0.41666666666666663,52.84,Not Placed,D,C
0.6000000000000001,0.08333333333333337,0.6000000000000001,0.4,0.4,0.19999999999999996,89.15,Placed,A,F
0.0,0.08333333333333337,0.19999999999999996,0.1,1.0,0.4666666666666667,73.84,Placed,B,C
0.8,0.9,0.0,0.6000000000000001,0.8500000000000001,0.09999999999999998,93.06,Placed,A,F
0.0,0.9333333333333335,0.40000000000000013,0.20000000000000004,0.5,0.7666666666666667,92.28,Placed,A,A
0.0,0.7166666666666667,0.40000000000000013,1.0,0.65,0.41666666666666663,67.2,Not Placed,C,C
0.6000000000000001,0.3666666666666666,0.8,0.0,0.05,0.08333333333333326,86.7,Placed,A,F
0.1,0.5333333333333333,0.0,0.8,0.9500000000000001,0.5166666666666667,89.04,Placed,A,C
0.4,0.25,0.8,0.4,0.5,0.5833333333333334,99.39,Placed,A,B
0.7000000000000001,0.3833333333333334,0.0,0.9,0.05,0.8833333333333332,75.74,Placed,B,A
0.7000000000000001,0.06666666666666665,0.6000000000000001,0.0,0.15000000000000002,0.3666666666666666,79.56,Placed,B,D
0.20000000000000004,0.6666666666666666,1.0,1.0,0.6000000000000001,0.85,94.27,Placed,A,A
0.6000000000000001,0.6833333333333335,0.0,0.0,0.25,0.16666666666666663,82.82,Placed,A,F
0.20000000000000004,0.20000000000000007,0.19999999999999996,0.0,0.30000000000000004,0.9166666666666666,85.97,Placed,A,A
0.5000000000000001,0.7666666666666667,0.40000000000000013,0.8,0.9500000000000001,0.33333333333333326,100.0,Placed,A,D
0.5000000000000001,0.18333333333333335,0.6000000000000001,0.7000000000000001,0.1,0.29999999999999993,66.9,Not Placed,C,D
0.20000000000000004,0.06666666666666665,1.0,1.0,0.15000000000000002,0.5499999999999999,48.14,Not Placed,F,C
0.6000000000000001,0.6,1.0,0.5000000000000001,1.0,0.7999999999999999,100.0,Placed,A,A
0.20000000000000004,0.5000000000000001,0.40000000000000013,0.9,0.9500000000000001,0.7666666666666667,80.98,Placed,A,A
0.7000000000000001,0.45000000000000007,1.0,0.5000000000000001,0.1,0.85,87.05,Placed,A,A
0.9,0.45000000000000007,0.8,0.5000000000000001,0.0,0.8166666666666665,100.0,Placed,A,A
0.30000000000000004,0.4833333333333333,0.6000000000000001,0.30000000000000004,0.9,0.7166666666666667,100.0,Placed,A,B
0.0,0.2833333333333333,0.19999999999999996,0.4,1.0,0.5666666666666665,83.45,Placed,A,C
0.30000000000000004,0.7166666666666667,0.40000000000000013,0.9,0.6000000000000001,0.7999999999999999,99.32,Placed,A,A
0.6000000000000001,0.43333333333333346,0.0,0.20000000000000004,0.65,0.4999999999999999,100.0,Placed,A,C
1.0,0.5666666666666668,0.0,0.20000000000000004,0.75,0.7499999999999999,100.0,Placed,A,A
0.30000000000000004,0.41666666666666663,0.0,0.9,0.15000000000000002,0.4666666666666667,68.63,Not Placed,C,C
0.5000000000000001,0.9333333333333335,0.6000000000000001,0.6000000000000001,0.8,0.08333333333333326,100.0,Placed,A,F
0.8,0.6333333333333334,0.19999999999999996,0.4,0.45,0.5833333333333334,89.33,Placed,A,B
0.0,0.7999999999999999,1.0,0.7000000000000001,0.30000000000000004,0.8666666666666666,67.76,Not Placed,C,A
0.4,0.8333333333333334,0.19999999999999996,0.4,0.6000000000000001,0.4999999999999999,91.6,Placed,A,C
1.0,0.9833333333333333,0.19999999999999996,0.30000000000000004,0.6000000000000001,0.5166666666666667,100.0,Placed,A,C
0.6000000000000001,0.2833333333333333,0.40000000000000013,0.20000000000000004,0.65,0.65,100.0,Placed,A,B
0.0,0.5333333333333333,0.6000000000000001,0.1,0.25,0.9666666666666667,79.92,Placed,B,A
0.30000000000000004,0.4,0.0,0.20000000000000004,0.75,0.31666666666666665,66.74,Not Placed,C,D
0.5000000000000001,0.9166666666666666,0.40000000000000013,0.6000000000000001,0.4,0.35,86.82,Placed,A,D
0.1,0.5000000000000001,1.0,0.7000000000000001,0.9500000000000001,0.033333333333333326,62.32,Not Placed,C,F
0.9,0.6,0.19999999999999996,0.4,0.75,0.11666666666666659,100.0,Placed,A,F
0.4,0.9666666666666667,0.0,1.0,1.0,0.7333333333333333,100.0,Placed,A,B
1.0,0.9833333333333333,0.6000000000000001,0.0,1.0,0.29999999999999993,100.0,Placed,A,D
0.9,0.01666666666666672,0.8,0.20000000000000004,0.55,0.4999999999999999,100.0,Placed,A,C
0.0,0.5333333333333333,0.19999999999999996,0.30000000000000004,0.75,0.5166666666666667,83.75,Placed,A,C
0.5000000000000001,0.6333333333333334,0.19999999999999996,0.9,0.2,0.23333333333333328,59.8,Not Placed,D,F
0.5000000000000001,1.0,0.19999999999999996,0.30000000000000004,0.5,0.9,100.0,Placed,A,A
0.30000000000000004,0.7000000000000001,0.19999999999999996,0.0,0.0,0.6333333333333332,62.03,Not Placed,C,B
0.7000000000000001,0.7000000000000001,0.0,0.9,0.45,0.4999999999999999,86.79,Placed,A,C
0.30000000000000004,0.5166666666666667,0.6000000000000001,0.8,0.5,0.033333333333333326,62.55,Not Placed,C,F
0.7000000000000001,0.2833333333333333,0.40000000000000013,0.9,0.7000000000000001,0.8333333333333334,100.0,Placed,A,A
0.7000000000000001,0.2666666666666667,0.0,0.30000000000000004,0.1,0.9499999999999998,89.08,Placed,A,A
0.4,0.5499999999999999,0.6000000000000001,0.1,0.7000000000000001,0.5166666666666667,100.0,Placed,A,C
0.30000000000000004,0.6333333333333334,0.40000000000000013,0.8,0.5,0.1499999999999999,53.56,Not Placed,D,F
0.1,0.09999999999999998,0.19999999999999996,0.30000000000000004,0.4,0.44999999999999984,55.2,Not Placed,D,C
1.0,0.6833333333333335,0.6000000000000001,0.30000000000000004,0.05,0.43333333333333324,100.0,Placed,A,C
0.20000000000000004,0.8833333333333334,0.19999999999999996,1.0,0.55,0.7833333333333333,95.96,Placed,A,A
0.20000000000000004,0.8666666666666666,0.6000000000000001,0.5000000000000001,0.9500000000000001,0.7499999999999999,100.0,Placed,A,A
0.30000000000000004,0.5666666666666668,1.0,0.7000000000000001,0.75,0.65,99.47,Placed,A,B
0.30000000000000004,0.4833333333333333,0.8,0.4,0.75,0.6999999999999998,88.73,Placed,A,B
0.9,0.18333333333333335,0.19999999999999996,0.7000000000000001,1.0,0.4999999999999999,100.0,Placed,A,C
1.0,0.5666666666666668,0.19999999999999996,0.0,0.0,0.8333333333333334,100.0,Placed,A,A
1.0,0.16666666666666674,0.19999999999999996,0.30000000000000004,0.75,0.5499999999999999,100.0,Placed,A,C
0.4,1.0,1.0,0.0,0.25,0.06666666666666665,91.35,Placed,A,F
0.30000000000000004,0.7166666666666667,0.0,0.20000000000000004,0.65,0.16666666666666663,88.37,Placed,A,F
1.0,0.9333333333333335,0.40000000000000013,1.0,0.5,0.09999999999999998,100.0,Placed,A,F
0.9,0.050000000000000044,0.19999999999999996,0.6000000000000001,0.0,0.11666666666666659,69.81,Not Placed,C,F
0.7000000000000001,0.4,0.19999999999999996,0.0,0.9500000000000001,0.2666666666666666,100.0,Placed,A,D
0.5000000000000001,0.7833333333333333,0.0,0.4,0.8,0.7166666666666667,100.0,Placed,A,B
0.5000000000000001,0.5166666666666667,0.0,0.0,0.9,0.8166666666666665,100.0,Placed,A,A
0.7000000000000001,0.31666666666666665,0.8,0.5000000000000001,0.05,0.9999999999999999,100.0,Placed,A,A
0.6000000000000001,0.8166666666666668,0.6000000000000001,0.8,0.65,0.6333333333333332,100.0,Placed,A,B
0.9,0.5000000000000001,0.19999999999999996,0.20000000000000004,0.35000000000000003,0.6666666666666666,100.0,Placed,A,B
1.0,0.050000000000000044,0.6000000000000001,1.0,0.25,0.8333333333333334,100.0,Placed,A,A
0.9,0.8833333333333334,0.0,1.0,0.4,0.21666666666666667,84.98,Placed,A,F
0.7000000000000001,0.6166666666666666,0.0,0.5000000000000001,0.2,0.3833333333333333,73.81,Placed,B,D
0.1,0.8666666666666666,0.8,0.30000000000000004,0.2,0.4833333333333333,100.0,Placed,A,C
0.8,0.7666666666666667,0.40000000000000013,0.5000000000000001,0.8500000000000001,0.9499999999999998,100.0,Placed,A,A
0.0,0.0,1.0,0.1,0.65,0.8333333333333334,82.64,Placed,A,A
0.7000000000000001,0.033333333333333326,1.0,0.30000000000000004,0.55,0.85,100.0,Placed,A,A
1.0,0.6,1.0,0.6000000000000001,0.55,0.8166666666666665,100.0,Placed,A,A
0.30000000000000004,0.35,0.0,1.0,0.25,0.9333333333333332,72.52,Placed,B,A
0.30000000000000004,0.2666666666666667,0.19999999999999996,0.5000000000000001,0.15000000000000002,0.23333333333333328,58.75,Not Placed,D,F
0.4,0.21666666666666667,0.8,0.8,0.7000000000000001,0.8666666666666666,100.0,Placed,A,A
0.7000000000000001,0.6666666666666666,0.40000000000000013,1.0,0.7000000000000001,0.8666666666666666,97.61,Placed,A,A
0.4,0.5666666666666668,1.0,0.6000000000000001,0.8,0.04999999999999993,78.42,Placed,B,F
0.7000000000000001,0.9500000000000001,0.8,0.0,0.1,0.19999999999999996,100.0,Placed,A,F
0.9,0.20000000000000007,0.0,0.5000000000000001,0.45,0.06666666666666665,89.36,Placed,A,F
0.0,0.5666666666666668,1.0,1.0,1.0,0.4999999999999999,96.04,Placed,A,C
0.9,0.7000000000000001,0.40000000000000013,0.20000000000000004,0.35000000000000003,0.18333333333333324,100.0,Placed,A,F
0.8,0.01666666666666672,0.6000000000000001,0.7000000000000001,0.4,0.4833333333333333,87.61,Placed,A,C
0.5000000000000001,0.9166666666666666,0.40000000000000013,0.0,0.1,0.7999999999999999,100.0,Placed,A,A
0.20000000000000004,0.7666666666666667,0.19999999999999996,0.9,0.0,0.1499999999999999,42.99,Not Placed,F,F
0.7000000000000001,0.20000000000000007,1.0,0.1,0.5,0.4833333333333333,77.94,Placed,B,C
0.8,0.8333333333333334,1.0,0.20000000000000004,0.6000000000000001,0.41666666666666663,100.0,Placed,A,C
0.5000000000000001,0.8833333333333334,0.6000000000000001,0.20000000000000004,0.55,0.7166666666666667,100.0,Placed,A,B
1.0,0.25,0.6000000000000001,0.6000000000000001,1.0,0.08333333333333326,100.0,Placed,A,F
0.6000000000000001,0.2833333333333333,1.0,0.7000000000000001,0.30000000000000004,0.43333333333333324,70.27,Placed,B,C
0.0,0.09999999999999998,0.19999999999999996,0.8,0.05,0.31666666666666665,47.51,Not Placed,F,D
0.4,0.7333333333333333,0.6000000000000001,0.6000000000000001,0.0,0.44999999999999984,69.68,Not Placed,C,C
0.4,0.5833333333333334,0.0,0.7000000000000001,0.9500000000000001,0.31666666666666665,95.98,Placed,A,D
0.9,0.6666666666666666,1.0,1.0,0.1,0.18333333333333324,90.62,Placed,A,F
0.30000000000000004,0.4833333333333333,0.40000000000000013,0.5000000000000001,0.15000000000000002,0.7333333333333333,68.45,Not Placed,C,B
0.5000000000000001,0.6833333333333335,0.40000000000000013,0.1,0.8,0.33333333333333326,100.0,Placed,A,D
0.6000000000000001,0.6666666666666666,0.19999999999999996,0.0,0.8500000000000001,0.4833333333333333,100.0,Placed,A,C
0.8,0.09999999999999998,0.0,0.20000000000000004,0.8,0.7999999999999999,100.0,Placed,A,A
0.0,0.2333333333333334,0.6000000000000001,0.8,0.9,0.85,87.74,Placed,A,A
0.5000000000000001,0.9833333333333333,1.0,0.6000000000000001,0.15000000000000002,0.1499999999999999,81.15,Placed,A,F
0.6000000000000001,0.65,0.40000000000000013,0.1,0.8,0.8333333333333334,99.97,Placed,A,A
0.20000000000000004,0.30000000000000004,0.40000000000000013,0.0,0.05,0.06666666666666665,58.42,Not Placed,D,F
0.7000000000000001,0.7000000000000001,0.40000000000000013,0.1,0.45,0.9499999999999998,100.0,Placed,A,A
0.4,0.6,0.40000000000000013,0.20000000000000004,0.55,0.6,100.0,Placed,A,B
0.8,0.01666666666666672,0.8,0.5000000000000001,0.6000000000000001,0.11666666666666659,94.83,Placed,A,F
0.4,0.6833333333333335,0.19999999999999996,0.8,0.5,0.4833333333333333,87.95,Placed,A,C
0.8,0.7833333333333333,0.6000000000000001,0.7000000000000001,1.0,0.2666666666666666,100.0,Placed,A,D
0.9,0.9,1.0,0.9,0.35000000000000003,0.033333333333333326,77.1,Placed,B,F
0.30000000000000004,0.20000000000000007,1.0,0.8,0.9500000000000001,0.33333333333333326,78.78,Placed,B,D
0.8,0.65,1.0,1.0,0.2,0.25,89.86,Placed,A,D
0.4,0.6666666666666666,0.6000000000000001,1.0,0.05,0.5166666666666667,81.93,Placed,A,C
0.9,0.7000000000000001,0.19999999999999996,0.7000000000000001,0.55,0.43333333333333324,100.0,Placed,A,C
0.8,0.7000000000000001,0.0,0.6000000000000001,0.05,0.8333333333333334,84.94,Placed,A,A
0.20000000000000004,0.9,0.19999999999999996,0.5000000000000001,0.25,0.08333333333333326,73.06,Placed,B,F
0.30000000000000004,0.9500000000000001,0.40000000000000013,0.7000000000000001,0.9,0.6833333333333332,82.6,Placed,A,B
0.8,0.5000000000000001,0.40000000000000013,0.5000000000000001,0.55,0.25,94.99,Placed,A,D
0.9,0.25,0.19999999999999996,0.1,0.6000000000000001,0.7333333333333333,100.0,Placed,A,B
1.0,0.6833333333333335,0.19999999999999996,0.8,0.8,0.033333333333333326,100.0,Placed,A,F
0.5000000000000001,1.0,0.6000000000000001,0.8,0.55,0.8833333333333332,100.0,Placed,A,A
0.1,0.9166666666666666,0.6000000000000001,0.20000000000000004,0.1,0.65,76.02,Placed,B,B
0.6000000000000001,0.7166666666666667,0.8,0.8,0.35000000000000003,0.31666666666666665,100.0,Placed,A,D
0.1,0.9333333333333335,1.0,0.1,0.75,0.65,97.17,Placed,A,B
1.0,0.08333333333333337,0.8,0.20000000000000004,0.15000000000000002,0.09999999999999998,85.51,Placed,A,F
0.1,0.45000000000000007,1.0,0.5000000000000001,0.6000000000000001,0.9666666666666667,79.69,Placed,B,A
1.0,0.5166666666666667,0.40000000000000013,0.30000000000000004,0.35000000000000003,0.16666666666666663,100.0,Placed,A,F
0.0,0.7166666666666667,0.8,0.7000000000000001,0.0,0.4666666666666667,46.17,Not Placed,F,C
1.0,0.15000000000000002,0.8,0.0,0.1,0.85,100.0,Placed,A,A
1.0,0.8166666666666668,0.0,0.5000000000000001,0.0,0.033333333333333326,73.82,Placed,B,F
1.0,0.2833333333333333,0.19999999999999996,0.1,0.7000000000000001,0.33333333333333326,100.0,Placed,A,D
0.20000000000000004,0.050000000000000044,0.6000000000000001,0.5000000000000001,0.8500000000000001,0.8666666666666666,80.28,Placed,A,A
0.5000000000000001,0.13333333333333341,0.8,0.0,0.9500000000000001,0.5166666666666667,100.0,Placed,A,C
0.7000000000000001,0.09999999999999998,0.6000000000000001,0.1,0.1,0.4833333333333333,96.77,Placed,A,C
0.8,0.8166666666666668,1.0,0.8,0.7000000000000001,0.6333333333333332,100.0,Placed,A,B
0.6000000000000001,0.1166666666666667,0.8,0.5000000000000001,0.2,0.16666666666666663,65.09,Not Placed,C,F
0.30000000000000004,0.7000000000000001,1.0,0.7000000000000001,1.0,0.2666666666666666,99.22,Placed,A,D
0.5000000000000001,0.09999999999999998,0.8,0.6000000000000001,0.45,0.3999999999999999,81.84,Placed,A,D
0.4,0.6666666666666666,0.40000000000000013,0.8,0.30000000000000004,0.8166666666666665,94.58,Placed,A,A
0.7000000000000001,0.65,0.0,0.8,0.35000000000000003,0.3999999999999999,73.85,Placed,B,D
0.0,0.033333333333333326,1.0,1.0,0.1,0.1333333333333333,43.98,Not Placed,F,F
0.0,0.2666666666666667,0.19999999999999996,0.30000000000000004,0.8500000000000001,0.7333333333333333,95.5,Placed,A,B
1.0,0.01666666666666672,0.19999999999999996,0.6000000000000001,0.8,0.4666666666666667,96.95,Placed,A,C
0.5000000000000001,0.2333333333333334,0.40000000000000013,0.4,0.75,0.23333333333333328,90.21,Placed,A,F
0.9,0.7500000000000001,0.40000000000000013,0.6000000000000001,0.6000000000000001,0.29999999999999993,98.13,Placed,A,D
0.1,0.4666666666666667,0.19999999999999996,0.30000000000000004,0.15000000000000002,0.23333333333333328,68.65,Not Placed,C,F
0.4,0.8166666666666668,1.0,0.9,0.1,0.6333333333333332,100.0,Placed,A,B
0.0,0.7833333333333333,0.19999999999999996,1.0,0.5,0.5666666666666665,57.59,Not Placed,D,C
0.6000000000000001,0.85,0.0,1.0,0.05,0.9166666666666666,90.52,Placed,A,A
0.0,0.35,0.8,0.0,0.8500000000000001,0.65,95.77,Placed,A,B
0.30000000000000004,0.050000000000000044,0.0,0.30000000000000004,0.15000000000000002,0.19999999999999996,56.74,Not Placed,D,F
0.8,0.9333333333333335,0.19999999999999996,0.9,0.8,0.25,100.0,Placed,A,D
0.0,0.85,0.8,0.20000000000000004,0.25,0.033333333333333326,60.29,Not Placed,C,F
0.30000000000000004,0.08333333333333337,0.19999999999999996,0.8,0.45,0.8666666666666666,61.34,Not Placed,C,A
0.5000000000000001,0.6166666666666666,0.0,0.4,0.5,0.4999999999999999,88.48,Placed,A,C
0.5000000000000001,0.41666666666666663,0.0,0.30000000000000004,0.2,0.9,96.94,Placed,A,A
0.7000000000000001,0.16666666666666674,1.0,0.7000000000000001,0.8500000000000001,0.0,100.0,Placed,A,F
0.0,0.41666666666666663,1.0,0.4,0.45,0.5666666666666665,78.4,Placed,B,C
0.6000000000000001,0.2666666666666667,0.0,0.20000000000000004,0.4,0.25,71.31,Placed,B,D
0.0,0.3833333333333334,0.8,0.1,0.75,0.0,60.19,Not Placed,C,F
0.6000000000000001,0.45000000000000007,1.0,0.7000000000000001,0.45,0.8166666666666665,97.42,Placed,A,A
0.20000000000000004,0.5666666666666668,1.0,0.1,0.45,0.21666666666666667,63.4,Not Placed,C,F
1.0,0.5000000000000001,0.6000000000000001,0.7000000000000001,0.15000000000000002,0.09999999999999998,65.07,Not Placed,C,F
0.7000000000000001,0.20000000000000007,0.6000000000000001,0.4,1.0,0.3666666666666666,94.95,Placed,A,D
0.20000000000000004,0.8833333333333334,1.0,0.7000000000000001,0.65,0.5666666666666665,98.52,Placed,A,C
0.0,0.5666666666666668,0.19999999999999996,0.4,0.35000000000000003,0.4666666666666667,49.52,Not Placed,F,C
0.7000000000000001,0.25,0.8,0.0,0.0,0.35,88.99,Placed,A,D
0.20000000000000004,0.2333333333333334,0.40000000000000013,1.0,0.75,0.25,61.23,Not Placed,C,D
0.1,0.7000000000000001,1.0,1.0,0.8,0.4666666666666667,98.63,Placed,A,C
0.0,0.2833333333333333,0.6000000000000001,0.1,0.45,0.08333333333333326,56.19,Not Placed,D,F
0.20000000000000004,0.7666666666666667,0.8,0.5000000000000001,0.25,0.2833333333333333,70.28,Placed,B,D
0.1,0.6,0.8,0.20000000000000004,0.30000000000000004,0.4666666666666667,69.9,Not Placed,C,C
0.1,0.7833333333333333,0.6000000000000001,0.7000000000000001,0.8500000000000001,0.3999999999999999,80.31,Placed,A,D
0.5000000000000001,0.7833333333333333,0.8,0.4,0.05,0.7333333333333333,94.08,Placed,A,B
0.0,0.7999999999999999,0.8,0.20000000000000004,1.0,0.9166666666666666,100.0,Placed,A,A
0.1,0.6666666666666666,0.6000000000000001,0.9,0.4,0.016666666666666607,59.94,Not Placed,D,F
0.5000000000000001,0.43333333333333346,0.0,0.6000000000000001,0.2,0.7166666666666667,67.87,Not Placed,C,B
0.20000000000000004,0.9,1.0,0.7000000000000001,0.35000000000000003,0.5166666666666667,89.57,Placed,A,C
0.30000000000000004,0.5666666666666668,0.19999999999999996,0.30000000000000004,0.2,0.5833333333333334,65.3,Not Placed,C,B
0.0,0.85,0.40000000000000013,1.0,0.7000000000000001,0.5166666666666667,66.62,Not Placed,C,C
0.7000000000000001,0.7333333333333333,0.19999999999999996,0.8,0.35000000000000003,0.6666666666666666,91.23,Placed,A,B
0.6000000000000001,0.8833333333333334,0.0,0.5000000000000001,0.2,0.31666666666666665,92.05,Placed,A,D
0.6000000000000001,0.5666666666666668,0.0,0.0,0.2,0.9,87.21,Placed,A,A
0.20000000000000004,0.45000000000000007,0.8,0.4,0.9500000000000001,0.6,100.0,Placed,A,B
0.9,0.6333333333333334,0.19999999999999996,0.4,0.8,0.6833333333333332,96.11,Placed,A,B
0.9,1.0,0.0,0.6000000000000001,0.4,0.6166666666666666,100.0,Placed,A,B
0.20000000000000004,0.6166666666666666,0.19999999999999996,0.6000000000000001,0.05,0.5333333333333333,75.45,Placed,B,C
0.1,0.13333333333333341,0.0,0.5000000000000001,0.0,0.85,63.68,Not Placed,C,A
0.0,0.18333333333333335,0.40000000000000013,0.7000000000000001,1.0,0.06666666666666665,66.8,Not Placed,C,F
0.6000000000000001,0.2333333333333334,0.0,0.1,0.5,0.08333333333333326,73.84,Placed,B,F
0.6000000000000001,0.33333333333333337,0.19999999999999996,0.6000000000000001,0.7000000000000001,0.35,81.59,Placed,A,D
0.1,0.85,0.8,0.9,0.0,0.33333333333333326,52.84,Not Placed,D,D
0.6000000000000001,0.5666666666666668,0.19999999999999996,0.6000000000000001,0.30000000000000004,0.29999999999999993,75.99,Placed,B,D
0.7000000000000001,0.6833333333333335,0.6000000000000001,0.30000000000000004,0.9,0.6999999999999998,100.0,Placed,A,B
0.0,0.5333333333333333,0.19999999999999996,0.9,0.7000000000000001,0.23333333333333328,62.99,Not Placed,C,F
0.8,0.8333333333333334,0.40000000000000013,0.1,0.25,0.5499999999999999,100.0,Placed,A,C
0.6000000000000001,0.30000000000000004,1.0,0.30000000000000004,0.9500000000000001,0.7666666666666667,100.0,Placed,A,A
0.20000000000000004,0.9,0.40000000000000013,0.30000000000000004,0.45,0.09999999999999998,93.83,Placed,A,F
0.7000000000000001,0.3666666666666666,0.40000000000000013,0.5000000000000001,0.55,0.2666666666666666,92.14,Placed,A,D
0.6000000000000001,0.20000000000000007,0.0,0.6000000000000001,0.6000000000000001,0.7166666666666667,86.8,Placed,A,B
1.0,0.7166666666666667,0.40000000000000013,0.20000000000000004,0.7000000000000001,0.7166666666666667,100.0,Placed,A,B
0.7000000000000001,0.0,0.19999999999999996,0.9,0.9,0.06666666666666665,92.92,Placed,A,F
0.5000000000000001,0.8333333333333334,1.0,0.0,0.8,0.85,100.0,Placed,A,A
0.8,0.4666666666666667,0.8,0.20000000000000004,0.6000000000000001,0.6333333333333332,100.0,Placed,A,B
0.4,0.3833333333333334,0.40000000000000013,0.8,0.05,0.016666666666666607,46.56,Not Placed,F,F
0.20000000000000004,0.25,0.19999999999999996,0.0,0.8500000000000001,0.43333333333333324,90.06,Placed,A,C
0.20000000000000004,0.4,0.0,0.7000000000000001,0.5,0.7333333333333333,75.83,Placed,B,B
0.0,0.9,0.0,0.1,0.2,0.3833333333333333,73.82,Placed,B,D
0.7000000000000001,0.3666666666666666,0.8,0.5000000000000001,0.15000000000000002,0.6666666666666666,89.29,Placed,A,B
0.1,0.45000000000000007,0.8,0.20000000000000004,0.05,0.9999999999999999,83.68,Placed,A,A
0.20000000000000004,0.7666666666666667,0.19999999999999996,0.6000000000000001,0.75,0.7666666666666667,76.42,Placed,B,A
0.7000000000000001,0.25,0.8,0.1,0.30000000000000004,0.44999999999999984,95.7,Placed,A,C
0.7000000000000001,0.7000000000000001,0.8,0.30000000000000004,0.35000000000000003,0.9499999999999998,100.0,Placed,A,A
1.0,0.9166666666666666,0.0,0.9,0.35000000000000003,0.7666666666666667,100.0,Placed,A,A
0.30000000000000004,0.6166666666666666,0.19999999999999996,0.8,0.05,0.0,52.78,Not Placed,D,F
0.30000000000000004,0.16666666666666674,1.0,0.5000000000000001,0.7000000000000001,0.8666666666666666,100.0,Placed,A,A
0.4,0.033333333333333326,0.8,0.30000000000000004,0.2,0.85,88.91,Placed,A,A
0.5000000000000001,0.2333333333333334,0.19999999999999996,0.1,0.9,0.33333333333333326,79.69,Placed,B,D
0.4,0.0,0.40000000000000013,0.9,0.45,0.9333333333333332,80.5,Placed,A,A
0.6000000000000001,0.09999999999999998,0.0,0.8,0.4,0.44999999999999984,79.63,Placed,B,C
0.1,0.0,1.0,0.30000000000000004,0.9500000000000001,0.033333333333333326,90.17,Placed,A,F
0.6000000000000001,0.7999999999999999,0.0,0.8,0.35000000000000003,0.4833333333333333,99.49,Placed,A,C
0.9,0.5166666666666667,0.0,0.1,0.2,0.0,86.26,Placed,A,F
0.6000000000000001,0.13333333333333341,0.6000000000000001,0.6000000000000001,0.9,0.9666666666666667,100.0,Placed,A,A
0.0,0.4666666666666667,0.19999999999999996,1.0,0.6000000000000001,0.8333333333333334,72.42,Placed,B,A
0.6000000000000001,0.41666666666666663,0.40000000000000013,1.0,0.65,0.85,95.17,Placed,A,A
0.4,0.3666666666666666,0.8,0.4,0.35000000000000003,0.7333333333333333,100.0,Placed,A,B
0.20000000000000004,0.7333333333333333,0.40000000000000013,0.7000000000000001,0.75,0.7666666666666667,100.0,Placed,A,A
0.20000000000000004,0.7000000000000001,0.19999999999999996,1.0,0.2,0.7333333333333333,73.69,Placed,B,B
0.30000000000000004,0.4666666666666667,0.0,0.7000000000000001,0.0,0.2833333333333333,49.07,Not Placed,F,D
0.1,0.85,0.6000000000000001,0.30000000000000004,0.9,0.7999999999999999,100.0,Placed,A,A
0.1,0.6166666666666666,0.19999999999999996,0.30000000000000004,0.9,0.5333333333333333,90.49,Placed,A,C
0.0,0.5333333333333333,1.0,0.7000000000000001,0.8,0.23333333333333328,86.82,Placed,A,F
0.4,0.09999999999999998,1.0,0.20000000000000004,1.0,0.3833333333333333,98.35,Placed,A,D
0.30000000000000004,0.18333333333333335,0.19999999999999996,0.6000000000000001,0.45,0.5833333333333334,74.68,Placed,B,B
1.0,0.5000000000000001,0.8,0.7000000000000001,0.2,0.9833333333333333,100.0,Placed,A,A
0.9,0.5166666666666667,0.40000000000000013,0.7000000000000001,0.30000000000000004,0.5499999999999999,97.2,Placed,A,C
0.1,0.8833333333333334,0.40000000000000013,1.0,0.75,0.41666666666666663,83.76,Placed,A,C
0.20000000000000004,0.31666666666666665,0.8,0.9,0.1,0.8333333333333334,71.81,Placed,B,A
0.6000000000000001,0.9,0.6000000000000001,0.30000000000000004,0.55,0.65,100.0,Placed,A,B
0.6000000000000001,0.8333333333333334,0.0,0.8,0.65,0.35,88.54,Placed,A,D
0.30000000000000004,0.2666666666666667,0.0,0.9,0.9500000000000001,0.25,63.22,Not Placed,C,D
0.4,0.5833333333333334,1.0,0.30000000000000004,0.0,0.65,77.91,Placed,B,B
0.4,0.033333333333333326,0.6000000000000001,0.7000000000000001,0.30000000000000004,0.6833333333333332,90.67,Placed,A,B
0.5000000000000001,0.0,0.8,0.5000000000000001,0.8500000000000001,0.25,96.92,Placed,A,D
0.8,0.8166666666666668,0.19999999999999996,0.4,0.15000000000000002,0.06666666666666665,78.77,Placed,B,F
0.1,0.43333333333333346,0.40000000000000013,0.30000000000000004,0.75,0.8333333333333334,89.58,Placed,A,A
0.4,0.8666666666666666,0.19999999999999996,0.4,0.5,0.08333333333333326,73.9,Placed,B,F
0.20000000000000004,0.7666666666666667,0.40000000000000013,1.0,0.8500000000000001,0.6833333333333332,99.76,Placed,A,B
0.30000000000000004,0.65,0.19999999999999996,0.0,0.75,0.3833333333333333,96.72,Placed,A,D
0.9,0.5333333333333333,0.8,0.6000000000000001,0.30000000000000004,0.4833333333333333,100.0,Placed,A,C
0.5000000000000001,0.31666666666666665,0.8,0.7000000000000001,1.0,0.6,100.0,Placed,A,B
0.7000000000000001,0.21666666666666667,0.6000000000000001,0.8,0.1,0.5166666666666667,90.51,Placed,A,C
0.0,0.5833333333333334,0.19999999999999996,0.20000000000000004,0.2,0.8666666666666666,61.78,Not Placed,C,A
0.9,0.06666666666666665,0.19999999999999996,0.8,0.8500000000000001,0.29999999999999993,93.17,Placed,A,D
0.7000000000000001,0.3666666666666666,0.6000000000000001,0.9,0.8,0.8333333333333334,100.0,Placed,A,A
1.0,0.7333333333333333,0.6000000000000001,0.4,0.0,0.7333333333333333,100.0,Placed,A,B
0.6000000000000001,0.9833333333333333,0.8,0.9,0.75,0.44999999999999984,100.0,Placed,A,C
0.0,0.9166666666666666,0.8,0.5000000000000001,0.7000000000000001,0.7666666666666667,85.04,Placed,A,A
0.1,0.2333333333333334,1.0,0.0,0.6000000000000001,0.11666666666666659,75.89,Placed,B,F
0.20000000000000004,0.08333333333333337,0.19999999999999996,0.8,0.30000000000000004,0.6999999999999998,88.87,Placed,A,B
0.0,0.5333333333333333,0.8,0.8,0.1,0.0,38.04,Not Placed,F,F
0.8,0.9,0.8,0.5000000000000001,0.6000000000000001,0.04999999999999993,100.0,Placed,A,F
0.7000000000000001,0.30000000000000004,0.19999999999999996,0.7000000000000001,0.75,0.9333333333333332,100.0,Placed,A,A
0.1,0.20000000000000007,0.6000000000000001,0.30000000000000004,0.0,0.35,55.26,Not Placed,D,D
0.8,0.4666666666666667,0.19999999999999996,0.4,0.0,0.35,76.77,Placed,B,D
0.6000000000000001,1.0,0.0,0.4,0.75,0.4833333333333333,100.0,Placed,A,C
0.8,0.08333333333333337,0.19999999999999996,0.6000000000000001,0.05,0.9499999999999998,99.78,Placed,A,A
0.5000000000000001,0.2333333333333334,0.0,0.6000000000000001,0.8500000000000001,0.43333333333333324,100.0,Placed,A,C
0.5000000000000001,0.25,0.19999999999999996,0.6000000000000001,1.0,0.43333333333333324,99.36,Placed,A,C
1.0,0.3833333333333334,0.0,0.4,0.8500000000000001,0.19999999999999996,100.0,Placed,A,F
0.30000000000000004,0.3666666666666666,0.0,0.30000000000000004,0.2,0.6333333333333332,90.87,Placed,A,B
0.9,0.7833333333333333,0.19999999999999996,0.7000000000000001,0.2,0.43333333333333324,92.37,Placed,A,C
0.9,0.15000000000000002,1.0,0.0,0.35000000000000003,0.6333333333333332,100.0,Placed,A,B
0.1,0.8833333333333334,0.8,0.0,0.4,0.6166666666666666,94.39,Placed,A,B
0.6000000000000001,0.6666666666666666,0.40000000000000013,0.5000000000000001,0.65,0.9333333333333332,100.0,Placed,A,A
0.4,0.6666666666666666,0.8,0.1,0.6000000000000001,0.11666666666666659,87.41,Placed,A,F
1.0,0.7999999999999999,0.0,0.20000000000000004,0.8500000000000001,0.18333333333333324,100.0,Placed,A,F
0.5000000000000001,0.2666666666666667,0.19999999999999996,0.30000000000000004,0.15000000000000002,0.3833333333333333,100.0,Placed,A,D
0.1,0.7999999999999999,0.19999999999999996,0.1,0.8500000000000001,0.2833333333333333,93.95,Placed,A,D
0.4,0.9166666666666666,0.19999999999999996,0.9,0.9500000000000001,0.9,100.0,Placed,A,A
0.9,0.7166666666666667,0.19999999999999996,0.6000000000000001,0.7000000000000001,0.23333333333333328,100.0,Placed,A,F
0.30000000000000004,0.7333333333333333,1.0,0.9,0.30000000000000004,0.9833333333333333,96.47,Placed,A,A
0.8,0.4833333333333333,0.40000000000000013,0.0,0.6000000000000001,0.25,86.32,Placed,A,D
0.5000000000000001,0.7166666666666667,0.6000000000000001,0.20000000000000004,0.05,0.5333333333333333,74.28,Placed,B,C
0.1,0.7500000000000001,0.0,0.1,0.4,0.1499999999999999,70.26,Placed,B,F
0.0,0.15000000000000002,0.40000000000000013,0.8,0.2,0.7666666666666667,61.84,Not Placed,C,A
0.4,0.9,0.8,0.7000000000000001,0.0,0.3833333333333333,86.25,Placed,A,D
0.8,0.30000000000000004,0.6000000000000001,0.20000000000000004,0.9,0.7333333333333333,100.0,Placed,A,B
0.5000000000000001,0.4666666666666667,0.6000000000000001,0.4,0.9500000000000001,0.29999999999999993,100.0,Placed,A,D
0.9,0.01666666666666672,0.19999999999999996,0.20000000000000004,0.9,0.43333333333333324,100.0,Placed,A,C
0.6000000000000001,0.5833333333333334,0.40000000000000013,1.0,0.6000000000000001,0.7333333333333333,80.77,Placed,A,B
0.4,0.30000000000000004,0.8,1.0,0.25,0.6666666666666666,59.59,Not Placed,D,B
0.9,0.09999999999999998,0.19999999999999996,1.0,0.45,0.4999999999999999,91.39,Placed,A,C
0.5000000000000001,0.41666666666666663,0.19999999999999996,0.5000000000000001,0.5,0.33333333333333326,80.93,Placed,A,D
0.4,0.2333333333333334,1.0,0.4,0.75,0.25,92.92,Placed,A,D
1.0,0.7666666666666667,0.0,1.0,0.0,0.3666666666666666,84.04,Placed,A,D
0.8,0.9166666666666666,0.6000000000000001,0.1,0.9,0.21666666666666667,100.0,Placed,A,F
0.5000000000000001,0.6166666666666666,0.8,0.9,0.2,0.3666666666666666,72.55,Placed,B,D
1.0,0.033333333333333326,0.6000000000000001,0.7000000000000001,0.25,0.6666666666666666,97.93,Placed,A,B
0.7000000000000001,0.6166666666666666,0.40000000000000013,0.5000000000000001,0.25,0.2833333333333333,96.6,Placed,A,D
0.1,0.25,0.0,0.20000000000000004,0.2,0.5833333333333334,52.14,Not Placed,D,B
0.8,0.01666666666666672,0.19999999999999996,0.0,0.25,0.18333333333333324,81.61,Placed,A,F
0.4,0.5000000000000001,0.0,0.4,0.6000000000000001,0.9166666666666666,100.0,Placed,A,A
0.6000000000000001,0.45000000000000007,0.19999999999999996,1.0,0.0,0.6,55.89,Not Placed,D,B
0.9,0.09999999999999998,0.0,0.1,0.0,0.16666666666666663,83.83,Placed,A,F
0.0,0.4833333333333333,0.19999999999999996,0.1,0.65,0.06666666666666665,65.32,Not Placed,C,F
0.9,0.7000000000000001,0.6000000000000001,0.8,0.35000000000000003,0.8333333333333334,100.0,Placed,A,A
0.4,0.9500000000000001,0.6000000000000001,1.0,0.4,0.33333333333333326,78.36,Placed,B,D
0.9,0.09999999999999998,0.6000000000000001,0.9,0.45,0.5166666666666667,100.0,Placed,A,C
0.1,0.5833333333333334,0.6000000000000001,0.6000000000000001,0.25,0.4666666666666667,67.5,Not Placed,C,C
0.5000000000000001,0.4666666666666667,0.0,0.5000000000000001,0.4,0.09999999999999998,62.84,Not Placed,C,F
1.0,0.3833333333333334,0.19999999999999996,0.0,0.8500000000000001,0.5833333333333334,100.0,Placed,A,B
0.0,0.85,0.6000000000000001,0.9,0.7000000000000001,0.65,78.91,Placed,B,B
0.20000000000000004,0.6333333333333334,0.0,0.1,0.15000000000000002,0.43333333333333324,78.58,Placed,B,C
0.4,0.050000000000000044,0.19999999999999996,1.0,0.05,0.08333333333333326,42.17,Not Placed,F,F
0.30000000000000004,0.4666666666666667,0.0,0.6000000000000001,0.25,0.6166666666666666,72.05,Placed,B,B
0.20000000000000004,0.7166666666666667,1.0,0.20000000000000004,0.8,0.8833333333333332,100.0,Placed,A,A
0.9,0.06666666666666665,0.6000000000000001,0.1,0.30000000000000004,0.04999999999999993,85.02,Placed,A,F
0.4,0.9,0.40000000000000013,0.5000000000000001,0.9500000000000001,0.7499999999999999,100.0,Placed,A,A
1.0,0.4666666666666667,0.0,0.7000000000000001,0.7000000000000001,0.5666666666666665,100.0,Placed,A,C
0.7000000000000001,0.4833333333333333,0.6000000000000001,0.7000000000000001,1.0,0.1499999999999999,96.89,Placed,A,F
1.0,0.4666666666666667,0.8,1.0,0.05,0.8833333333333332,98.69,Placed,A,A
0.30000000000000004,0.41666666666666663,0.19999999999999996,0.1,1.0,0.6166666666666666,100.0,Placed,A,B
0.0,0.30000000000000004,1.0,0.5000000000000001,0.55,0.8166666666666665,82.91,Placed,A,A
1.0,0.41666666666666663,0.6000000000000001,0.4,0.45,0.4833333333333333,100.0,Placed,A,C
0.6000000000000001,0.6,0.8,0.6000000000000001,0.8,0.6833333333333332,100.0,Placed,A,B
0.7000000000000001,0.43333333333333346,0.0,0.30000000000000004,0.8500000000000001,0.1333333333333333,100.0,Placed,A,F
0.20000000000000004,0.4833333333333333,0.0,0.1,0.75,0.25,71.64,Placed,B,D
0.5000000000000001,0.8333333333333334,0.8,0.9,0.45,0.85,100.0,Placed,A,A
0.1,0.8666666666666666,1.0,0.20000000000000004,0.35000000000000003,0.04999999999999993,79.53,Placed,B,F
0.6000000000000001,0.4833333333333333,0.8,0.8,1.0,0.41666666666666663,100.0,Placed,A,C
0.7000000000000001,0.033333333333333326,0.19999999999999996,0.9,0.6000000000000001,0.4666666666666667,89.41,Placed,A,C
0.5000000000000001,0.9666666666666667,0.0,0.7000000000000001,0.75,0.44999999999999984,100.0,Placed,A,C
0.5000000000000001,0.9500000000000001,0.8,0.8,0.35000000000000003,0.16666666666666663,85.65,Placed,A,F
0.4,0.7000000000000001,0.40000000000000013,0.4,0.55,0.44999999999999984,98.4,Placed,A,C
0.7000000000000001,0.09999999999999998,0.40000000000000013,0.4,0.8,0.7166666666666667,100.0,Placed,A,B
0.0,1.0,0.8,0.6000000000000001,0.75,0.5166666666666667,100.0,Placed,A,C
0.9,0.7999999999999999,0.19999999999999996,0.6000000000000001,0.4,0.3833333333333333,83.27,Placed,A,D
0.30000000000000004,0.9333333333333335,0.0,0.0,0.9,0.8333333333333334,100.0,Placed,A,A
0.30000000000000004,0.13333333333333341,0.40000000000000013,0.4,0.8,0.6833333333333332,94.35,Placed,A,B
0.20000000000000004,0.8666666666666666,0.8,0.7000000000000001,0.35000000000000003,0.6333333333333332,84.9,Placed,A,B
0.20000000000000004,0.6666666666666666,0.8,0.6000000000000001,0.55,0.09999999999999998,71.47,Placed,B,F
0.30000000000000004,0.6833333333333335,0.6000000000000001,1.0,0.4,0.2833333333333333,75.65,Placed,B,D
1.0,0.20000000000000007,0.8,0.1,0.25,0.033333333333333326,83.35,Placed,A,F
0.0,0.2333333333333334,0.19999999999999996,0.7000000000000001,0.45,0.7166666666666667,54.94,Not Placed,D,B
1.0,0.8833333333333334,0.40000000000000013,0.1,0.4,0.7499999999999999,100.0,Placed,A,A
1.0,0.06666666666666665,0.6000000000000001,0.9,0.15000000000000002,0.31666666666666665,89.14,Placed,A,D
0.1,0.4666666666666667,0.40000000000000013,0.0,0.5,0.5499999999999999,74.23,Placed,B,C
0.8,0.5666666666666668,0.40000000000000013,1.0,1.0,0.4833333333333333,94.62,Placed,A,C
0.9,0.43333333333333346,0.19999999999999996,1.0,0.25,0.1333333333333333,83.6,Placed,A,F
0.1,0.43333333333333346,0.8,1.0,0.8500000000000001,0.1499999999999999,78.56,Placed,B,F
0.4,0.1166666666666667,0.19999999999999996,0.20000000000000004,0.15000000000000002,0.9666666666666667,71.29,Placed,B,A
0.8,0.5166666666666667,0.8,0.20000000000000004,0.55,0.08333333333333326,98.27,Placed,A,F
0.8,0.31666666666666665,0.6000000000000001,0.5000000000000001,0.4,0.2666666666666666,100.0,Placed,A,D
0.7000000000000001,0.15000000000000002,0.19999999999999996,0.20000000000000004,0.7000000000000001,0.23333333333333328,82.11,Placed,A,F
0.0,0.20000000000000007,0.19999999999999996,0.6000000000000001,0.4,0.5333333333333333,59.67,Not Placed,D,C
0.0,0.4666666666666667,1.0,0.7000000000000001,0.25,0.9166666666666666,69.65,Not Placed,C,A
0.8,0.5666666666666668,0.0,0.20000000000000004,0.5,0.9666666666666667,100.0,Placed,A,A
1.0,1.0,0.19999999999999996,0.8,0.30000000000000004,0.8833333333333332,100.0,Placed,A,A
0.7000000000000001,0.8833333333333334,1.0,0.0,0.65,0.19999999999999996,96.76,Placed,A,F
0.9,0.1166666666666667,0.0,0.20000000000000004,0.75,0.6833333333333332,100.0,Placed,A,B
0.8,0.4666666666666667,0.8,0.20000000000000004,0.7000000000000001,0.7166666666666667,100.0,Placed,A,B
0.6000000000000001,0.5000000000000001,0.8,0.6000000000000001,0.9500000000000001,0.9,100.0,Placed,A,A
0.20000000000000004,0.6666666666666666,0.8,1.0,0.4,0.35,68.28,Not Placed,C,D
0.20000000000000004,0.4833333333333333,1.0,1.0,0.9,0.25,99.66,Placed,A,D
0.1,0.35,1.0,0.4,0.55,0.5499999999999999,82.03,Placed,A,C
0.4,0.33333333333333337,0.0,0.30000000000000004,0.5,0.033333333333333326,85.65,Placed,A,F
0.20000000000000004,0.18333333333333335,0.8,0.1,0.35000000000000003,0.11666666666666659,55.81,Not Placed,D,F
0.5000000000000001,0.16666666666666674,0.40000000000000013,0.6000000000000001,0.1,0.31666666666666665,78.07,Placed,B,D
0.1,0.01666666666666672,0.19999999999999996,0.20000000000000004,0.9,0.9999999999999999,82.02,Placed,A,A
0.20000000000000004,0.8166666666666668,1.0,0.6000000000000001,0.1,0.7666666666666667,95.97,Placed,A,A
0.4,0.6666666666666666,1.0,0.9,0.1,0.3833333333333333,87.65,Placed,A,D
1.0,0.01666666666666672,1.0,0.6000000000000001,0.25,0.8333333333333334,97.45,Placed,A,A
1.0,0.5499999999999999,0.0,1.0,0.5,0.2833333333333333,100.0,Placed,A,D
0.0,0.033333333333333326,0.8,0.1,0.9500000000000001,0.3666666666666666,83.57,Placed,A,D
0.0,0.25,0.40000000000000013,0.6000000000000001,0.65,0.0,66.96,Not Placed,C,F
0.9,0.8333333333333334,0.19999999999999996,0.5000000000000001,0.05,0.9666666666666667,97.17,Placed,A,A
0.8,0.050000000000000044,0.19999999999999996,0.9,0.55,0.8333333333333334,93.33,Placed,A,A
0.6000000000000001,0.3666666666666666,0.8,0.30000000000000004,0.75,0.016666666666666607,95.18,Placed,A,F
0.0,0.9333333333333335,0.40000000000000013,1.0,0.1,0.06666666666666665,65.25,Not Placed,C,F
0.7000000000000001,0.8166666666666668,0.0,0.4,1.0,0.2833333333333333,100.0,Placed,A,D
0.20000000000000004,0.31666666666666665,1.0,0.7000000000000001,0.75,0.25,70.89,Placed,B,D
0.7000000000000001,0.4,1.0,0.4,0.45,0.1499999999999999,97.51,Placed,A,F
0.4,0.4833333333333333,0.8,0.20000000000000004,0.9500000000000001,0.8666666666666666,100.0,Placed,A,A
0.0,0.2833333333333333,0.19999999999999996,0.1,0.2,0.4666666666666667,43.04,Not Placed,F,C
0.6000000000000001,0.6833333333333335,1.0,0.5000000000000001,0.6000000000000001,0.5666666666666665,100.0,Placed,A,C
0.4,0.16666666666666674,0.19999999999999996,0.5000000000000001,0.55,0.3999999999999999,80.68,Placed,A,D
0.5000000000000001,0.4666666666666667,0.19999999999999996,0.6000000000000001,0.0,0.6833333333333332,78.33,Placed,B,B
0.5000000000000001,0.2666666666666667,0.8,0.7000000000000001,0.9500000000000001,0.9333333333333332,100.0,Placed,A,A
0.7000000000000001,0.41666666666666663,0.6000000000000001,0.30000000000000004,0.5,0.3833333333333333,100.0,Placed,A,D
0.8,0.9166666666666666,0.6000000000000001,0.7000000000000001,0.9,0.19999999999999996,100.0,Placed,A,F
0.1,0.9333333333333335,0.6000000000000001,0.0,0.7000000000000001,0.33333333333333326,84.36,Placed,A,D
0.8,0.3666666666666666,0.40000000000000013,0.5000000000000001,0.8500000000000001,0.6833333333333332,100.0,Placed,A,B
1.0,0.9166666666666666,0.8,0.5000000000000001,0.75,0.6999999999999998,100.0,Placed,A,B
0.9,0.85,0.19999999999999996,0.20000000000000004,0.30000000000000004,0.6333333333333332,100.0,Placed,A,B
0.8,0.7833333333333333,1.0,0.8,0.45,0.5499999999999999,100.0,Placed,A,C
0.9,0.31666666666666665,0.40000000000000013,0.4,0.75,0.29999999999999993,100.0,Placed,A,D
0.9,0.7333333333333333,0.6000000000000001,0.0,0.8,0.44999999999999984,100.0,Placed,A,C
0.6000000000000001,0.01666666666666672,0.0,0.6000000000000001,0.30000000000000004,0.43333333333333324,63.69,Not Placed,C,C
0.0,0.3833333333333334,0.40000000000000013,0.9,0.5,0.8166666666666665,76.78,Placed,B,A
0.6000000000000001,0.5000000000000001,0.40000000000000013,0.20000000000000004,0.8,0.41666666666666663,100.0,Placed,A,C
0.9,0.43333333333333346,0.8,0.9,0.2,0.16666666666666663,88.49,Placed,A,F
0.4,0.01666666666666672,1.0,0.9,0.0,0.7999999999999999,80.6,Placed,A,A
0.5000000000000001,0.9333333333333335,0.40000000000000013,1.0,0.1,0.5666666666666665,93.9,Placed,A,C
0.9,0.21666666666666667,1.0,0.30000000000000004,0.75,0.31666666666666665,100.0,Placed,A,D
0.6000000000000001,0.050000000000000044,0.8,0.5000000000000001,0.7000000000000001,0.18333333333333324,96.46,Placed,A,F
0.4,0.7999999999999999,0.0,0.7000000000000001,0.15000000000000002,0.9333333333333332,90.87,Placed,A,A
0.6000000000000001,0.20000000000000007,0.19999999999999996,0.30000000000000004,0.55,0.44999999999999984,84.83,Placed,A,C
0.8,0.5833333333333334,0.19999999999999996,0.8,0.0,0.016666666666666607,72.95,Placed,B,F
0.20000000000000004,0.5666666666666668,0.6000000000000001,0.7000000000000001,0.8,0.9333333333333332,100.0,Placed,A,A
0.7000000000000001,0.7166666666666667,0.6000000000000001,0.9,0.7000000000000001,0.0,93.37,Placed,A,F
0.1,0.8833333333333334,0.0,0.9,0.9500000000000001,0.1333333333333333,61.69,Not Placed,C,F
1.0,0.9,0.19999999999999996,0.5000000000000001,0.9500000000000001,0.35,100.0,Placed,A,D
0.6000000000000001,0.1166666666666667,0.6000000000000001,0.6000000000000001,0.45,0.9166666666666666,96.62,Placed,A,A
0.1,0.01666666666666672,1.0,0.7000000000000001,0.5,0.8333333333333334,76.32,Placed,B,A
0.30000000000000004,0.08333333333333337,0.40000000000000013,0.1,0.8500000000000001,0.65,99.94,Placed,A,B
0.6000000000000001,0.5000000000000001,0.8,0.4,0.05,0.43333333333333324,90.43,Placed,A,C
0.20000000000000004,0.8833333333333334,0.6000000000000001,0.6000000000000001,0.25,0.1333333333333333,82.14,Placed,A,F
0.1,0.15000000000000002,0.0,0.7000000000000001,0.75,0.09999999999999998,65.91,Not Placed,C,F
1.0,0.7166666666666667,0.19999999999999996,0.4,0.30000000000000004,0.5833333333333334,100.0,Placed,A,B
0.9,0.33333333333333337,0.0,0.20000000000000004,0.9,0.8833333333333332,100.0,Placed,A,A
0.6000000000000001,0.6833333333333335,0.8,0.5000000000000001,0.55,0.7833333333333333,100.0,Placed,A,A
0.0,0.15000000000000002,0.8,0.4,0.8500000000000001,0.6166666666666666,82.79,Placed,A,B
0.7000000000000001,0.3666666666666666,0.0,0.7000000000000001,0.45,0.8166666666666665,100.0,Placed,A,A
0.20000000000000004,0.033333333333333326,0.6000000000000001,0.8,0.30000000000000004,0.016666666666666607,52.83,Not Placed,D,F
0.1,0.5166666666666667,0.6000000000000001,0.8,0.15000000000000002,0.6999999999999998,79.3,Placed,B,B
0.20000000000000004,0.31666666666666665,0.19999999999999996,0.5000000000000001,0.8,0.06666666666666665,85.34,Placed,A,F
0.4,0.15000000000000002,1.0,0.30000000000000004,0.8,0.2666666666666666,85.97,Placed,A,D
1.0,0.4666666666666667,0.19999999999999996,0.30000000000000004,0.15000000000000002,0.6,100.0,Placed,A,B
0.7000000000000001,0.6666666666666666,0.40000000000000013,0.8,1.0,0.9499999999999998,100.0,Placed,A,A
0.9,0.85,1.0,0.30000000000000004,0.2,0.5666666666666665,100.0,Placed,A,C
0.6000000000000001,0.8333333333333334,0.40000000000000013,0.7000000000000001,0.0,0.8333333333333334,100.0,Placed,A,A
0.6000000000000001,0.7500000000000001,0.19999999999999996,0.8,0.9,0.11666666666666659,93.93,Placed,A,F
0.6000000000000001,0.5499999999999999,1.0,0.4,0.5,0.6999999999999998,100.0,Placed,A,B
0.7000000000000001,0.6,1.0,0.5000000000000001,0.0,0.033333333333333326,82.07,Placed,A,F
0.0,0.31666666666666665,0.40000000000000013,0.20000000000000004,0.35000000000000003,0.033333333333333326,50.86,Not Placed,D,F
0.30000000000000004,1.0,0.0,0.4,0.15000000000000002,0.0,72.93,Placed,B,F
0.5000000000000001,1.0,0.6000000000000001,0.4,0.7000000000000001,0.3833333333333333,100.0,Placed,A,D
0.8,0.1166666666666667,1.0,0.1,0.8,0.7333333333333333,100.0,Placed,A,B
0.1,0.09999999999999998,1.0,0.9,0.8500000000000001,0.4833333333333333,68.76,Not Placed,C,C
0.0,0.08333333333333337,0.40000000000000013,0.5000000000000001,0.1,0.6833333333333332,52.48,Not Placed,D,B
0.9,0.16666666666666674,1.0,0.8,0.8500000000000001,0.41666666666666663,100.0,Placed,A,C
0.1,0.7166666666666667,0.40000000000000013,1.0,0.30000000000000004,0.6166666666666666,92.25,Placed,A,B
0.6000000000000001,0.2833333333333333,0.0,0.6000000000000001,0.8,0.6999999999999998,90.76,Placed,A,B
0.20000000000000004,0.8333333333333334,1.0,0.7000000000000001,0.8500000000000001,0.65,79.75,Placed,B,B
0.9,0.6833333333333335,0.8,0.1,0.9500000000000001,0.8333333333333334,100.0,Placed,A,A
0.1,0.9333333333333335,0.19999999999999996,1.0,0.35000000000000003,0.6999999999999998,76.76,Placed,B,B
1.0,0.4666666666666667,0.0,0.8,0.5,0.6166666666666666,100.0,Placed,A,B
0.6000000000000001,0.4,0.8,0.20000000000000004,0.1,0.7166666666666667,95.6,Placed,A,B
0.1,0.33333333333333337,0.0,0.9,0.30000000000000004,0.8166666666666665,51.8,Not Placed,D,A
0.20000000000000004,0.7500000000000001,0.6000000000000001,0.4,0.7000000000000001,0.033333333333333326,81.92,Placed,A,F
1.0,0.033333333333333326,0.0,0.6000000000000001,0.45,0.19999999999999996,78.59,Placed,B,F
0.6000000000000001,0.2833333333333333,0.0,0.30000000000000004,0.55,0.5833333333333334,100.0,Placed,A,B
0.30000000000000004,0.3833333333333334,0.6000000000000001,0.6000000000000001,0.55,0.6666666666666666,75.57,Placed,B,B
0.0,0.7666666666666667,1.0,0.7000000000000001,0.9,0.7833333333333333,97.14,Placed,A,A
0.4,0.6166666666666666,0.19999999999999996,0.9,0.9,0.18333333333333324,78.55,Placed,B,F
0.8,0.15000000000000002,0.8,0.9,0.7000000000000001,0.31666666666666665,100.0,Placed,A,D
0.7000000000000001,0.43333333333333346,0.40000000000000013,0.30000000000000004,1.0,0.6333333333333332,100.0,Placed,A,B
0.8,0.18333333333333335,0.19999999999999996,0.4,1.0,0.7166666666666667,100.0,Placed,A,B
0.9,0.09999999999999998,0.0,1.0,0.2,0.11666666666666659,81.94,Placed,A,F
0.8,0.2666666666666667,0.40000000000000013,0.20000000000000004,0.6000000000000001,0.8666666666666666,94.07,Placed,A,A
0.6000000000000001,0.0,0.6000000000000001,0.4,0.4,0.7666666666666667,99.32,Placed,A,A
0.30000000000000004,0.9500000000000001,0.19999999999999996,0.7000000000000001,0.45,0.016666666666666607,76.77,Placed,B,F
0.4,0.8166666666666668,1.0,0.20000000000000004,0.35000000000000003,0.16666666666666663,100.0,Placed,A,F
0.0,0.41666666666666663,0.8,0.4,0.4,0.9166666666666666,88.01,Placed,A,A
0.0,0.2333333333333334,0.19999999999999996,0.9,0.25,0.33333333333333326,52.71,Not Placed,D,D
0.20000000000000004,0.8333333333333334,0.19999999999999996,0.0,0.8500000000000001,0.6,93.18,Placed,A,B
0.7000000000000001,0.9833333333333333,1.0,0.1,0.45,0.9,100.0,Placed,A,A
0.1,0.5333333333333333,0.40000000000000013,0.20000000000000004,0.7000000000000001,0.08333333333333326,77.62,Placed,B,F
0.30000000000000004,0.6,0.6000000000000001,0.0,0.6000000000000001,0.29999999999999993,100.0,Placed,A,D
0.1,0.7666666666666667,1.0,1.0,0.5,0.4833333333333333,71.51,Placed,B,C
0.4,0.5000000000000001,0.6000000000000001,1.0,0.05,0.7499999999999999,56.92,Not Placed,D,A
0.8,0.5666666666666668,1.0,0.8,0.35000000000000003,0.6333333333333332,100.0,Placed,A,B
0.0,0.0,0.19999999999999996,0.8,0.8500000000000001,0.7166666666666667,55.97,Not Placed,D,B
0.4,0.1166666666666667,0.6000000000000001,0.4,0.1,0.7999999999999999,86.39,Placed,A,A
0.8,0.18333333333333335,0.40000000000000013,0.30000000000000004,0.1,0.5833333333333334,100.0,Placed,A,B
0.0,0.9666666666666667,0.40000000000000013,0.4,1.0,0.31666666666666665,100.0,Placed,A,D
0.8,0.8833333333333334,0.8,0.30000000000000004,0.30000000000000004,0.8833333333333332,100.0,Placed,A,A
0.7000000000000001,0.9333333333333335,0.6000000000000001,0.4,0.8500000000000001,0.8833333333333332,100.0,Placed,A,A
0.30000000000000004,0.30000000000000004,0.8,0.6000000000000001,1.0,0.1499999999999999,80.92,Placed,A,F
1.0,0.4,1.0,1.0,1.0,0.3833333333333333,100.0,Placed,A,D
0.9,0.9333333333333335,0.0,0.7000000000000001,0.4,0.9833333333333333,100.0,Placed,A,A
0.4,0.5166666666666667,0.40000000000000013,0.1,0.8500000000000001,0.5333333333333333,99.64,Placed,A,C
0.4,0.18333333333333335,0.19999999999999996,0.30000000000000004,0.0,0.4666666666666667,67.29,Not Placed,C,C
1.0,0.20000000000000007,0.40000000000000013,0.7000000000000001,0.15000000000000002,0.9,100.0,Placed,A,A
0.5000000000000001,0.45000000000000007,0.0,0.6000000000000001,0.15000000000000002,0.4833333333333333,62.81,Not Placed,C,C
0.6000000000000001,0.0,0.19999999999999996,0.8,0.8,0.5833333333333334,85.86,Placed,A,B
0.7000000000000001,0.8333333333333334,0.6000000000000001,0.4,0.05,0.7333333333333333,94.22,Placed,A,B
0.7000000000000001,0.08333333333333337,0.6000000000000001,0.5000000000000001,0.7000000000000001,0.08333333333333326,86.97,Placed,A,F
1.0,0.1166666666666667,0.40000000000000013,1.0,0.6000000000000001,0.9499999999999998,100.0,Placed,A,A
0.1,0.050000000000000044,0.19999999999999996,0.7000000000000001,0.4,0.7666666666666667,69.42,Not Placed,C,A
0.8,0.06666666666666665,1.0,1.0,0.30000000000000004,0.21666666666666667,85.79,Placed,A,F
0.6000000000000001,0.4,0.19999999999999996,0.4,0.55,0.9333333333333332,100.0,Placed,A,A
0.30000000000000004,0.35,0.8,0.8,0.55,0.033333333333333326,73.09,Placed,B,F
0.30000000000000004,0.45000000000000007,0.0,0.30000000000000004,0.65,0.3833333333333333,75.45,Placed,B,D
1.0,0.6333333333333334,0.6000000000000001,0.7000000000000001,0.7000000000000001,0.29999999999999993,100.0,Placed,A,D
0.7000000000000001,0.3666666666666666,0.40000000000000013,0.20000000000000004,0.0,0.6166666666666666,70.95,Placed,B,B
0.30000000000000004,0.050000000000000044,0.19999999999999996,0.4,0.4,0.5499999999999999,82.0,Placed,A,C
0.5000000000000001,0.85,0.6000000000000001,0.7000000000000001,0.75,0.1333333333333333,89.79,Placed,A,F
0.4,0.050000000000000044,0.40000000000000013,0.9,0.4,0.4833333333333333,65.32,Not Placed,C,C
0.20000000000000004,0.7666666666666667,0.6000000000000001,0.6000000000000001,0.75,0.5166666666666667,82.95,Placed,A,C
0.9,0.9666666666666667,0.40000000000000013,0.0,0.05,0.19999999999999996,100.0,Placed,A,F
1.0,0.33333333333333337,0.6000000000000001,0.30000000000000004,0.45,0.2833333333333333,100.0,Placed,A,D
0.1,0.6,1.0,0.1,0.8500000000000001,0.7166666666666667,100.0,Placed,A,B
0.8,0.9166666666666666,0.8,0.1,0.6000000000000001,0.8666666666666666,100.0,Placed,A,A
0.9,0.6666666666666666,0.0,0.6000000000000001,0.05,0.35,88.88,Placed,A,D
0.8,0.01666666666666672,0.6000000000000001,0.20000000000000004,0.6000000000000001,0.04999999999999993,96.16,Placed,A,F
0.0,0.9666666666666667,0.0,0.20000000000000004,0.1,0.9833333333333333,86.37,Placed,A,A
0.9,0.09999999999999998,0.6000000000000001,0.5000000000000001,0.7000000000000001,0.3666666666666666,100.0,Placed,A,D
0.20000000000000004,0.7999999999999999,0.19999999999999996,0.5000000000000001,0.1,0.9999999999999999,73.13,Placed,B,A
0.7000000000000001,0.25,0.8,0.0,0.45,0.09999999999999998,93.88,Placed,A,F
0.5000000000000001,0.2666666666666667,1.0,0.0,0.25,0.7166666666666667,95.26,Placed,A,B
0.4,0.31666666666666665,0.8,1.0,0.65,0.9,85.12,Placed,A,A
0.4,0.9500000000000001,0.0,0.5000000000000001,0.4,0.16666666666666663,79.63,Placed,B,F
0.5000000000000001,0.3666666666666666,0.19999999999999996,0.6000000000000001,0.8500000000000001,0.6333333333333332,84.96,Placed,A,B
0.6000000000000001,0.5499999999999999,0.40000000000000013,0.8,0.35000000000000003,0.9999999999999999,100.0,Placed,A,A
0.0,0.16666666666666674,0.8,0.30000000000000004,0.25,0.9499999999999998,86.56,Placed,A,A
0.8,0.5499999999999999,1.0,0.9,0.7000000000000001,0.9666666666666667,100.0,Placed,A,A
0.20000000000000004,0.5333333333333333,0.19999999999999996,0.5000000000000001,0.65,0.6833333333333332,90.21,Placed,A,B
0.30000000000000004,0.41666666666666663,0.19999999999999996,0.20000000000000004,0.7000000000000001,0.6666666666666666,95.49,Placed,A,B
0.9,0.01666666666666672,0.0,1.0,0.9500000000000001,0.5499999999999999,100.0,Placed,A,C
0.0,1.0,1.0,0.30000000000000004,0.25,0.06666666666666665,91.9,Placed,A,F
1.0,0.3666666666666666,0.19999999999999996,0.8,0.55,0.6833333333333332,100.0,Placed,A,B
0.9,0.6666666666666666,0.19999999999999996,0.0,0.45,0.3999999999999999,96.73,Placed,A,D
0.20000000000000004,0.35,0.40000000000000013,0.4,0.9,0.44999999999999984,95.73,Placed,A,C
0.1,0.9500000000000001,0.0,1.0,0.35000000000000003,0.9999999999999999,85.01,Placed,A,A
0.1,0.5499999999999999,0.0,0.6000000000000001,0.2,0.21666666666666667,43.66,Not Placed,F,F
0.0,0.9833333333333333,1.0,0.20000000000000004,0.45,0.43333333333333324,82.03,Placed,A,C
0.7000000000000001,0.2333333333333334,0.19999999999999996,0.1,0.5,0.25,92.49,Placed,A,D
0.20000000000000004,0.15000000000000002,0.40000000000000013,1.0,0.9500000000000001,0.43333333333333324,72.75,Placed,B,C
0.20000000000000004,0.2333333333333334,0.6000000000000001,0.1,0.65,0.016666666666666607,82.88,Placed,A,F
0.5000000000000001,0.6833333333333335,0.8,0.0,0.65,0.29999999999999993,96.02,Placed,A,D
0.7000000000000001,0.4666666666666667,0.0,0.4,0.05,0.3666666666666666,76.19,Placed,B,D
0.8,0.9333333333333335,0.40000000000000013,0.20000000000000004,0.8,0.6666666666666666,100.0,Placed,A,B
0.8,0.3666666666666666,1.0,1.0,0.7000000000000001,0.21666666666666667,100.0,Placed,A,F
0.30000000000000004,0.9666666666666667,0.40000000000000013,0.6000000000000001,0.1,0.7666666666666667,90.73,Placed,A,A
0.4,0.2666666666666667,0.19999999999999996,0.0,0.1,0.8333333333333334,87.09,Placed,A,A
0.1,0.9833333333333333,0.8,0.8,0.1,0.41666666666666663,51.43,Not Placed,D,C
1.0,0.13333333333333341,0.0,0.1,0.1,0.11666666666666659,85.43,Placed,A,F
0.8,0.8166666666666668,0.6000000000000001,0.7000000000000001,0.8500000000000001,0.43333333333333324,100.0,Placed,A,C
0.7000000000000001,0.5833333333333334,0.19999999999999996,0.9,0.25,0.7666666666666667,98.32,Placed,A,A
0.20000000000000004,0.13333333333333341,0.0,0.30000000000000004,0.65,0.65,76.93,Placed,B,B
1.0,0.25,1.0,0.5000000000000001,0.1,0.44999999999999984,99.34,Placed,A,C
0.8,0.5833333333333334,0.0,0.8,0.0,0.04999999999999993,65.21,Not Placed,C,F
0.20000000000000004,0.7833333333333333,0.40000000000000013,0.6000000000000001,0.45,0.9666666666666667,100.0,Placed,A,A
0.8,0.8333333333333334,0.8,0.7000000000000001,0.6000000000000001,0.9999999999999999,100.0,Placed,A,A
0.1,0.5333333333333333,0.6000000000000001,0.6000000000000001,0.4,0.6166666666666666,80.52,Placed,A,B
0.9,0.9,0.8,0.1,0.05,0.16666666666666663,91.35,Placed,A,F
0.8,0.5000000000000001,0.40000000000000013,0.8,0.45,0.7166666666666667,98.1,Placed,A,B
0.7000000000000001,0.08333333333333337,0.6000000000000001,0.0,0.55,0.3833333333333333,97.61,Placed,A,D
0.8,0.15000000000000002,0.6000000000000001,0.1,0.9,0.44999999999999984,94.24,Placed,A,C
0.4,0.25,0.19999999999999996,0.20000000000000004,0.1,0.6666666666666666,61.97,Not Placed,C,B
1.0,0.050000000000000044,0.6000000000000001,0.20000000000000004,0.9,0.2833333333333333,99.09,Placed,A,D
1.0,0.8833333333333334,0.0,0.9,0.0,0.7999999999999999,100.0,Placed,A,A
0.1,0.35,0.8,0.30000000000000004,0.7000000000000001,0.33333333333333326,90.74,Placed,A,D
0.7000000000000001,0.20000000000000007,1.0,0.4,0.6000000000000001,0.41666666666666663,85.64,Placed,A,C
0.5000000000000001,0.25,1.0,0.5000000000000001,0.30000000000000004,0.033333333333333326,73.32,Placed,B,F
0.7000000000000001,0.85,0.8,0.0,0.05,0.9666666666666667,100.0,Placed,A,A
1.0,0.4666666666666667,0.19999999999999996,0.7000000000000001,0.9500000000000001,0.19999999999999996,100.0,Placed,A,F
0.4,0.08333333333333337,0.6000000000000001,0.5000000000000001,0.5,0.6166666666666666,100.0,Placed,A,B
0.9,0.41666666666666663,0.40000000000000013,0.9,0.75,0.44999999999999984,100.0,Placed,A,C
0.1,0.16666666666666674,0.0,0.8,0.65,0.21666666666666667,49.62,Not Placed,F,F
0.5000000000000001,0.3833333333333334,0.19999999999999996,0.4,0.7000000000000001,0.9666666666666667,100.0,Placed,A,A
0.4,0.4666666666666667,0.6000000000000001,0.6000000000000001,0.9500000000000001,0.0,100.0,Placed,A,F
0.4,0.033333333333333326,1.0,1.0,0.9,0.44999999999999984,76.18,Placed,B,C
0.0,0.85,0.40000000000000013,0.30000000000000004,0.30000000000000004,0.9666666666666667,90.04,Placed,A,A
0.1,0.15000000000000002,0.6000000000000001,0.5000000000000001,0.4,0.5833333333333334,69.79,Not Placed,C,B
0.7000000000000001,1.0,0.19999999999999996,0.5000000000000001,0.15000000000000002,0.8833333333333332,94.97,Placed,A,A
0.20000000000000004,0.9833333333333333,0.40000000000000013,0.30000000000000004,0.25,0.8166666666666665,83.61,Placed,A,A
0.9,0.0,0.40000000000000013,0.5000000000000001,0.45,0.16666666666666663,100.0,Placed,A,F
0.20000000000000004,0.85,0.40000000000000013,0.7000000000000001,0.1,0.6999999999999998,83.23,Placed,A,B
0.7000000000000001,0.7000000000000001,0.40000000000000013,1.0,1.0,0.65,100.0,Placed,A,B
0.7000000000000001,0.41666666666666663,0.6000000000000001,0.4,0.0,0.04999999999999993,59.78,Not Placed,D,F
0.1,0.9500000000000001,0.40000000000000013,0.1,0.25,0.5499999999999999,88.14,Placed,A,C
0.7000000000000001,0.18333333333333335,0.6000000000000001,0.8,0.2,0.0,81.66,Placed,A,F
1.0,0.21666666666666667,0.40000000000000013,1.0,0.7000000000000001,0.9166666666666666,100.0,Placed,A,A
0.0,0.4,0.40000000000000013,0.30000000000000004,0.5,0.1499999999999999,63.22,Not Placed,C,F
0.5000000000000001,0.1166666666666667,0.19999999999999996,0.30000000000000004,0.9500000000000001,0.2666666666666666,100.0,Placed,A,D
0.7000000000000001,0.7000000000000001,0.6000000000000001,1.0,0.6000000000000001,0.09999999999999998,100.0,Placed,A,F
0.20000000000000004,0.050000000000000044,1.0,0.6000000000000001,0.25,0.6333333333333332,77.6,Placed,B,B
0.7000000000000001,0.45000000000000007,0.6000000000000001,0.9,0.2,0.19999999999999996,79.34,Placed,B,F
0.0,0.09999999999999998,0.8,0.9,0.05,0.35,56.56,Not Placed,D,D
1.0,0.15000000000000002,1.0,0.5000000000000001,0.8,0.9166666666666666,100.0,Placed,A,A
1.0,0.8333333333333334,0.19999999999999996,0.30000000000000004,0.55,0.9499999999999998,100.0,Placed,A,A
0.8,0.9333333333333335,0.6000000000000001,0.5000000000000001,0.55,0.0,100.0,Placed,A,F
1.0,0.9500000000000001,0.19999999999999996,0.20000000000000004,0.65,0.44999999999999984,100.0,Placed,A,C
0.8,0.5833333333333334,1.0,0.6000000000000001,0.30000000000000004,0.5333333333333333,94.68,Placed,A,C
0.4,0.01666666666666672,0.19999999999999996,0.5000000000000001,0.65,0.19999999999999996,58.88,Not Placed,D,F
0.9,0.41666666666666663,0.19999999999999996,0.20000000000000004,0.30000000000000004,0.0,85.08,Placed,A,F
0.30000000000000004,0.8666666666666666,0.0,0.0,0.4,0.6166666666666666,99.32,Placed,A,B
1.0,0.8166666666666668,0.6000000000000001,0.9,0.65,0.9,100.0,Placed,A,A
0.5000000000000001,0.21666666666666667,0.19999999999999996,0.4,1.0,0.9499999999999998,100.0,Placed,A,A
0.6000000000000001,0.9500000000000001,0.0,0.9,0.8,0.3999999999999999,100.0,Placed,A,D
0.4,0.25,0.0,0.1,0.8,0.6833333333333332,93.47,Placed,A,B
1.0,0.8833333333333334,0.40000000000000013,0.6000000000000001,1.0,0.33333333333333326,100.0,Placed,A,D
0.9,0.7000000000000001,0.40000000000000013,0.6000000000000001,0.6000000000000001,0.5333333333333333,100.0,Placed,A,C
0.8,0.6833333333333335,1.0,0.30000000000000004,0.8500000000000001,0.9333333333333332,100.0,Placed,A,A
0.20000000000000004,0.2666666666666667,0.6000000000000001,0.5000000000000001,0.9,0.6,83.47,Placed,A,B
0.6000000000000001,0.7500000000000001,0.40000000000000013,0.0,0.8,0.8833333333333332,100.0,Placed,A,A
0.9,0.35,1.0,0.1,0.25,0.9333333333333332,100.0,Placed,A,A
0.9,0.050000000000000044,0.6000000000000001,0.5000000000000001,0.55,0.5499999999999999,100.0,Placed,A,C
1.0,0.30000000000000004,1.0,0.1,0.25,0.033333333333333326,91.88,Placed,A,F
0.4,0.01666666666666672,0.0,1.0,0.1,0.4833333333333333,70.67,Placed,B,C
0.6000000000000001,0.6333333333333334,0.0,0.30000000000000004,0.7000000000000001,0.9,100.0,Placed,A,A
0.1,0.13333333333333341,0.6000000000000001,0.30000000000000004,0.1,0.033333333333333326,41.03,Not Placed,F,F
0.30000000000000004,0.9833333333333333,1.0,0.9,0.7000000000000001,0.2833333333333333,82.62,Placed,A,D
0.1,0.30000000000000004,1.0,0.8,0.0,0.3666666666666666,44.18,Not Placed,F,D
0.6000000000000001,0.25,0.40000000000000013,0.9,1.0,0.11666666666666659,100.0,Placed,A,F
0.1,0.8833333333333334,0.40000000000000013,0.6000000000000001,0.1,0.1333333333333333,69.35,Not Placed,C,F
1.0,0.4,0.6000000000000001,0.6000000000000001,0.2,0.016666666666666607,69.23,Not Placed,C,F
0.0,0.7833333333333333,0.8,1.0,0.65,0.9999999999999999,100.0,Placed,A,A
0.8,0.2833333333333333,0.40000000000000013,0.0,0.15000000000000002,0.016666666666666607,83.57,Placed,A,F
0.0,0.3666666666666666,0.19999999999999996,1.0,0.4,0.43333333333333324,66.02,Not Placed,C,C
0.7000000000000001,0.8666666666666666,0.40000000000000013,0.4,0.8500000000000001,0.7833333333333333,100.0,Placed,A,A
0.1,0.33333333333333337,0.8,0.20000000000000004,0.45,0.6333333333333332,71.26,Placed,B,B
0.7000000000000001,0.16666666666666674,1.0,0.20000000000000004,0.35000000000000003,0.5833333333333334,97.42,Placed,A,B
0.20000000000000004,0.6333333333333334,0.0,0.5000000000000001,0.6000000000000001,0.06666666666666665,73.55,Placed,B,F
0.5000000000000001,0.6666666666666666,0.0,0.30000000000000004,0.05,0.0,68.89,Not Placed,C,F
0.20000000000000004,0.050000000000000044,1.0,0.7000000000000001,0.9500000000000001,0.35,95.89,Placed,A,D
0.6000000000000001,0.4,0.0,0.30000000000000004,0.9500000000000001,0.1499999999999999,78.82,Placed,B,F
0.9,0.5166666666666667,0.40000000000000013,0.7000000000000001,0.30000000000000004,0.7333333333333333,100.0,Placed,A,B
0.8,0.4833333333333333,0.0,0.30000000000000004,0.5,0.3833333333333333,100.0,Placed,A,D
0.1,0.7333333333333333,0.8,0.20000000000000004,0.2,0.9666666666666667,91.92,Placed,A,A
0.4,0.9666666666666667,0.8,0.4,0.8500000000000001,0.23333333333333328,91.03,Placed,A,F
0.5000000000000001,0.41666666666666663,0.40000000000000013,0.4,0.35000000000000003,0.5333333333333333,78.82,Placed,B,C
0.30000000000000004,0.9333333333333335,1.0,0.9,0.45,0.8166666666666665,100.0,Placed,A,A
0.30000000000000004,1.0,0.19999999999999996,0.9,0.05,0.3666666666666666,43.74,Not Placed,F,D
0.30000000000000004,0.5833333333333334,0.40000000000000013,0.0,0.1,0.21666666666666667,52.53,Not Placed,D,F
0.1,0.8333333333333334,0.0,0.7000000000000001,0.2,0.2833333333333333,64.8,Not Placed,C,D
0.30000000000000004,0.5499999999999999,0.40000000000000013,0.7000000000000001,0.75,0.3999999999999999,92.02,Placed,A,D
1.0,0.13333333333333341,0.8,0.7000000000000001,0.45,0.35,93.25,Placed,A,D
0.0,0.18333333333333335,0.40000000000000013,0.9,0.5,0.7166666666666667,58.02,Not Placed,D,B
0.5000000000000001,0.01666666666666672,0.40000000000000013,0.30000000000000004,0.9,0.7166666666666667,100.0,Placed,A,B
0.0,0.6166666666666666,0.19999999999999996,0.8,0.75,0.6,86.07,Placed,A,B
0.9,0.06666666666666665,0.8,0.9,0.55,0.09999999999999998,86.7,Placed,A,F
0.5000000000000001,0.06666666666666665,0.6000000000000001,0.20000000000000004,0.05,0.41666666666666663,60.82,Not Placed,C,C
0.0,0.85,0.6000000000000001,0.6000000000000001,0.5,0.3833333333333333,89.85,Placed,A,D
0.5000000000000001,0.35,0.8,0.5000000000000001,0.0,0.19999999999999996,57.03,Not Placed,D,F
0.9,0.06666666666666665,0.6000000000000001,0.8,0.2,0.6666666666666666,99.16,Placed,A,B
0.7000000000000001,0.9666666666666667,0.0,0.30000000000000004,1.0,0.08333333333333326,100.0,Placed,A,F
1.0,0.050000000000000044,0.6000000000000001,0.30000000000000004,0.65,0.33333333333333326,100.0,Placed,A,D
0.1,1.0,0.0,0.5000000000000001,0.8500000000000001,0.09999999999999998,74.81,Placed,B,F
0.1,0.13333333333333341,0.8,0.7000000000000001,0.30000000000000004,0.2833333333333333,42.46,Not Placed,F,D
0.30000000000000004,0.4666666666666667,0.6000000000000001,0.20000000000000004,0.2,0.23333333333333328,73.02,Placed,B,F
1.0,0.35,0.6000000000000001,1.0,0.35000000000000003,0.11666666666666659,75.77,Placed,B,F
0.20000000000000004,0.43333333333333346,1.0,0.7000000000000001,1.0,0.9833333333333333,100.0,Placed,A,A
0.30000000000000004,0.15000000000000002,0.0,0.7000000000000001,0.7000000000000001,0.85,64.24,Not Placed,C,A
0.6000000000000001,0.25,0.0,0.6000000000000001,0.2,0.25,53.33,Not Placed,D,D
1.0,0.6833333333333335,0.40000000000000013,0.6000000000000001,0.6000000000000001,0.7999999999999999,100.0,Placed,A,A
0.0,1.0,0.19999999999999996,0.4,0.9,0.033333333333333326,88.2,Placed,A,F
0.5000000000000001,0.6833333333333335,0.6000000000000001,0.1,0.05,0.7333333333333333,90.16,Placed,A,B
0.20000000000000004,1.0,1.0,0.1,0.2,0.1333333333333333,91.31,Placed,A,F
1.0,0.8333333333333334,0.19999999999999996,0.9,0.2,0.85,100.0,Placed,A,A
0.9,0.15000000000000002,1.0,0.7000000000000001,0.25,0.7666666666666667,100.0,Placed,A,A
0.6000000000000001,0.08333333333333337,0.19999999999999996,1.0,0.75,0.41666666666666663,71.49,Placed,B,C
0.9,0.7999999999999999,0.6000000000000001,0.5000000000000001,0.05,0.41666666666666663,91.57,Placed,A,C
0.1,0.06666666666666665,1.0,0.7000000000000001,0.2,0.4833333333333333,74.71,Placed,B,C
0.1,0.9500000000000001,0.0,0.20000000000000004,0.7000000000000001,0.43333333333333324,84.32,Placed,A,C
0.30000000000000004,0.08333333333333337,0.40000000000000013,0.0,0.0,0.25,69.8,Not Placed,C,D
0.0,0.9666666666666667,1.0,0.5000000000000001,0.9,0.7833333333333333,90.78,Placed,A,A
0.20000000000000004,0.9166666666666666,0.8,0.1,0.1,0.8333333333333334,81.57,Placed,A,A
0.8,0.9666666666666667,0.6000000000000001,0.8,0.9,0.04999999999999993,100.0,Placed,A,F
0.6000000000000001,0.7666666666666667,0.6000000000000001,0.4,0.7000000000000001,0.8333333333333334,100.0,Placed,A,A
0.6000000000000001,0.4,0.8,0.4,0.1,0.29999999999999993,69.27,Not Placed,C,D
1.0,0.9666666666666667,0.19999999999999996,0.9,0.35000000000000003,0.5499999999999999,100.0,Placed,A,C
0.30000000000000004,0.8333333333333334,0.40000000000000013,0.7000000000000001,0.7000000000000001,0.08333333333333326,95.58,Placed,A,F
0.1,0.8166666666666668,0.19999999999999996,0.5000000000000001,0.0,0.7333333333333333,72.77,Placed,B,B
0.30000000000000004,1.0,0.8,0.20000000000000004,0.25,0.23333333333333328,83.42,Placed,A,F
0.5000000000000001,0.050000000000000044,0.8,0.8,0.8,0.1499999999999999,85.35,Placed,A,F
1.0,0.65,0.40000000000000013,0.9,0.75,0.8833333333333332,100.0,Placed,A,A
1.0,0.9666666666666667,0.8,0.30000000000000004,0.6000000000000001,0.6833333333333332,100.0,Placed,A,B
0.20000000000000004,0.7833333333333333,0.8,0.9,0.0,0.5833333333333334,74.51,Placed,B,B
0.0,0.5166666666666667,1.0,0.30000000000000004,0.1,0.7499999999999999,75.87,Placed,B,A
0.7000000000000001,0.9166666666666666,0.40000000000000013,0.1,0.25,0.65,100.0,Placed,A,B
0.4,0.8333333333333334,0.6000000000000001,0.20000000000000004,0.9500000000000001,0.08333333333333326,100.0,Placed,A,F
0.4,0.85,0.19999999999999996,0.30000000000000004,1.0,0.7166666666666667,100.0,Placed,A,B
1.0,0.5666666666666668,0.6000000000000001,0.6000000000000001,0.1,0.65,79.26,Placed,B,B
0.30000000000000004,0.15000000000000002,0.6000000000000001,0.20000000000000004,0.7000000000000001,0.08333333333333326,81.46,Placed,A,F
0.5000000000000001,0.5499999999999999,1.0,0.7000000000000001,0.7000000000000001,0.23333333333333328,90.03,Placed,A,F
0.20000000000000004,0.5833333333333334,0.19999999999999996,0.7000000000000001,0.5,0.4666666666666667,71.23,Placed,B,C
0.8,0.08333333333333337,0.6000000000000001,0.9,0.25,0.3999999999999999,78.88,Placed,B,D
0.4,0.7000000000000001,0.40000000000000013,1.0,0.25,0.29999999999999993,75.02,Placed,B,D
0.20000000000000004,0.7500000000000001,0.19999999999999996,0.1,0.4,0.21666666666666667,61.6,Not Placed,C,F
1.0,0.25,0.0,0.30000000000000004,0.65,0.033333333333333326,80.84,Placed,A,F
0.0,0.9666666666666667,1.0,0.7000000000000001,0.5,0.8166666666666665,78.02,Placed,B,A
0.9,0.8666666666666666,0.6000000000000001,0.0,0.25,0.6833333333333332,100.0,Placed,A,B
0.5000000000000001,0.30000000000000004,0.8,0.0,0.8500000000000001,0.7499999999999999,100.0,Placed,A,A
0.1,0.5499999999999999,0.19999999999999996,0.30000000000000004,0.9500000000000001,0.21666666666666667,87.85,Placed,A,F
0.20000000000000004,0.4,0.0,1.0,0.7000000000000001,0.8833333333333332,87.0,Placed,A,A
0.0,0.5000000000000001,0.8,0.1,0.4,0.6333333333333332,83.77,Placed,A,B
0.8,0.7999999999999999,0.0,0.0,0.5,0.6333333333333332,100.0,Placed,A,B
0.7000000000000001,0.6666666666666666,0.6000000000000001,0.7000000000000001,0.05,0.33333333333333326,78.68,Placed,B,D
0.1,0.2666666666666667,0.8,0.1,0.25,0.8833333333333332,87.79,Placed,A,A
1.0,0.7666666666666667,0.6000000000000001,0.30000000000000004,0.65,0.9,100.0,Placed,A,A
0.7000000000000001,0.4833333333333333,0.8,0.20000000000000004,0.65,0.16666666666666663,86.74,Placed,A,F
0.8,0.6333333333333334,0.19999999999999996,0.1,0.6000000000000001,0.8166666666666665,100.0,Placed,A,A
0.0,0.8833333333333334,0.40000000000000013,0.7000000000000001,0.2,0.1499999999999999,56.41,Not Placed,D,F
0.4,0.9,0.40000000000000013,0.20000000000000004,0.4,0.23333333333333328,92.83,Placed,A,F
0.7000000000000001,0.5000000000000001,0.0,0.8,0.5,0.4833333333333333,91.06,Placed,A,C
1.0,0.30000000000000004,1.0,0.9,0.30000000000000004,0.7166666666666667,100.0,Placed,A,B
0.1,0.5666666666666668,0.8,0.4,0.05,0.9,92.86,Placed,A,A
0.30000000000000004,0.4666666666666667,0.6000000000000001,0.8,0.55,0.2666666666666666,82.58,Placed,A,D
0.6000000000000001,0.9666666666666667,1.0,0.20000000000000004,0.2,0.8833333333333332,100.0,Placed,A,A
0.20000000000000004,0.0,0.19999999999999996,0.4,0.05,0.9166666666666666,54.31,Not Placed,D,A
0.4,0.050000000000000044,0.19999999999999996,0.9,0.65,0.4666666666666667,76.81,Placed,B,C
0.7000000000000001,0.45000000000000007,0.19999999999999996,0.5000000000000001,0.30000000000000004,0.2666666666666666,75.77,Placed,B,D
0.9,0.2833333333333333,0.40000000000000013,0.8,0.2,0.5333333333333333,74.57,Placed,B,C
0.20000000000000004,0.41666666666666663,0.6000000000000001,0.7000000000000001,0.15000000000000002,0.6166666666666666,65.13,Not Placed,C,B
0.30000000000000004,0.65,0.19999999999999996,0.1,0.45,0.33333333333333326,79.35,Placed,B,D
0.8,0.30000000000000004,0.19999999999999996,0.1,0.75,0.7666666666666667,100.0,Placed,A,A
0.6000000000000001,0.9,0.0,0.4,0.25,0.8333333333333334,100.0,Placed,A,A
0.0,0.9,0.8,0.4,1.0,0.21666666666666667,98.09,Placed,A,F
0.30000000000000004,0.9833333333333333,0.8,0.4,0.25,0.1499999999999999,79.92,Placed,B,F
0.30000000000000004,0.9333333333333335,0.8,0.30000000000000004,0.4,0.9999999999999999,100.0,Placed,A,A
0.8,0.08333333333333337,1.0,0.7000000000000001,0.0,0.6833333333333332,93.85,Placed,A,B
0.5000000000000001,0.0,0.0,1.0,0.75,0.3666666666666666,82.53,Placed,A,D
0.8,0.1166666666666667,0.40000000000000013,0.4,0.8,0.6333333333333332,100.0,Placed,A,B
0.5000000000000001,0.5333333333333333,1.0,0.0,0.6000000000000001,0.6333333333333332,100.0,Placed,A,B
0.5000000000000001,0.8333333333333334,0.0,0.9,0.25,0.21666666666666667,73.02,Placed,B,F
0.4,0.7000000000000001,0.19999999999999996,0.4,0.05,0.7666666666666667,79.68,Placed,B,A
0.4,0.33333333333333337,0.6000000000000001,0.0,0.35000000000000003,0.35,61.5,Not Placed,C,D
0.1,0.3833333333333334,1.0,0.30000000000000004,0.15000000000000002,0.85,75.6,Placed,B,A
0.7000000000000001,0.4,1.0,0.0,0.4,0.6666666666666666,100.0,Placed,A,B
0.7000000000000001,0.7666666666666667,0.19999999999999996,0.5000000000000001,0.30000000000000004,0.44999999999999984,95.37,Placed,A,C
1.0,0.9,0.19999999999999996,0.5000000000000001,1.0,0.7666666666666667,100.0,Placed,A,A
0.0,0.9333333333333335,0.6000000000000001,0.0,0.0,0.1333333333333333,64.17,Not Placed,C,F
0.7000000000000001,0.7000000000000001,0.8,0.7000000000000001,0.65,0.3666666666666666,86.65,Placed,A,D
0.4,0.30000000000000004,1.0,0.30000000000000004,0.05,0.09999999999999998,58.86,Not Placed,D,F
0.1,0.4666666666666667,0.0,0.1,0.35000000000000003,0.3833333333333333,60.55,Not Placed,C,D
0.1,0.8666666666666666,0.40000000000000013,0.0,0.5,0.6999999999999998,81.7,Placed,A,B
0.5000000000000001,0.15000000000000002,0.19999999999999996,1.0,0.2,0.6,100.0,Placed,A,B
1.0,0.9166666666666666,0.19999999999999996,0.20000000000000004,0.8500000000000001,0.9666666666666667,100.0,Placed,A,A
0.8,0.18333333333333335,0.40000000000000013,0.6000000000000001,0.55,0.1333333333333333,95.35,Placed,A,F
0.0,0.5333333333333333,0.0,0.9,1.0,0.6166666666666666,90.36,Placed,A,B
0.5000000000000001,0.9166666666666666,0.19999999999999996,1.0,0.9500000000000001,0.09999999999999998,89.79,Placed,A,F
0.8,0.09999999999999998,0.40000000000000013,0.9,0.9,0.9833333333333333,100.0,Placed,A,A
0.7000000000000001,0.2666666666666667,0.19999999999999996,0.7000000000000001,0.2,0.3666666666666666,84.1,Placed,A,D
1.0,1.0,0.8,0.4,0.30000000000000004,0.3999999999999999,100.0,Placed,A,D
0.5000000000000001,1.0,0.8,0.6000000000000001,0.05,0.9,81.04,Placed,A,A
0.20000000000000004,0.9500000000000001,0.19999999999999996,0.1,0.8,0.7499999999999999,100.0,Placed,A,A
0.7000000000000001,0.9833333333333333,0.19999999999999996,0.30000000000000004,0.6000000000000001,0.8333333333333334,100.0,Placed,A,A
0.8,0.15000000000000002,0.8,0.5000000000000001,0.5,0.35,100.0,Placed,A,D
0.0,0.5000000000000001,0.19999999999999996,0.4,0.2,0.8833333333333332,56.41,Not Placed,D,A
0.8,0.9833333333333333,0.0,0.5000000000000001,0.6000000000000001,0.6999999999999998,100.0,Placed,A,B
0.5000000000000001,0.08333333333333337,0.0,0.1,0.6000000000000001,0.9833333333333333,98.42,Placed,A,A
0.5000000000000001,0.2666666666666667,0.6000000000000001,0.6000000000000001,0.35000000000000003,0.09999999999999998,72.3,Placed,B,F
0.30000000000000004,0.8166666666666668,0.0,0.7000000000000001,0.5,0.08333333333333326,55.37,Not Placed,D,F
0.0,0.6,1.0,1.0,0.35000000000000003,0.5833333333333334,81.12,Placed,A,B
0.9,0.2833333333333333,1.0,0.8,0.45,0.7499999999999999,100.0,Placed,A,A
0.7000000000000001,0.41666666666666663,1.0,0.5000000000000001,0.5,0.35,100.0,Placed,A,D
0.1,0.7999999999999999,0.19999999999999996,0.6000000000000001,0.0,0.5666666666666665,59.35,Not Placed,D,C
0.0,0.8833333333333334,0.19999999999999996,0.0,0.30000000000000004,0.7999999999999999,80.74,Placed,A,A
0.1,0.25,0.40000000000000013,0.8,0.35000000000000003,0.7666666666666667,65.74,Not Placed,C,A
0.0,0.1166666666666667,1.0,0.5000000000000001,0.25,0.5333333333333333,49.29,Not Placed,F,C
0.0,0.3833333333333334,1.0,0.30000000000000004,0.65,0.33333333333333326,84.61,Placed,A,D
0.8,0.20000000000000007,0.0,0.9,0.9500000000000001,0.16666666666666663,94.34,Placed,A,F
0.0,0.4666666666666667,0.8,0.8,0.30000000000000004,0.19999999999999996,64.27,Not Placed,C,F
0.30000000000000004,0.5166666666666667,0.8,0.0,0.1,0.9166666666666666,93.69,Placed,A,A
0.9,0.3833333333333334,0.6000000000000001,0.1,0.05,0.033333333333333326,76.75,Placed,B,F
0.5000000000000001,0.25,0.40000000000000013,0.20000000000000004,0.8500000000000001,0.19999999999999996,83.95,Placed,A,F
0.6000000000000001,0.16666666666666674,0.8,0.0,0.1,0.8166666666666665,100.0,Placed,A,A
0.1,0.5166666666666667,0.6000000000000001,0.1,0.65,0.9166666666666666,100.0,Placed,A,A
0.5000000000000001,0.08333333333333337,0.0,0.1,0.8500000000000001,0.6666666666666666,94.8,Placed,A,B
0.6000000000000001,0.9666666666666667,0.40000000000000013,0.6000000000000001,0.6000000000000001,0.9333333333333332,100.0,Placed,A,A
0.9,0.5666666666666668,0.40000000000000013,0.9,0.35000000000000003,0.5499999999999999,91.19,Placed,A,C
0.9,0.5333333333333333,1.0,0.5000000000000001,0.15000000000000002,0.44999999999999984,100.0,Placed,A,C
0.1,0.2833333333333333,0.19999999999999996,0.8,0.7000000000000001,0.65,61.32,Not Placed,C,B
0.1,0.6,1.0,0.4,0.55,0.5499999999999999,88.47,Placed,A,C
0.9,0.20000000000000007,0.0,0.8,0.65,0.5166666666666667,97.33,Placed,A,C
0.6000000000000001,0.15000000000000002,1.0,0.9,0.9500000000000001,0.3666666666666666,100.0,Placed,A,D
0.0,0.6,0.40000000000000013,0.8,0.30000000000000004,0.3833333333333333,66.71,Not Placed,C,D
0.7000000000000001,0.41666666666666663,1.0,0.1,0.55,0.0,100.0,Placed,A,F
1.0,0.7500000000000001,0.6000000000000001,0.8,0.4,0.3833333333333333,100.0,Placed,A,D
0.20000000000000004,0.2666666666666667,1.0,0.20000000000000004,0.45,0.033333333333333326,51.59,Not Placed,D,F
1.0,0.0,0.8,1.0,0.35000000000000003,0.9999999999999999,90.13,Placed,A,A
0.5000000000000001,0.4,0.0,0.20000000000000004,0.9500000000000001,0.2666666666666666,92.68,Placed,A,D
0.8,0.5499999999999999,0.0,1.0,0.05,0.09999999999999998,70.94,Placed,B,F
0.5000000000000001,0.6333333333333334,0.40000000000000013,0.8,0.75,0.1499999999999999,92.45,Placed,A,F
0.8,0.15000000000000002,1.0,0.6000000000000001,1.0,0.29999999999999993,100.0,Placed,A,D
0.6000000000000001,0.31666666666666665,0.40000000000000013,1.0,0.8500000000000001,0.3833333333333333,100.0,Placed,A,D
0.8,0.09999999999999998,0.40000000000000013,0.7000000000000001,0.9500000000000001,0.1333333333333333,100.0,Placed,A,F
0.1,0.9166666666666666,0.6000000000000001,0.6000000000000001,0.45,0.8166666666666665,90.16,Placed,A,A
0.7000000000000001,0.25,0.19999999999999996,0.8,0.25,0.23333333333333328,78.41,Placed,B,F
0.7000000000000001,0.6,0.40000000000000013,0.7000000000000001,0.25,0.7999999999999999,90.25,Placed,A,A
0.1,0.4666666666666667,0.19999999999999996,0.30000000000000004,0.9500000000000001,0.9166666666666666,98.65,Placed,A,A
0.30000000000000004,0.9833333333333333,0.19999999999999996,0.1,0.6000000000000001,0.9499999999999998,100.0,Placed,A,A
1.0,0.18333333333333335,0.0,1.0,0.9,0.35,100.0,Placed,A,D
0.6000000000000001,0.2666666666666667,0.8,0.4,0.8,0.9499999999999998,100.0,Placed,A,A
1.0,0.7833333333333333,0.8,0.1,0.05,0.2666666666666666,100.0,Placed,A,D
0.30000000000000004,0.31666666666666665,1.0,0.30000000000000004,0.8500000000000001,0.29999999999999993,94.52,Placed,A,D
0.30000000000000004,0.41666666666666663,0.6000000000000001,0.1,0.30000000000000004,0.1333333333333333,76.47,Placed,B,F
0.5000000000000001,0.7833333333333333,0.6000000000000001,0.4,0.65,0.9333333333333332,100.0,Placed,A,A
0.9,0.30000000000000004,0.8,0.5000000000000001,0.7000000000000001,0.6166666666666666,100.0,Placed,A,B
0.5000000000000001,0.9500000000000001,1.0,1.0,0.35000000000000003,0.29999999999999993,100.0,Placed,A,D
0.9,0.7666666666666667,0.8,0.0,0.4,0.11666666666666659,100.0,Placed,A,F
0.20000000000000004,0.18333333333333335,1.0,0.7000000000000001,1.0,0.08333333333333326,92.41,Placed,A,F
0.8,0.33333333333333337,1.0,0.1,0.5,0.7999999999999999,100.0,Placed,A,A
0.9,0.6833333333333335,1.0,0.4,0.1,0.6166666666666666,93.57,Placed,A,B
1.0,1.0,1.0,1.0,0.9500000000000001,0.7333333333333333,100.0,Placed,A,B
0.1,0.9500000000000001,0.0,0.7000000000000001,0.65,0.33333333333333326,75.46,Placed,B,D
0.5000000000000001,1.0,0.0,0.4,0.35000000000000003,0.9166666666666666,100.0,Placed,A,A
0.6000000000000001,0.8833333333333334,0.8,0.20000000000000004,0.1,0.4666666666666667,100.0,Placed,A,C
0.8,0.5499999999999999,1.0,0.5000000000000001,0.8500000000000001,0.5499999999999999,100.0,Placed,A,C
0.20000000000000004,0.09999999999999998,0.40000000000000013,0.0,0.65,0.18333333333333324,64.44,Not Placed,C,F
0.9,0.7333333333333333,1.0,0.0,0.9500000000000001,0.6333333333333332,100.0,Placed,A,B
0.20000000000000004,0.5666666666666668,0.40000000000000013,0.7000000000000001,0.35000000000000003,0.5166666666666667,68.28,Not Placed,C,C
0.6000000000000001,0.2333333333333334,0.0,0.6000000000000001,0.8,0.08333333333333326,90.28,Placed,A,F
0.30000000000000004,0.0,1.0,0.9,0.35000000000000003,0.2666666666666666,62.71,Not Placed,C,D
0.7000000000000001,0.41666666666666663,0.19999999999999996,0.9,0.2,0.5166666666666667,71.19,Placed,B,C
0.6000000000000001,0.5666666666666668,0.8,1.0,0.55,0.9833333333333333,100.0,Placed,A,A
0.4,0.4,1.0,1.0,0.05,0.11666666666666659,55.03,Not Placed,D,F
0.6000000000000001,0.6833333333333335,0.6000000000000001,0.20000000000000004,0.8,0.6166666666666666,100.0,Placed,A,B
0.20000000000000004,0.9666666666666667,0.40000000000000013,0.7000000000000001,0.6000000000000001,0.4666666666666667,75.65,Placed,B,C
0.1,0.9666666666666667,1.0,1.0,0.65,0.4999999999999999,76.59,Placed,B,C
0.5000000000000001,0.2333333333333334,0.19999999999999996,0.7000000000000001,0.4,0.29999999999999993,74.39,Placed,B,D
0.1,0.35,0.40000000000000013,0.0,0.4,0.8666666666666666,74.39,Placed,B,A
0.20000000000000004,0.9666666666666667,0.19999999999999996,0.9,0.4,0.9,100.0,Placed,A,A
0.5000000000000001,0.08333333333333337,0.8,0.6000000000000001,0.9500000000000001,0.1333333333333333,97.69,Placed,A,F
0.4,0.85,0.8,0.1,0.25,0.85,100.0,Placed,A,A
0.7000000000000001,0.2333333333333334,0.8,0.1,0.55,0.44999999999999984,100.0,Placed,A,C
0.8,0.3833333333333334,0.0,0.1,0.45,0.7833333333333333,100.0,Placed,A,A
1.0,0.33333333333333337,0.19999999999999996,0.4,0.2,0.8166666666666665,100.0,Placed,A,A
0.20000000000000004,0.09999999999999998,1.0,0.6000000000000001,0.8500000000000001,0.8333333333333334,67.86,Not Placed,C,A
0.9,0.9333333333333335,0.6000000000000001,0.30000000000000004,0.30000000000000004,0.6333333333333332,100.0,Placed,A,B
0.20000000000000004,1.0,0.6000000000000001,1.0,0.6000000000000001,0.65,72.2,Placed,B,B
0.20000000000000004,0.4666666666666667,0.8,0.30000000000000004,0.0,0.8666666666666666,80.67,Placed,A,A
0.5000000000000001,0.5166666666666667,0.6000000000000001,0.8,0.25,0.4999999999999999,70.43,Placed,B,C
0.0,0.5166666666666667,0.40000000000000013,0.9,1.0,0.29999999999999993,75.29,Placed,B,D
0.6000000000000001,0.8666666666666666,0.19999999999999996,0.8,1.0,0.5333333333333333,100.0,Placed,A,C
0.0,0.9666666666666667,0.19999999999999996,0.6000000000000001,0.35000000000000003,0.41666666666666663,83.77,Placed,A,C
0.4,0.06666666666666665,0.19999999999999996,0.9,0.4,0.7333333333333333,97.41,Placed,A,B
0.9,0.050000000000000044,0.40000000000000013,0.30000000000000004,0.30000000000000004,0.0,92.27,Placed,A,F
0.7000000000000001,0.35,1.0,0.7000000000000001,0.45,0.16666666666666663,99.93,Placed,A,F
0.30000000000000004,0.2833333333333333,0.0,0.9,0.35000000000000003,0.016666666666666607,53.57,Not Placed,D,F
0.4,0.5666666666666668,0.40000000000000013,0.20000000000000004,0.05,0.8666666666666666,80.62,Placed,A,A
0.30000000000000004,0.2666666666666667,0.19999999999999996,0.20000000000000004,0.8500000000000001,0.5666666666666665,73.03,Placed,B,C
0.30000000000000004,0.8166666666666668,0.19999999999999996,0.6000000000000001,0.7000000000000001,0.19999999999999996,85.92,Placed,A,F
0.7000000000000001,0.8166666666666668,0.19999999999999996,1.0,0.25,0.6333333333333332,89.19,Placed,A,B
0.1,0.9166666666666666,1.0,0.8,0.65,0.5499999999999999,92.64,Placed,A,C
0.0,0.3833333333333334,0.6000000000000001,1.0,0.8500000000000001,0.5499999999999999,69.29,Not Placed,C,C
0.20000000000000004,0.01666666666666672,0.0,0.30000000000000004,0.1,0.5666666666666665,43.19,Not Placed,F,C
0.8,0.20000000000000007,0.40000000000000013,0.30000000000000004,0.0,0.5166666666666667,73.61,Placed,B,C
0.30000000000000004,0.8833333333333334,0.19999999999999996,0.0,0.0,0.7333333333333333,99.62,Placed,A,B
0.9,0.2333333333333334,0.8,0.0,0.65,0.18333333333333324,100.0,Placed,A,F
0.4,0.06666666666666665,0.0,0.20000000000000004,0.0,0.5333333333333333,48.68,Not Placed,F,C
0.1,0.033333333333333326,0.8,0.6000000000000001,0.0,0.2833333333333333,42.3,Not Placed,F,D
0.30000000000000004,0.6,0.0,0.8,0.15000000000000002,0.06666666666666665,38.64,Not Placed,F,F
0.1,0.6,0.19999999999999996,0.30000000000000004,0.55,0.29999999999999993,74.31,Placed,B,D
0.1,0.6,0.0,0.1,0.7000000000000001,0.4999999999999999,84.27,Placed,A,C
0.30000000000000004,0.033333333333333326,0.0,0.5000000000000001,0.15000000000000002,0.43333333333333324,57.14,Not Placed,D,C
0.5000000000000001,0.5666666666666668,0.19999999999999996,0.5000000000000001,0.45,0.6833333333333332,87.86,Placed,A,B
0.6000000000000001,0.85,1.0,0.8,0.5,0.6166666666666666,100.0,Placed,A,B
0.9,0.3666666666666666,0.8,0.30000000000000004,0.25,0.8166666666666665,100.0,Placed,A,A
0.20000000000000004,0.9833333333333333,1.0,0.7000000000000001,0.45,0.23333333333333328,90.14,Placed,A,F
0.20000000000000004,0.45000000000000007,0.8,0.20000000000000004,0.55,0.7499999999999999,100.0,Placed,A,A
0.9,0.9833333333333333,0.6000000000000001,0.1,0.1,0.9166666666666666,100.0,Placed,A,A
0.5000000000000001,0.4833333333333333,0.8,0.8,0.7000000000000001,0.7833333333333333,97.85,Placed,A,A
0.20000000000000004,0.2833333333333333,0.8,0.5000000000000001,0.75,0.04999999999999993,85.13,Placed,A,F
0.1,0.9500000000000001,0.0,1.0,0.45,0.29999999999999993,60.98,Not Placed,C,D
0.7000000000000001,0.85,0.6000000000000001,0.7000000000000001,0.5,0.33333333333333326,98.56,Placed,A,D
0.4,0.5833333333333334,0.19999999999999996,1.0,0.75,0.65,85.92,Placed,A,B
0.0,0.5333333333333333,0.19999999999999996,0.9,0.8,0.9333333333333332,100.0,Placed,A,A
0.20000000000000004,0.41666666666666663,0.40000000000000013,0.8,0.65,0.0,72.05,Placed,B,F
0.9,0.7833333333333333,0.6000000000000001,0.0,0.75,0.31666666666666665,100.0,Placed,A,D
0.7000000000000001,0.65,0.0,0.0,0.65,0.35,100.0,Placed,A,D
0.30000000000000004,0.2666666666666667,0.40000000000000013,1.0,0.25,0.8833333333333332,78.35,Placed,B,A
0.6000000000000001,0.65,0.40000000000000013,0.4,0.45,0.19999999999999996,78.77,Placed,B,F
0.9,0.09999999999999998,0.19999999999999996,0.8,0.8,0.6666666666666666,100.0,Placed,A,B
0.1,0.9333333333333335,0.8,0.6000000000000001,0.45,0.0,70.39,Placed,B,F
0.6000000000000001,0.1166666666666667,0.0,0.6000000000000001,1.0,0.23333333333333328,79.05,Placed,B,F
0.4,0.8666666666666666,0.6000000000000001,0.1,0.45,0.9999999999999999,97.23,Placed,A,A
0.4,0.9166666666666666,0.40000000000000013,0.20000000000000004,0.65,0.23333333333333328,100.0,Placed,A,F
0.5000000000000001,0.5000000000000001,0.0,0.30000000000000004,0.9500000000000001,0.21666666666666667,87.51,Placed,A,F
0.8,0.9666666666666667,0.19999999999999996,0.1,0.8,0.06666666666666665,100.0,Placed,A,F
0.5000000000000001,0.9500000000000001,0.40000000000000013,0.9,0.4,0.9499999999999998,100.0,Placed,A,A
0.7000000000000001,0.18333333333333335,0.40000000000000013,0.8,0.7000000000000001,0.7999999999999999,96.47,Placed,A,A
0.6000000000000001,0.7833333333333333,1.0,0.4,0.30000000000000004,0.08333333333333326,96.09,Placed,A,F
0.8,0.5000000000000001,0.19999999999999996,0.6000000000000001,0.05,0.6666666666666666,93.38,Placed,A,B
0.30000000000000004,0.7166666666666667,1.0,1.0,0.15000000000000002,0.4999999999999999,85.27,Placed,A,C
0.1,0.30000000000000004,0.19999999999999996,0.8,0.9500000000000001,0.85,89.25,Placed,A,A
0.6000000000000001,0.15000000000000002,0.19999999999999996,0.4,0.8500000000000001,0.41666666666666663,92.88,Placed,A,C
0.5000000000000001,0.6333333333333334,1.0,0.5000000000000001,0.5,0.9499999999999998,100.0,Placed,A,A
0.0,0.18333333333333335,0.0,0.30000000000000004,0.2,0.3999999999999999,59.41,Not Placed,D,D
1.0,0.31666666666666665,0.0,0.7000000000000001,0.35000000000000003,0.8333333333333334,98.17,Placed,A,A
0.8,0.6,0.0,0.0,0.9500000000000001,0.9666666666666667,100.0,Placed,A,A
0.8,0.7833333333333333,0.8,0.0,0.2,0.9,100.0,Placed,A,A
0.1,0.6666666666666666,0.40000000000000013,0.4,0.05,0.8666666666666666,89.29,Placed,A,A
0.20000000000000004,0.09999999999999998,0.0,0.9,0.2,0.9499999999999998,62.82,Not Placed,C,A
0.4,0.85,0.8,0.8,0.1,0.7999999999999999,93.58,Placed,A,A
0.4,0.8833333333333334,0.40000000000000013,0.1,0.55,0.6333333333333332,100.0,Placed,A,B
0.0,0.9500000000000001,0.0,1.0,0.9,0.65,73.5,Placed,B,B
0.7000000000000001,0.21666666666666667,0.19999999999999996,0.20000000000000004,0.30000000000000004,0.23333333333333328,88.0,Placed,A,F
0.7000000000000001,0.16666666666666674,0.6000000000000001,0.7000000000000001,0.9,0.08333333333333326,72.88,Placed,B,F
0.30000000000000004,0.09999999999999998,0.0,0.4,0.15000000000000002,0.0,59.4,Not Placed,D,F
0.6000000000000001,0.4666666666666667,0.6000000000000001,0.20000000000000004,0.65,0.6666666666666666,100.0,Placed,A,B
1.0,0.15000000000000002,0.0,0.5000000000000001,0.9,0.09999999999999998,72.64,Placed,B,F
0.9,0.4666666666666667,0.19999999999999996,0.5000000000000001,0.8500000000000001,0.8833333333333332,100.0,Placed,A,A
0.20000000000000004,0.13333333333333341,0.6000000000000001,0.4,0.30000000000000004,0.85,60.19,Not Placed,C,A
0.5000000000000001,0.5833333333333334,0.8,0.4,0.7000000000000001,0.8333333333333334,100.0,Placed,A,A
0.9,0.7833333333333333,0.19999999999999996,0.5000000000000001,1.0,0.04999999999999993,100.0,Placed,A,F
0.9,0.15000000000000002,0.6000000000000001,0.1,0.0,0.0,97.72,Placed,A,F
0.8,0.30000000000000004,0.6000000000000001,0.5000000000000001,0.55,0.6666666666666666,100.0,Placed,A,B
0.0,0.9166666666666666,1.0,0.1,0.9,0.016666666666666607,85.7,Placed,A,F
0.4,0.5000000000000001,1.0,0.20000000000000004,0.25,0.7833333333333333,100.0,Placed,A,A
0.30000000000000004,0.2666666666666667,0.19999999999999996,0.1,0.6000000000000001,0.5499999999999999,91.8,Placed,A,C
0.7000000000000001,0.13333333333333341,0.19999999999999996,0.0,0.25,0.5666666666666665,100.0,Placed,A,C
1.0,0.7333333333333333,0.19999999999999996,0.0,0.6000000000000001,0.7499999999999999,100.0,Placed,A,A
0.0,0.5333333333333333,0.40000000000000013,0.8,0.7000000000000001,0.19999999999999996,66.66,Not Placed,C,F
0.8,0.5499999999999999,0.8,0.30000000000000004,0.75,0.2666666666666666,96.94,Placed,A,D
0.5000000000000001,0.7333333333333333,0.0,0.4,0.35000000000000003,0.1499999999999999,92.8,Placed,A,F
0.30000000000000004,0.3833333333333334,1.0,0.9,0.6000000000000001,0.033333333333333326,72.46,Placed,B,F
0.8,0.13333333333333341,0.6000000000000001,0.6000000000000001,0.6000000000000001,0.04999999999999993,80.31,Placed,A,F
1.0,0.09999999999999998,1.0,0.1,0.9500000000000001,0.3999999999999999,100.0,Placed,A,D
0.4,0.25,0.0,1.0,0.9500000000000001,0.6,76.7,Placed,B,B
0.4,0.30000000000000004,0.19999999999999996,0.9,0.55,0.6999999999999998,86.72,Placed,A,B
0.4,0.6333333333333334,1.0,0.8,0.9,0.6166666666666666,100.0,Placed,A,B
0.0,0.08333333333333337,0.8,0.30000000000000004,0.8,0.4666666666666667,87.82,Placed,A,C
0.0,0.8166666666666668,0.8,0.9,0.1,0.0,67.9,Not Placed,C,F
0.7000000000000001,0.8333333333333334,0.40000000000000013,0.9,0.7000000000000001,0.8333333333333334,92.65,Placed,A,A
0.7000000000000001,0.16666666666666674,1.0,0.0,0.8,0.4833333333333333,100.0,Placed,A,C
0.5000000000000001,1.0,0.19999999999999996,0.7000000000000001,0.25,0.6333333333333332,92.49,Placed,A,B
1.0,0.18333333333333335,0.6000000000000001,0.30000000000000004,0.9,0.9,100.0,Placed,A,A
0.30000000000000004,1.0,0.40000000000000013,0.6000000000000001,0.55,0.1499999999999999,75.32,Placed,B,F
0.1,0.9500000000000001,0.19999999999999996,0.20000000000000004,0.15000000000000002,0.4666666666666667,75.45,Placed,B,C
0.1,0.6833333333333335,0.40000000000000013,1.0,1.0,0.7166666666666667,81.4,Placed,A,B
0.8,0.20000000000000007,1.0,0.8,0.55,0.5166666666666667,100.0,Placed,A,C
0.4,0.18333333333333335,0.0,0.4,0.05,0.7166666666666667,71.38,Placed,B,B
0.30000000000000004,0.33333333333333337,1.0,0.4,0.30000000000000004,0.9999999999999999,89.75,Placed,A,A
0.9,0.15000000000000002,0.19999999999999996,0.20000000000000004,0.75,0.0,100.0,Placed,A,F
0.0,0.31666666666666665,0.6000000000000001,1.0,0.55,0.6666666666666666,80.9,Placed,A,B
0.6000000000000001,0.8166666666666668,0.6000000000000001,0.8,0.75,0.2666666666666666,97.61,Placed,A,D
0.20000000000000004,0.5833333333333334,0.19999999999999996,0.20000000000000004,0.65,0.9,93.39,Placed,A,A
0.5000000000000001,0.45000000000000007,0.40000000000000013,0.1,0.0,0.18333333333333324,80.07,Placed,A,F
0.4,0.3833333333333334,0.8,1.0,0.4,0.9833333333333333,91.78,Placed,A,A
0.4,0.06666666666666665,0.19999999999999996,0.8,0.30000000000000004,0.016666666666666607,55.93,Not Placed,D,F
1.0,0.6,1.0,0.8,0.2,0.1333333333333333,90.33,Placed,A,F
0.4,1.0,0.6000000000000001,0.9,0.45,0.18333333333333324,89.89,Placed,A,F
0.0,0.9833333333333333,0.0,0.30000000000000004,0.45,0.9833333333333333,81.6,Placed,A,A
0.0,0.18333333333333335,0.6000000000000001,0.30000000000000004,0.8500000000000001,0.3999999999999999,71.2,Placed,B,D
0.20000000000000004,0.9500000000000001,0.8,1.0,0.30000000000000004,0.9333333333333332,92.19,Placed,A,A
0.9,0.5666666666666668,0.6000000000000001,0.9,0.8500000000000001,0.5833333333333334,100.0,Placed,A,B
0.30000000000000004,1.0,0.8,0.5000000000000001,0.6000000000000001,0.8833333333333332,100.0,Placed,A,A
0.4,0.65,0.19999999999999996,0.8,0.5,0.9999999999999999,77.75,Placed,B,A
0.1,0.8833333333333334,0.6000000000000001,0.7000000000000001,0.45,0.7166666666666667,87.38,Placed,A,B
0.7000000000000001,0.01666666666666672,0.40000000000000013,0.9,0.4,0.8166666666666665,69.83,Not Placed,C,A
1.0,0.8166666666666668,1.0,0.20000000000000004,0.7000000000000001,0.5666666666666665,100.0,Placed,A,C
1.0,0.6666666666666666,0.40000000000000013,0.5000000000000001,0.65,0.35,100.0,Placed,A,D
0.1,0.7333333333333333,1.0,0.6000000000000001,0.1,0.5333333333333333,74.19,Placed,B,C
0.8,0.6333333333333334,0.6000000000000001,0.5000000000000001,0.65,0.9,100.0,Placed,A,A
0.1,0.6833333333333335,0.6000000000000001,0.20000000000000004,1.0,0.8166666666666665,100.0,Placed,A,A
0.8,0.13333333333333341,1.0,0.8,0.75,0.9166666666666666,100.0,Placed,A,A
0.6000000000000001,0.35,0.0,0.30000000000000004,0.1,0.33333333333333326,93.01,Placed,A,D
0.7000000000000001,0.7666666666666667,0.6000000000000001,0.1,0.35000000000000003,0.9,100.0,Placed,A,A
1.0,0.06666666666666665,0.0,0.8,0.05,0.65,94.26,Placed,A,B
0.1,0.18333333333333335,0.0,0.20000000000000004,0.05,0.8333333333333334,52.05,Not Placed,D,A
0.6000000000000001,0.0,1.0,0.5000000000000001,0.8500000000000001,0.35,94.77,Placed,A,D
0.5000000000000001,0.7166666666666667,0.0,0.4,0.30000000000000004,0.44999999999999984,77.2,Placed,B,C
0.30000000000000004,0.35,0.0,0.1,0.8,0.9333333333333332,94.33,Placed,A,A
0.6000000000000001,0.6166666666666666,0.19999999999999996,0.0,0.25,0.04999999999999993,86.83,Placed,A,F
0.30000000000000004,0.8333333333333334,0.40000000000000013,0.8,0.45,0.41666666666666663,86.37,Placed,A,C
0.1,0.30000000000000004,0.0,0.20000000000000004,0.30000000000000004,0.3666666666666666,65.68,Not Placed,C,D
0.9,0.25,0.40000000000000013,0.6000000000000001,0.15000000000000002,0.7833333333333333,88.68,Placed,A,A
0.6000000000000001,0.5000000000000001,0.0,0.8,0.5,0.7999999999999999,95.7,Placed,A,A
0.7000000000000001,0.8333333333333334,0.40000000000000013,0.8,0.75,0.9833333333333333,100.0,Placed,A,A
0.1,0.033333333333333326,0.6000000000000001,0.9,0.8,0.3666666666666666,84.06,Placed,A,D
0.4,0.3666666666666666,0.6000000000000001,0.5000000000000001,0.25,0.6666666666666666,73.64,Placed,B,B
0.0,0.6833333333333335,0.40000000000000013,0.7000000000000001,0.9500000000000001,0.9499999999999998,91.28,Placed,A,A
0.6000000000000001,0.9666666666666667,0.0,0.8,0.9,0.11666666666666659,98.98,Placed,A,F
0.7000000000000001,0.2833333333333333,0.19999999999999996,0.20000000000000004,0.9500000000000001,0.85,100.0,Placed,A,A
0.5000000000000001,0.41666666666666663,0.40000000000000013,0.5000000000000001,1.0,0.5166666666666667,100.0,Placed,A,C
0.4,0.20000000000000007,0.8,0.4,0.8500000000000001,0.8333333333333334,100.0,Placed,A,A
0.5000000000000001,0.9500000000000001,0.19999999999999996,0.6000000000000001,0.7000000000000001,0.6333333333333332,96.07,Placed,A,B
0.1,0.2833333333333333,0.8,0.6000000000000001,0.05,0.9999999999999999,65.41,Not Placed,C,A
0.0,0.033333333333333326,0.40000000000000013,0.8,0.9,0.7166666666666667,87.94,Placed,A,B
0.6000000000000001,0.9500000000000001,0.0,0.0,0.25,0.0,86.85,Placed,A,F
0.6000000000000001,0.9833333333333333,0.8,0.5000000000000001,0.55,0.9166666666666666,100.0,Placed,A,A
0.9,0.3666666666666666,0.40000000000000013,0.4,0.0,0.4833333333333333,82.58,Placed,A,C
1.0,0.033333333333333326,0.19999999999999996,0.30000000000000004,0.5,0.44999999999999984,97.91,Placed,A,C
0.9,0.9,0.0,0.9,0.9,0.2666666666666666,100.0,Placed,A,D
0.1,0.4,0.8,1.0,0.15000000000000002,0.3666666666666666,63.7,Not Placed,C,D
0.1,0.43333333333333346,0.40000000000000013,0.0,1.0,0.6166666666666666,97.37,Placed,A,B
0.0,0.9500000000000001,0.0,0.30000000000000004,0.9,0.9499999999999998,91.0,Placed,A,A
0.9,0.7166666666666667,0.0,0.9,1.0,0.3833333333333333,100.0,Placed,A,D
0.7000000000000001,0.43333333333333346,0.6000000000000001,1.0,0.25,0.35,71.32,Placed,B,D
0.7000000000000001,0.85,0.0,0.6000000000000001,0.35000000000000003,0.06666666666666665,83.68,Placed,A,F
0.0,0.6333333333333334,0.40000000000000013,0.30000000000000004,0.4,0.3999999999999999,92.74,Placed,A,D
1.0,0.4,0.19999999999999996,0.0,0.45,0.85,100.0,Placed,A,A
0.7000000000000001,0.3833333333333334,1.0,0.9,0.45,0.09999999999999998,90.07,Placed,A,F
0.8,0.1166666666666667,0.6000000000000001,0.0,0.45,0.8833333333333332,95.07,Placed,A,A
0.30000000000000004,0.13333333333333341,0.40000000000000013,0.0,0.15000000000000002,0.9499999999999998,91.76,Placed,A,A
0.0,0.7500000000000001,0.40000000000000013,1.0,0.8500000000000001,0.35,82.87,Placed,A,D
0.0,0.6,0.40000000000000013,0.9,0.55,0.9666666666666667,100.0,Placed,A,A
0.20000000000000004,0.4833333333333333,0.8,0.4,0.5,0.7166666666666667,89.65,Placed,A,B
0.4,0.8666666666666666,0.8,0.6000000000000001,0.75,0.6,100.0,Placed,A,B
0.4,0.30000000000000004,0.19999999999999996,0.8,0.9,0.5499999999999999,80.82,Placed,A,C
0.8,0.8666666666666666,0.40000000000000013,0.7000000000000001,0.5,0.5833333333333334,100.0,Placed,A,B
0.9,0.25,0.8,0.1,0.15000000000000002,0.7999999999999999,100.0,Placed,A,A
0.1,0.3833333333333334,0.8,0.8,0.55,0.9333333333333332,82.44,Placed,A,A
0.1,0.7166666666666667,0.8,0.30000000000000004,0.8,0.9333333333333332,99.47,Placed,A,A
0.5000000000000001,0.33333333333333337,0.19999999999999996,0.9,0.6000000000000001,0.65,100.0,Placed,A,B
0.8,0.5833333333333334,0.19999999999999996,1.0,0.15000000000000002,0.31666666666666665,77.28,Placed,B,D
0.0,0.65,0.40000000000000013,0.4,0.25,0.6,76.6,Placed,B,B
0.8,0.6333333333333334,0.6000000000000001,1.0,0.30000000000000004,0.2666666666666666,94.22,Placed,A,D
0.8,0.7666666666666667,0.40000000000000013,0.4,0.35000000000000003,0.85,90.47,Placed,A,A
0.8,0.08333333333333337,0.8,0.30000000000000004,0.05,0.04999999999999993,99.53,Placed,A,F
0.4,0.06666666666666665,1.0,0.5000000000000001,0.4,0.8666666666666666,72.27,Placed,B,A
0.8,0.21666666666666667,0.8,0.0,0.45,0.8166666666666665,100.0,Placed,A,A
1.0,0.8666666666666666,0.0,0.1,0.9,0.2833333333333333,100.0,Placed,A,D
0.30000000000000004,0.7333333333333333,1.0,0.30000000000000004,0.0,0.44999999999999984,71.95,Placed,B,C
0.1,0.6833333333333335,1.0,0.30000000000000004,0.75,0.8166666666666665,99.31,Placed,A,A
0.5000000000000001,0.8166666666666668,0.40000000000000013,0.7000000000000001,0.8500000000000001,0.25,90.88,Placed,A,D
0.30000000000000004,1.0,0.8,0.8,0.35000000000000003,0.6999999999999998,100.0,Placed,A,B
0.5000000000000001,0.050000000000000044,0.8,0.30000000000000004,0.45,0.11666666666666659,84.31,Placed,A,F
0.20000000000000004,0.1166666666666667,0.6000000000000001,0.5000000000000001,0.5,0.9999999999999999,79.69,Placed,B,A
0.5000000000000001,0.3833333333333334,0.0,0.30000000000000004,0.8,0.7166666666666667,92.93,Placed,A,B
0.1,0.16666666666666674,0.40000000000000013,0.30000000000000004,0.30000000000000004,0.2833333333333333,54.35,Not Placed,D,D
0.1,0.2666666666666667,0.19999999999999996,1.0,0.1,0.8833333333333332,50.75,Not Placed,D,A
0.8,0.8166666666666668,0.40000000000000013,0.8,0.30000000000000004,0.8166666666666665,94.51,Placed,A,A
0.6000000000000001,0.33333333333333337,1.0,0.30000000000000004,0.25,0.4666666666666667,100.0,Placed,A,C
0.20000000000000004,0.9333333333333335,0.40000000000000013,0.5000000000000001,0.1,0.65,74.3,Placed,B,B
1.0,0.41666666666666663,0.6000000000000001,0.8,0.35000000000000003,0.25,100.0,Placed,A,D
0.0,0.7000000000000001,0.40000000000000013,0.20000000000000004,0.0,0.4833333333333333,63.25,Not Placed,C,C
0.7000000000000001,0.7833333333333333,0.6000000000000001,0.6000000000000001,0.2,0.7999999999999999,100.0,Placed,A,A
0.5000000000000001,0.7166666666666667,1.0,0.6000000000000001,0.9,0.5499999999999999,100.0,Placed,A,C
0.6000000000000001,0.7333333333333333,0.6000000000000001,0.0,0.6000000000000001,0.4833333333333333,100.0,Placed,A,C
0.8,0.43333333333333346,0.8,1.0,0.5,0.33333333333333326,100.0,Placed,A,D
0.4,0.25,0.19999999999999996,0.1,0.5,0.35,74.45,Placed,B,D
0.0,0.9,1.0,0.4,0.05,0.7666666666666667,76.22,Placed,B,A
0.9,0.41666666666666663,0.6000000000000001,0.7000000000000001,0.4,0.3999999999999999,100.0,Placed,A,D
0.6000000000000001,0.8666666666666666,0.0,0.5000000000000001,0.05,0.35,88.74,Placed,A,D
0.4,0.5333333333333333,1.0,0.6000000000000001,1.0,0.9166666666666666,100.0,Placed,A,A
0.20000000000000004,0.5000000000000001,0.0,0.20000000000000004,0.9,0.44999999999999984,88.86,Placed,A,C
0.8,0.7833333333333333,0.19999999999999996,0.5000000000000001,0.55,0.6333333333333332,100.0,Placed,A,B
0.0,0.7666666666666667,0.6000000000000001,0.8,0.4,0.5333333333333333,95.11,Placed,A,C
0.0,0.08333333333333337,1.0,0.20000000000000004,0.4,0.016666666666666607,64.92,Not Placed,C,F
0.0,0.7166666666666667,1.0,0.5000000000000001,0.45,0.04999999999999993,79.21,Placed,B,F
0.20000000000000004,0.1166666666666667,0.19999999999999996,0.6000000000000001,0.2,0.25,49.81,Not Placed,F,D
0.5000000000000001,0.09999999999999998,0.8,0.4,0.4,0.18333333333333324,70.7,Placed,B,F
0.9,0.5499999999999999,0.0,0.9,0.8500000000000001,0.2666666666666666,99.56,Placed,A,D
1.0,0.7166666666666667,1.0,0.7000000000000001,0.45,0.9166666666666666,100.0,Placed,A,A
0.20000000000000004,0.8666666666666666,0.40000000000000013,0.7000000000000001,0.8,0.5833333333333334,100.0,Placed,A,B
0.7000000000000001,0.21666666666666667,0.0,0.5000000000000001,0.45,0.25,67.98,Not Placed,C,D
0.9,0.25,0.6000000000000001,0.6000000000000001,0.65,0.6333333333333332,100.0,Placed,A,B
0.1,0.7000000000000001,0.19999999999999996,0.20000000000000004,0.15000000000000002,0.3666666666666666,75.16,Placed,B,D
0.8,0.85,0.0,0.6000000000000001,0.45,0.11666666666666659,100.0,Placed,A,F
0.20000000000000004,0.13333333333333341,0.40000000000000013,0.6000000000000001,0.8500000000000001,0.9333333333333332,100.0,Placed,A,A
0.4,0.15000000000000002,0.40000000000000013,0.30000000000000004,0.2,0.1333333333333333,61.04,Not Placed,C,F
0.9,0.2666666666666667,0.19999999999999996,0.9,0.4,0.21666666666666667,84.72,Placed,A,F
0.7000000000000001,0.18333333333333335,0.19999999999999996,0.30000000000000004,0.25,0.9,100.0,Placed,A,A
0.1,0.08333333333333337,0.0,0.20000000000000004,0.75,0.1333333333333333,63.1,Not Placed,C,F
0.5000000000000001,0.30000000000000004,0.6000000000000001,0.9,0.75,0.7666666666666667,100.0,Placed,A,A
0.4,0.7000000000000001,0.8,0.6000000000000001,0.5,0.8666666666666666,95.36,Placed,A,A
0.9,0.6666666666666666,0.40000000000000013,0.4,1.0,0.41666666666666663,100.0,Placed,A,C
0.8,0.8666666666666666,0.19999999999999996,0.20000000000000004,0.7000000000000001,0.5833333333333334,100.0,Placed,A,B
0.4,0.4666666666666667,0.8,0.5000000000000001,0.9,0.033333333333333326,86.95,Placed,A,F
0.1,0.08333333333333337,0.8,0.5000000000000001,0.1,0.8833333333333332,60.24,Not Placed,C,A
0.4,0.9666666666666667,0.8,0.5000000000000001,0.75,0.1499999999999999,91.65,Placed,A,F
0.30000000000000004,0.4,0.6000000000000001,0.1,1.0,0.9666666666666667,100.0,Placed,A,A
1.0,0.9333333333333335,0.19999999999999996,1.0,0.9500000000000001,0.3999999999999999,100.0,Placed,A,D
0.6000000000000001,0.3833333333333334,0.40000000000000013,0.9,0.2,0.04999999999999993,62.12,Not Placed,C,F
0.5000000000000001,0.4,0.19999999999999996,0.6000000000000001,0.4,0.4833333333333333,81.98,Placed,A,C
0.1,0.25,0.0,0.6000000000000001,0.2,0.8166666666666665,75.85,Placed,B,A
1.0,0.85,0.40000000000000013,0.9,0.15000000000000002,0.16666666666666663,92.6,Placed,A,F
1.0,0.25,0.19999999999999996,0.30000000000000004,0.6000000000000001,0.8333333333333334,100.0,Placed,A,A
0.4,0.08333333333333337,0.40000000000000013,1.0,0.9500000000000001,0.29999999999999993,81.49,Placed,A,D
0.6000000000000001,0.6,0.0,0.5000000000000001,0.8,0.8166666666666665,100.0,Placed,A,A
1.0,0.33333333333333337,1.0,0.30000000000000004,0.9500000000000001,0.19999999999999996,100.0,Placed,A,F
0.6000000000000001,0.050000000000000044,0.40000000000000013,0.30000000000000004,0.55,0.9333333333333332,100.0,Placed,A,A
0.4,0.5499999999999999,1.0,0.5000000000000001,0.9500000000000001,0.5833333333333334,100.0,Placed,A,B
0.8,0.45000000000000007,0.8,0.8,0.9500000000000001,0.033333333333333326,99.17,Placed,A,F
0.30000000000000004,0.6166666666666666,0.6000000000000001,0.6000000000000001,0.30000000000000004,0.7833333333333333,83.07,Placed,A,A
1.0,0.6666666666666666,0.0,0.1,0.0,0.21666666666666667,100.0,Placed,A,F
0.20000000000000004,0.45000000000000007,0.40000000000000013,0.5000000000000001,0.75,0.1499999999999999,70.43,Placed,B,F
0.30000000000000004,0.2666666666666667,0.0,0.4,0.30000000000000004,0.6166666666666666,76.8,Placed,B,B
0.4,0.21666666666666667,0.8,0.5000000000000001,0.05,0.65,80.58,Placed,A,B
0.5000000000000001,0.09999999999999998,1.0,0.7000000000000001,0.55,0.43333333333333324,76.35,Placed,B,C
0.20000000000000004,0.35,0.6000000000000001,0.7000000000000001,0.5,0.3833333333333333,58.43,Not Placed,D,D
0.1,0.8333333333333334,0.0,0.20000000000000004,0.35000000000000003,0.25,66.67,Not Placed,C,D
0.30000000000000004,0.0,1.0,0.8,0.0,0.1499999999999999,60.86,Not Placed,C,F
0.4,0.4666666666666667,0.8,0.5000000000000001,0.1,0.8833333333333332,72.69,Placed,B,A
0.30000000000000004,0.85,0.8,0.6000000000000001,0.35000000000000003,0.8666666666666666,87.48,Placed,A,A
1.0,0.5000000000000001,0.8,0.8,0.35000000000000003,0.43333333333333324,100.0,Placed,A,C
0.20000000000000004,0.4833333333333333,1.0,0.6000000000000001,0.5,0.09999999999999998,63.01,Not Placed,C,F
0.7000000000000001,0.9333333333333335,0.40000000000000013,0.9,1.0,0.8333333333333334,100.0,Placed,A,A
0.9,0.2333333333333334,0.19999999999999996,0.8,0.2,0.44999999999999984,100.0,Placed,A,C
0.30000000000000004,0.2833333333333333,0.0,0.0,0.35000000000000003,0.41666666666666663,66.25,Not Placed,C,C
0.1,0.5666666666666668,0.19999999999999996,0.0,1.0,0.2833333333333333,100.0,Placed,A,D
0.1,0.8166666666666668,0.8,0.20000000000000004,0.4,0.19999999999999996,81.18,Placed,A,F
0.0,0.4833333333333333,0.19999999999999996,0.8,0.8,0.11666666666666659,56.78,Not Placed,D,F
0.30000000000000004,0.5499999999999999,1.0,0.0,0.2,0.43333333333333324,100.0,Placed,A,C
0.9,0.6833333333333335,0.8,0.0,0.9,0.9833333333333333,100.0,Placed,A,A
0.8,0.16666666666666674,0.8,0.4,0.9,0.21666666666666667,100.0,Placed,A,F
1.0,0.43333333333333346,0.6000000000000001,0.7000000000000001,0.05,0.6666666666666666,100.0,Placed,A,B
0.6000000000000001,0.3833333333333334,0.6000000000000001,0.1,0.9,0.7166666666666667,100.0,Placed,A,B
0.9,0.5666666666666668,1.0,0.30000000000000004,0.7000000000000001,0.08333333333333326,100.0,Placed,A,F
0.6000000000000001,0.6333333333333334,1.0,0.5000000000000001,0.35000000000000003,0.31666666666666665,83.15,Placed,A,D
0.6000000000000001,0.1166666666666667,0.19999999999999996,0.0,0.35000000000000003,0.8833333333333332,91.95,Placed,A,A
0.7000000000000001,0.8333333333333334,0.0,0.30000000000000004,0.0,0.44999999999999984,86.19,Placed,A,C
0.0,0.2833333333333333,0.19999999999999996,0.30000000000000004,0.65,0.3666666666666666,70.72,Placed,B,D
0.9,0.20000000000000007,1.0,0.8,0.5,0.18333333333333324,74.91,Placed,B,F
0.9,0.7333333333333333,0.0,0.8,0.30000000000000004,0.3833333333333333,100.0,Placed,A,D
0.7000000000000001,0.3833333333333334,0.19999999999999996,0.5000000000000001,0.8500000000000001,0.8333333333333334,100.0,Placed,A,A
0.30000000000000004,0.8333333333333334,0.40000000000000013,0.7000000000000001,0.7000000000000001,0.7166666666666667,100.0,Placed,A,B
0.30000000000000004,0.3666666666666666,0.40000000000000013,0.9,0.45,0.35,90.99,Placed,A,D
0.30000000000000004,0.18333333333333335,0.0,0.30000000000000004,0.15000000000000002,0.41666666666666663,79.21,Placed,B,C
0.5000000000000001,0.7999999999999999,0.6000000000000001,0.9,1.0,0.35,100.0,Placed,A,D
0.6000000000000001,0.4833333333333333,0.0,0.7000000000000001,0.0,0.9499999999999998,78.2,Placed,B,A
0.5000000000000001,0.5000000000000001,0.19999999999999996,0.20000000000000004,0.65,0.09999999999999998,93.53,Placed,A,F
0.0,0.45000000000000007,0.8,0.1,0.9500000000000001,0.23333333333333328,100.0,Placed,A,F
0.7000000000000001,0.35,0.40000000000000013,0.5000000000000001,0.9500000000000001,0.7833333333333333,100.0,Placed,A,A
0.9,0.7166666666666667,0.8,0.4,0.4,0.4833333333333333,100.0,Placed,A,C
1.0,0.45000000000000007,0.40000000000000013,0.7000000000000001,0.6000000000000001,0.04999999999999993,100.0,Placed,A,F
0.6000000000000001,0.20000000000000007,0.19999999999999996,0.0,0.8,0.08333333333333326,100.0,Placed,A,F
0.5000000000000001,0.4,0.40000000000000013,1.0,0.9500000000000001,0.7833333333333333,87.35,Placed,A,A
0.5000000000000001,0.7166666666666667,0.0,0.9,0.15000000000000002,0.7666666666666667,69.85,Not Placed,C,A
0.4,0.8333333333333334,0.8,0.20000000000000004,0.2,0.016666666666666607,99.63,Placed,A,F
0.5000000000000001,0.7500000000000001,1.0,0.6000000000000001,0.8500000000000001,0.4999999999999999,100.0,Placed,A,C
0.8,0.09999999999999998,0.8,0.9,0.8,0.3833333333333333,100.0,Placed,A,D
0.9,0.7333333333333333,0.19999999999999996,0.30000000000000004,1.0,0.5666666666666665,100.0,Placed,A,C
0.8,0.08333333333333337,1.0,0.9,0.30000000000000004,0.7666666666666667,100.0,Placed,A,A
0.9,0.3833333333333334,0.8,0.4,0.45,0.4999999999999999,100.0,Placed,A,C
0.7000000000000001,0.30000000000000004,0.19999999999999996,0.7000000000000001,0.4,0.3999999999999999,81.27,Placed,A,D
0.9,0.30000000000000004,0.6000000000000001,0.0,0.6000000000000001,0.11666666666666659,94.95,Placed,A,F
0.8,0.5833333333333334,0.0,0.0,0.8500000000000001,0.18333333333333324,88.56,Placed,A,F
0.9,0.8333333333333334,0.40000000000000013,0.6000000000000001,0.55,0.8833333333333332,100.0,Placed,A,A
0.7000000000000001,0.13333333333333341,0.40000000000000013,0.8,0.35000000000000003,0.9499999999999998,86.24,Placed,A,A
0.7000000000000001,0.7833333333333333,0.40000000000000013,0.30000000000000004,0.8500000000000001,0.016666666666666607,100.0,Placed,A,F
0.0,0.9666666666666667,0.6000000000000001,0.7000000000000001,0.2,0.23333333333333328,57.33,Not Placed,D,F
0.9,0.5833333333333334,0.0,0.9,0.30000000000000004,0.65,83.63,Placed,A,B
1.0,0.6166666666666666,0.8,0.6000000000000001,0.7000000000000001,0.9666666666666667,100.0,Placed,A,A
0.4,0.65,0.8,0.1,0.1,0.5166666666666667,91.93,Placed,A,C
0.30000000000000004,0.9666666666666667,0.0,0.4,0.8500000000000001,0.8833333333333332,100.0,Placed,A,A
0.1,0.4666666666666667,1.0,0.8,0.25,0.16666666666666663,60.01,Not Placed,C,F
0.7000000000000001,0.3833333333333334,0.0,0.8,0.25,0.2666666666666666,82.01,Placed,A,D
0.20000000000000004,0.7833333333333333,0.40000000000000013,0.20000000000000004,0.9500000000000001,0.8833333333333332,100.0,Placed,A,A
0.30000000000000004,0.06666666666666665,0.8,1.0,0.0,0.9999999999999999,74.02,Placed,B,A
0.6000000000000001,0.8666666666666666,0.0,0.20000000000000004,1.0,0.33333333333333326,100.0,Placed,A,D
0.9,0.8833333333333334,0.8,0.1,0.8,0.35,100.0,Placed,A,D
0.8,0.6833333333333335,0.0,0.6000000000000001,0.5,0.9999999999999999,100.0,Placed,A,A
0.1,0.9,0.19999999999999996,0.5000000000000001,0.05,0.5333333333333333,34.15,Not Placed,F,C
0.20000000000000004,0.7333333333333333,0.40000000000000013,0.4,0.4,0.85,80.17,Placed,A,A
0.30000000000000004,1.0,0.0,0.6000000000000001,0.9,0.9,97.55,Placed,A,A
0.9,0.41666666666666663,0.6000000000000001,0.30000000000000004,0.25,0.4666666666666667,90.48,Placed,A,C
0.0,0.21666666666666667,0.0,0.4,0.30000000000000004,0.23333333333333328,46.68,Not Placed,F,F
0.6000000000000001,0.6333333333333334,0.19999999999999996,0.8,0.15000000000000002,0.33333333333333326,74.34,Placed,B,D
0.1,0.4666666666666667,0.6000000000000001,1.0,0.1,0.8833333333333332,56.75,Not Placed,D,A
0.4,0.85,0.6000000000000001,0.8,0.05,0.016666666666666607,78.99,Placed,B,F
0.0,0.08333333333333337,0.0,0.30000000000000004,0.45,0.9166666666666666,76.19,Placed,B,A
0.20000000000000004,0.09999999999999998,0.19999999999999996,0.5000000000000001,0.45,0.6833333333333332,74.56,Placed,B,B
0.1,0.6,0.6000000000000001,0.1,0.8,0.85,100.0,Placed,A,A
0.0,0.8666666666666666,0.40000000000000013,0.20000000000000004,0.75,0.6166666666666666,74.11,Placed,B,B
0.6000000000000001,0.2833333333333333,1.0,0.8,0.0,0.033333333333333326,49.62,Not Placed,F,F
0.4,0.3666666666666666,0.40000000000000013,0.5000000000000001,0.55,0.3999999999999999,95.68,Placed,A,D
0.0,0.7166666666666667,0.8,0.7000000000000001,0.9500000000000001,0.19999999999999996,100.0,Placed,A,F
0.5000000000000001,0.6166666666666666,0.8,1.0,0.9500000000000001,0.3833333333333333,100.0,Placed,A,D
0.4,0.9666666666666667,0.19999999999999996,0.4,0.45,0.4999999999999999,100.0,Placed,A,C
0.20000000000000004,0.0,0.6000000000000001,0.1,0.0,0.23333333333333328,55.21,Not Placed,D,F
0.6000000000000001,0.050000000000000044,0.40000000000000013,0.6000000000000001,0.75,0.08333333333333326,75.91,Placed,B,F
1.0,0.8333333333333334,0.40000000000000013,0.5000000000000001,0.5,0.6666666666666666,100.0,Placed,A,B
0.9,0.7166666666666667,1.0,1.0,0.15000000000000002,0.1499999999999999,70.29,Placed,B,F
0.8,0.7666666666666667,0.19999999999999996,0.1,0.1,0.1333333333333333,83.73,Placed,A,F
0.8,0.5666666666666668,0.6000000000000001,0.5000000000000001,0.6000000000000001,0.8166666666666665,100.0,Placed,A,A
0.8,0.3666666666666666,0.19999999999999996,0.7000000000000001,1.0,0.6666666666666666,100.0,Placed,A,B
0.1,0.43333333333333346,0.0,0.0,0.7000000000000001,0.9166666666666666,86.62,Placed,A,A
0.20000000000000004,0.9833333333333333,0.40000000000000013,0.30000000000000004,0.45,0.8166666666666665,98.9,Placed,A,A
0.6000000000000001,0.41666666666666663,0.19999999999999996,0.0,0.25,0.6666666666666666,100.0,Placed,A,B
0.4,0.85,0.19999999999999996,0.1,0.5,0.06666666666666665,95.92,Placed,A,F
0.1,0.9833333333333333,1.0,0.0,0.0,0.7333333333333333,70.16,Placed,B,B
0.20000000000000004,0.1166666666666667,0.0,0.5000000000000001,0.9500000000000001,0.7166666666666667,100.0,Placed,A,B
0.9,0.7000000000000001,0.8,1.0,0.15000000000000002,0.6666666666666666,100.0,Placed,A,B
0.5000000000000001,0.25,0.40000000000000013,0.5000000000000001,0.45,0.29999999999999993,80.4,Placed,A,D
0.6000000000000001,0.6666666666666666,1.0,0.0,0.7000000000000001,0.31666666666666665,100.0,Placed,A,D
0.8,0.033333333333333326,0.19999999999999996,0.30000000000000004,0.0,0.5333333333333333,71.39,Placed,B,C
0.0,0.5166666666666667,0.40000000000000013,0.30000000000000004,1.0,0.6999999999999998,100.0,Placed,A,B
1.0,0.06666666666666665,0.8,0.7000000000000001,0.7000000000000001,0.6,93.65,Placed,A,B
0.6000000000000001,0.31666666666666665,0.19999999999999996,0.5000000000000001,0.1,0.4999999999999999,74.43,Placed,B,C
0.7000000000000001,0.21666666666666667,0.0,0.1,0.0,0.6333333333333332,96.34,Placed,A,B
0.20000000000000004,0.9833333333333333,0.40000000000000013,0.4,0.25,0.19999999999999996,69.42,Not Placed,C,F
0.30000000000000004,0.5166666666666667,1.0,0.30000000000000004,0.9,0.9,100.0,Placed,A,A
0.9,0.41666666666666663,0.0,0.9,0.15000000000000002,0.6166666666666666,82.76,Placed,A,B
0.5000000000000001,0.7666666666666667,0.8,0.30000000000000004,0.55,0.7333333333333333,100.0,Placed,A,B
0.9,0.08333333333333337,0.8,0.7000000000000001,0.05,0.08333333333333326,67.28,Not Placed,C,F
0.6000000000000001,0.9666666666666667,0.40000000000000013,0.4,0.8,0.7666666666666667,100.0,Placed,A,A
0.30000000000000004,0.9500000000000001,0.8,0.20000000000000004,0.25,0.11666666666666659,69.81,Not Placed,C,F
0.7000000000000001,0.5833333333333334,0.6000000000000001,0.9,0.55,0.6999999999999998,100.0,Placed,A,B
0.4,0.65,1.0,0.30000000000000004,0.7000000000000001,0.1499999999999999,100.0,Placed,A,F
0.0,0.8333333333333334,0.40000000000000013,0.0,0.8,0.6666666666666666,88.44,Placed,A,B
0.30000000000000004,0.9666666666666667,0.6000000000000001,0.5000000000000001,0.0,0.04999999999999993,52.84,Not Placed,D,F
0.20000000000000004,0.06666666666666665,0.8,1.0,0.65,0.21666666666666667,60.92,Not Placed,C,F
0.8,0.20000000000000007,0.40000000000000013,0.9,0.05,0.04999999999999993,64.34,Not Placed,C,F
0.7000000000000001,0.5166666666666667,0.6000000000000001,0.30000000000000004,0.15000000000000002,0.3833333333333333,99.39,Placed,A,D
0.0,0.25,0.8,0.5000000000000001,0.9500000000000001,0.7666666666666667,88.72,Placed,A,A
1.0,0.0,0.19999999999999996,0.1,0.05,0.33333333333333326,87.13,Placed,A,D
0.5000000000000001,0.20000000000000007,0.19999999999999996,0.4,0.65,0.1499999999999999,66.65,Not Placed,C,F
0.8,0.8833333333333334,0.0,1.0,0.8500000000000001,0.7499999999999999,100.0,Placed,A,A
0.6000000000000001,0.16666666666666674,0.19999999999999996,0.8,0.35000000000000003,0.3999999999999999,90.66,Placed,A,D
0.30000000000000004,0.8666666666666666,0.6000000000000001,0.7000000000000001,0.9500000000000001,0.08333333333333326,100.0,Placed,A,F
0.0,0.1166666666666667,1.0,0.20000000000000004,0.0,0.25,47.47,Not Placed,F,D
0.1,0.4,0.19999999999999996,0.0,0.75,0.9333333333333332,100.0,Placed,A,A
0.4,0.65,0.40000000000000013,0.9,0.30000000000000004,0.7166666666666667,82.5,Placed,A,B
1.0,0.5166666666666667,0.40000000000000013,0.20000000000000004,0.25,0.44999999999999984,100.0,Placed,A,C
0.4,0.3833333333333334,0.40000000000000013,0.7000000000000001,0.9,0.5833333333333334,93.35,Placed,A,B
0.7000000000000001,0.45000000000000007,0.19999999999999996,1.0,0.45,0.5333333333333333,79.53,Placed,B,C
0.5000000000000001,0.21666666666666667,0.19999999999999996,0.20000000000000004,0.25,0.4833333333333333,69.22,Not Placed,C,C
0.7000000000000001,0.7333333333333333,0.0,0.4,0.45,0.5833333333333334,100.0,Placed,A,B
0.1,0.033333333333333326,1.0,0.1,0.9,0.3999999999999999,60.33,Not Placed,C,D
0.20000000000000004,0.5833333333333334,1.0,0.0,0.1,0.19999999999999996,83.74,Placed,A,F
0.5000000000000001,0.43333333333333346,0.8,1.0,0.9500000000000001,0.6333333333333332,100.0,Placed,A,B
0.9,0.31666666666666665,0.0,0.9,0.1,0.23333333333333328,69.88,Not Placed,C,F
0.20000000000000004,0.7666666666666667,0.6000000000000001,0.4,0.9500000000000001,0.6166666666666666,100.0,Placed,A,B
0.5000000000000001,0.2333333333333334,0.40000000000000013,0.4,0.25,0.4833333333333333,51.63,Not Placed,D,C
0.5000000000000001,0.43333333333333346,0.19999999999999996,0.5000000000000001,0.8,0.21666666666666667,94.42,Placed,A,F
0.1,0.8666666666666666,0.8,0.1,0.8500000000000001,0.8166666666666665,100.0,Placed,A,A
0.6000000000000001,0.7333333333333333,0.8,0.8,0.45,0.04999999999999993,73.38,Placed,B,F
0.1,0.6666666666666666,0.19999999999999996,0.1,0.25,0.0,56.55,Not Placed,D,F
0.5000000000000001,0.45000000000000007,0.0,0.1,0.6000000000000001,0.9999999999999999,100.0,Placed,A,A
0.0,0.4,0.8,0.4,0.25,0.033333333333333326,39.79,Not Placed,F,F
0.20000000000000004,0.6833333333333335,1.0,0.8,0.55,0.7333333333333333,94.06,Placed,A,B
0.1,1.0,0.0,0.30000000000000004,0.65,0.8166666666666665,100.0,Placed,A,A
0.6000000000000001,0.7166666666666667,0.19999999999999996,0.5000000000000001,0.8,0.9999999999999999,100.0,Placed,A,A
0.30000000000000004,0.7500000000000001,0.0,0.1,0.35000000000000003,0.5833333333333334,88.54,Placed,A,B
0.7000000000000001,0.5333333333333333,1.0,0.30000000000000004,0.2,0.04999999999999993,75.96,Placed,B,F
0.5000000000000001,0.7500000000000001,0.40000000000000013,0.8,0.15000000000000002,0.6999999999999998,99.3,Placed,A,B
0.9,0.21666666666666667,0.19999999999999996,0.1,0.25,0.21666666666666667,62.94,Not Placed,C,F
0.30000000000000004,0.1166666666666667,1.0,0.0,0.5,0.3999999999999999,85.13,Placed,A,D
0.4,0.7833333333333333,0.19999999999999996,0.30000000000000004,0.2,0.6333333333333332,95.66,Placed,A,B
0.8,0.21666666666666667,1.0,0.30000000000000004,0.65,0.9999999999999999,97.6,Placed,A,A
0.6000000000000001,0.0,1.0,0.0,0.45,0.033333333333333326,64.96,Not Placed,C,F
0.9,0.25,0.8,0.30000000000000004,0.5,0.09999999999999998,84.33,Placed,A,F
0.8,0.2833333333333333,0.8,0.20000000000000004,0.1,0.11666666666666659,99.03,Placed,A,F
0.6000000000000001,0.09999999999999998,0.8,0.1,0.35000000000000003,0.7166666666666667,90.74,Placed,A,B
0.0,0.2333333333333334,0.40000000000000013,0.9,1.0,0.09999999999999998,75.57,Placed,B,F
0.7000000000000001,0.3833333333333334,0.40000000000000013,0.30000000000000004,0.2,0.9166666666666666,100.0,Placed,A,A
0.30000000000000004,0.7999999999999999,1.0,0.7000000000000001,0.9500000000000001,0.7833333333333333,95.49,Placed,A,A
0.20000000000000004,0.8333333333333334,0.6000000000000001,0.6000000000000001,1.0,0.3999999999999999,94.31,Placed,A,D
0.6000000000000001,0.9,0.19999999999999996,0.8,0.45,0.2666666666666666,87.02,Placed,A,D
0.20000000000000004,0.20000000000000007,0.8,0.7000000000000001,0.35000000000000003,0.41666666666666663,73.61,Placed,B,C
0.7000000000000001,0.13333333333333341,0.19999999999999996,0.0,1.0,0.8833333333333332,100.0,Placed,A,A
0.5000000000000001,0.9166666666666666,1.0,0.1,0.4,0.04999999999999993,94.64,Placed,A,F
0.4,0.9166666666666666,0.0,0.1,0.7000000000000001,0.7999999999999999,100.0,Placed,A,A
0.30000000000000004,0.2333333333333334,1.0,0.7000000000000001,0.0,0.2833333333333333,72.9,Placed,B,D
0.7000000000000001,0.9333333333333335,0.40000000000000013,0.30000000000000004,0.2,0.9499999999999998,96.32,Placed,A,A
0.7000000000000001,0.9500000000000001,0.6000000000000001,0.8,0.7000000000000001,0.04999999999999993,96.01,Placed,A,F
0.0,0.5666666666666668,0.0,0.1,0.15000000000000002,0.2666666666666666,57.02,Not Placed,D,D
0.8,0.3833333333333334,0.19999999999999996,0.30000000000000004,0.9,0.7666666666666667,100.0,Placed,A,A
0.4,0.5333333333333333,0.40000000000000013,0.0,0.45,0.8833333333333332,100.0,Placed,A,A
0.30000000000000004,0.25,0.8,0.20000000000000004,0.05,0.2666666666666666,70.53,Placed,B,D
0.5000000000000001,0.1166666666666667,0.0,0.5000000000000001,0.2,0.7333333333333333,82.46,Placed,A,B
0.5000000000000001,0.4666666666666667,0.40000000000000013,0.8,0.8500000000000001,0.3999999999999999,100.0,Placed,A,D
0.1,0.3666666666666666,0.19999999999999996,1.0,0.25,0.9499999999999998,64.87,Not Placed,C,A
0.7000000000000001,0.7333333333333333,1.0,0.0,0.45,0.033333333333333326,98.93,Placed,A,F
0.6000000000000001,0.5000000000000001,0.19999999999999996,0.4,0.7000000000000001,0.18333333333333324,100.0,Placed,A,F
0.0,0.65,0.0,0.1,0.4,0.43333333333333324,64.74,Not Placed,C,C
0.4,0.7999999999999999,0.0,0.6000000000000001,0.6000000000000001,0.2666666666666666,91.8,Placed,A,D
0.5000000000000001,0.8833333333333334,1.0,0.30000000000000004,0.8500000000000001,0.8833333333333332,100.0,Placed,A,A
0.30000000000000004,0.9,0.0,0.4,0.30000000000000004,0.35,80.95,Placed,A,D
0.1,0.21666666666666667,0.6000000000000001,0.7000000000000001,0.05,0.6333333333333332,63.07,Not Placed,C,B
0.30000000000000004,0.9666666666666667,0.8,0.1,0.75,0.6333333333333332,100.0,Placed,A,B
0.0,0.8666666666666666,0.40000000000000013,0.20000000000000004,0.05,0.9499999999999998,94.2,Placed,A,A
0.6000000000000001,0.4833333333333333,1.0,1.0,0.15000000000000002,0.6999999999999998,78.81,Placed,B,B
0.1,0.8666666666666666,0.19999999999999996,0.4,0.05,0.7833333333333333,75.39,Placed,B,A
0.1,0.6333333333333334,0.19999999999999996,0.9,0.8,0.5833333333333334,88.02,Placed,A,B
0.8,0.43333333333333346,0.8,0.30000000000000004,0.25,0.25,100.0,Placed,A,D
0.4,0.7666666666666667,0.0,0.4,0.45,0.6,86.61,Placed,A,B
0.1,0.25,0.0,0.20000000000000004,0.65,0.8333333333333334,86.25,Placed,A,A
1.0,0.8333333333333334,0.19999999999999996,0.8,0.7000000000000001,0.8833333333333332,100.0,Placed,A,A
0.8,0.08333333333333337,0.8,0.7000000000000001,1.0,0.4666666666666667,100.0,Placed,A,C
0.8,0.9,0.19999999999999996,0.5000000000000001,0.55,0.21666666666666667,100.0,Placed,A,F
0.0,0.5333333333333333,0.0,0.0,0.9,0.09999999999999998,75.16,Placed,B,F
1.0,0.7166666666666667,1.0,0.30000000000000004,0.5,0.6666666666666666,100.0,Placed,A,B
0.20000000000000004,0.2833333333333333,0.40000000000000013,0.6000000000000001,0.0,0.9333333333333332,64.11,Not Placed,C,A
0.30000000000000004,0.25,0.0,0.9,0.35000000000000003,0.44999999999999984,56.21,Not Placed,D,C
0.6000000000000001,0.18333333333333335,1.0,0.4,0.25,0.19999999999999996,68.34,Not Placed,C,F
0.9,0.31666666666666665,0.40000000000000013,0.30000000000000004,0.55,0.25,100.0,Placed,A,D
0.30000000000000004,0.7333333333333333,0.6000000000000001,0.8,0.9500000000000001,0.33333333333333326,87.55,Placed,A,D
0.1,0.65,0.8,0.7000000000000001,0.75,0.04999999999999993,72.84,Placed,B,F
0.6000000000000001,0.9666666666666667,1.0,0.20000000000000004,0.8500000000000001,0.6333333333333332,100.0,Placed,A,B
0.5000000000000001,0.4666666666666667,0.6000000000000001,0.5000000000000001,0.55,0.5666666666666665,92.65,Placed,A,C
0.20000000000000004,0.4833333333333333,0.0,0.30000000000000004,0.9500000000000001,0.85,100.0,Placed,A,A
0.5000000000000001,0.41666666666666663,0.8,0.6000000000000001,0.05,0.23333333333333328,76.05,Placed,B,F
1.0,0.35,1.0,0.0,0.30000000000000004,0.9333333333333332,100.0,Placed,A,A
0.5000000000000001,0.5333333333333333,0.0,0.0,0.4,0.8666666666666666,89.0,Placed,A,A
0.4,0.9500000000000001,0.8,0.5000000000000001,0.8500000000000001,0.41666666666666663,100.0,Placed,A,C
0.30000000000000004,0.8666666666666666,0.8,0.9,0.4,0.7499999999999999,87.58,Placed,A,A
0.9,0.6333333333333334,0.0,1.0,0.35000000000000003,0.09999999999999998,96.94,Placed,A,F
0.0,0.7666666666666667,0.0,0.6000000000000001,0.0,0.2833333333333333,69.89,Not Placed,C,D
0.9,0.4666666666666667,1.0,0.8,0.2,0.3999999999999999,100.0,Placed,A,D
0.5000000000000001,0.35,0.8,0.6000000000000001,0.75,0.6,93.39,Placed,A,B
0.1,0.7333333333333333,1.0,0.8,0.65,0.33333333333333326,82.45,Placed,A,D
0.20000000000000004,0.20000000000000007,0.8,0.9,0.6000000000000001,0.85,81.73,Placed,A,A
0.7000000000000001,0.9833333333333333,1.0,0.8,0.5,0.11666666666666659,94.81,Placed,A,F
0.9,0.13333333333333341,0.0,0.7000000000000001,0.9500000000000001,0.9666666666666667,100.0,Placed,A,A
0.5000000000000001,0.3833333333333334,0.0,0.6000000000000001,0.6000000000000001,0.31666666666666665,80.78,Placed,A,D
0.20000000000000004,0.2333333333333334,0.19999999999999996,0.20000000000000004,0.7000000000000001,0.2833333333333333,94.77,Placed,A,D
0.6000000000000001,0.5833333333333334,1.0,1.0,0.75,0.8666666666666666,100.0,Placed,A,A
0.30000000000000004,0.20000000000000007,0.19999999999999996,0.20000000000000004,0.6000000000000001,0.29999999999999993,85.46,Placed,A,D
0.8,0.43333333333333346,0.19999999999999996,1.0,0.35000000000000003,0.85,100.0,Placed,A,A
0.4,0.7166666666666667,0.6000000000000001,0.4,0.8500000000000001,0.033333333333333326,100.0,Placed,A,F
0.20000000000000004,0.6,0.8,0.6000000000000001,0.9,0.9,100.0,Placed,A,A
0.1,0.09999999999999998,0.40000000000000013,0.9,0.7000000000000001,0.6166666666666666,67.88,Not Placed,C,B
1.0,0.1166666666666667,0.6000000000000001,0.6000000000000001,0.45,0.2833333333333333,100.0,Placed,A,D
0.1,0.6,0.8,0.0,0.15000000000000002,0.43333333333333324,94.12,Placed,A,C
0.20000000000000004,0.6666666666666666,0.40000000000000013,0.7000000000000001,0.25,0.23333333333333328,58.29,Not Placed,D,F
0.1,0.21666666666666667,0.19999999999999996,0.0,0.35000000000000003,0.7499999999999999,71.8,Placed,B,A
0.30000000000000004,0.9500000000000001,0.40000000000000013,1.0,0.30000000000000004,0.9166666666666666,84.75,Placed,A,A
0.1,0.18333333333333335,0.0,0.30000000000000004,0.55,0.33333333333333326,86.56,Placed,A,D
0.9,0.5833333333333334,0.0,0.1,0.8500000000000001,0.35,100.0,Placed,A,D
0.8,0.85,1.0,0.4,0.8500000000000001,0.11666666666666659,100.0,Placed,A,F
0.1,1.0,0.8,0.5000000000000001,0.9,0.16666666666666663,96.72,Placed,A,F
0.8,0.65,0.6000000000000001,0.30000000000000004,0.15000000000000002,0.6999999999999998,98.71,Placed,A,B
0.5000000000000001,0.2666666666666667,0.19999999999999996,0.30000000000000004,0.0,0.18333333333333324,54.49,Not Placed,D,F
0.0,0.65,0.8,0.6000000000000001,0.2,0.7833333333333333,65.9,Not Placed,C,A
0.30000000000000004,0.8666666666666666,0.19999999999999996,1.0,0.30000000000000004,0.6333333333333332,76.1,Placed,B,B
0.0,0.4666666666666667,0.0,0.30000000000000004,0.5,0.43333333333333324,61.65,Not Placed,C,C
0.5000000000000001,0.43333333333333346,0.6000000000000001,0.1,1.0,0.5666666666666665,100.0,Placed,A,C
0.30000000000000004,0.0,0.6000000000000001,0.30000000000000004,1.0,0.016666666666666607,76.34,Placed,B,F
0.20000000000000004,0.85,0.0,0.6000000000000001,0.5,0.5666666666666665,76.14,Placed,B,C
0.20000000000000004,0.5499999999999999,0.40000000000000013,0.0,0.45,0.4999999999999999,88.14,Placed,A,C
0.8,0.050000000000000044,0.6000000000000001,0.30000000000000004,0.30000000000000004,0.11666666666666659,86.8,Placed,A,F
0.5000000000000001,0.3833333333333334,0.40000000000000013,0.5000000000000001,0.75,0.31666666666666665,59.93,Not Placed,D,D
0.8,0.33333333333333337,0.19999999999999996,0.7000000000000001,0.0,0.11666666666666659,62.51,Not Placed,C,F
0.4,0.5333333333333333,0.6000000000000001,0.7000000000000001,0.0,0.04999999999999993,56.15,Not Placed,D,F
0.1,0.09999999999999998,1.0,0.8,0.55,0.4999999999999999,61.39,Not Placed,C,C
0.7000000000000001,0.0,0.0,0.4,0.75,0.9,100.0,Placed,A,A
0.4,0.6666666666666666,0.40000000000000013,0.1,0.2,0.5166666666666667,71.04,Placed,B,C
0.1,0.033333333333333326,1.0,0.20000000000000004,0.65,0.19999999999999996,83.81,Placed,A,F
0.30000000000000004,0.7166666666666667,0.19999999999999996,0.1,0.8500000000000001,0.35,75.25,Placed,B,D
0.8,0.8333333333333334,0.19999999999999996,0.8,0.4,0.41666666666666663,99.01,Placed,A,C
0.30000000000000004,0.2333333333333334,0.6000000000000001,0.5000000000000001,0.05,0.2666666666666666,76.54,Placed,B,D
0.30000000000000004,0.5000000000000001,0.6000000000000001,1.0,0.55,0.4666666666666667,73.55,Placed,B,C
0.1,0.8833333333333334,1.0,0.0,0.45,0.43333333333333324,90.83,Placed,A,C
0.5000000000000001,0.25,0.8,0.20000000000000004,0.05,0.9166666666666666,100.0,Placed,A,A
1.0,0.15000000000000002,0.8,0.6000000000000001,0.7000000000000001,0.35,100.0,Placed,A,D
0.1,0.8833333333333334,0.6000000000000001,0.6000000000000001,0.15000000000000002,0.2833333333333333,69.82,Not Placed,C,D
0.6000000000000001,0.4666666666666667,0.8,0.4,0.9,0.06666666666666665,99.18,Placed,A,F
0.20000000000000004,0.9666666666666667,0.0,0.20000000000000004,0.15000000000000002,0.18333333333333324,66.78,Not Placed,C,F
0.20000000000000004,0.9666666666666667,1.0,0.6000000000000001,0.4,0.016666666666666607,63.5,Not Placed,C,F
0.4,0.08333333333333337,0.0,0.4,0.6000000000000001,0.6833333333333332,73.65,Placed,B,B
0.20000000000000004,0.4666666666666667,0.8,0.5000000000000001,0.45,0.09999999999999998,71.46,Placed,B,F
0.1,0.2666666666666667,0.6000000000000001,0.20000000000000004,0.65,0.7666666666666667,89.83,Placed,A,A
0.9,0.8666666666666666,0.0,0.5000000000000001,0.1,0.9666666666666667,100.0,Placed,A,A
0.8,0.9833333333333333,0.19999999999999996,0.6000000000000001,0.1,0.41666666666666663,100.0,Placed,A,C
0.1,0.35,0.6000000000000001,0.7000000000000001,0.9500000000000001,0.8833333333333332,90.91,Placed,A,A
1.0,0.3833333333333334,1.0,0.1,0.75,0.6333333333333332,100.0,Placed,A,B
0.1,1.0,0.40000000000000013,0.1,0.4,0.23333333333333328,61.56,Not Placed,C,F
0.7000000000000001,0.2666666666666667,0.40000000000000013,0.5000000000000001,0.65,0.7833333333333333,100.0,Placed,A,A
0.8,0.33333333333333337,0.6000000000000001,0.7000000000000001,0.75,0.8833333333333332,100.0,Placed,A,A
0.6000000000000001,0.8333333333333334,0.8,0.4,0.4,0.9499999999999998,100.0,Placed,A,A
0.20000000000000004,0.8166666666666668,0.0,0.0,0.2,0.5333333333333333,77.64,Placed,B,C
0.8,0.16666666666666674,0.0,1.0,0.6000000000000001,0.7666666666666667,100.0,Placed,A,A
0.20000000000000004,0.9166666666666666,0.6000000000000001,0.0,0.7000000000000001,0.033333333333333326,86.41,Placed,A,F
0.4,0.09999999999999998,0.19999999999999996,0.9,0.15000000000000002,0.6833333333333332,70.66,Placed,B,B
0.8,0.6833333333333335,1.0,0.8,0.65,0.7833333333333333,100.0,Placed,A,A
0.20000000000000004,0.6333333333333334,0.8,0.30000000000000004,0.9500000000000001,0.016666666666666607,78.21,Placed,B,F
0.6000000000000001,0.06666666666666665,0.19999999999999996,0.9,0.9500000000000001,0.2666666666666666,100.0,Placed,A,D
0.0,0.7166666666666667,0.6000000000000001,0.0,0.30000000000000004,0.0,62.85,Not Placed,C,F
0.30000000000000004,0.7833333333333333,0.6000000000000001,1.0,0.15000000000000002,0.5833333333333334,79.82,Placed,B,B
0.30000000000000004,1.0,0.19999999999999996,0.7000000000000001,0.8,0.6999999999999998,93.35,Placed,A,B
0.6000000000000001,0.9333333333333335,0.40000000000000013,0.1,0.4,0.2666666666666666,87.54,Placed,A,D
0.7000000000000001,0.33333333333333337,0.6000000000000001,0.1,0.15000000000000002,0.016666666666666607,75.05,Placed,B,F
0.0,0.2833333333333333,1.0,0.0,0.1,0.5333333333333333,71.95,Placed,B,C
0.4,0.5666666666666668,0.8,0.0,0.9,0.4666666666666667,88.57,Placed,A,C
0.6000000000000001,0.31666666666666665,0.19999999999999996,0.8,0.4,0.9833333333333333,96.57,Placed,A,A
0.30000000000000004,0.2333333333333334,0.40000000000000013,0.0,0.35000000000000003,0.9833333333333333,97.91,Placed,A,A
0.30000000000000004,0.06666666666666665,0.19999999999999996,0.5000000000000001,0.30000000000000004,0.08333333333333326,48.18,Not Placed,F,F
0.30000000000000004,0.20000000000000007,0.40000000000000013,0.6000000000000001,0.30000000000000004,0.6999999999999998,77.41,Placed,B,B
0.5000000000000001,0.8333333333333334,0.40000000000000013,0.30000000000000004,0.15000000000000002,0.5833333333333334,92.34,Placed,A,B
0.6000000000000001,0.18333333333333335,1.0,0.4,0.9,0.3833333333333333,96.83,Placed,A,D
0.1,0.9,0.8,0.30000000000000004,0.55,0.16666666666666663,80.43,Placed,A,F
0.4,0.33333333333333337,0.6000000000000001,0.30000000000000004,0.9500000000000001,0.06666666666666665,91.16,Placed,A,F
0.30000000000000004,0.6,0.40000000000000013,0.9,0.25,0.4833333333333333,63.19,Not Placed,C,C
0.20000000000000004,0.08333333333333337,0.6000000000000001,0.0,0.55,0.1499999999999999,68.92,Not Placed,C,F
0.6000000000000001,0.09999999999999998,0.8,0.5000000000000001,0.9500000000000001,0.6,100.0,Placed,A,B
1.0,0.41666666666666663,0.6000000000000001,0.9,0.15000000000000002,0.43333333333333324,97.27,Placed,A,C
0.5000000000000001,0.6833333333333335,1.0,0.9,0.05,0.43333333333333324,99.1,Placed,A,C
0.6000000000000001,0.7833333333333333,1.0,0.6000000000000001,0.7000000000000001,0.3833333333333333,98.22,Placed,A,D
0.4,0.1166666666666667,0.0,0.6000000000000001,0.25,0.9666666666666667,91.93,Placed,A,A
0.5000000000000001,0.13333333333333341,1.0,0.7000000000000001,0.8500000000000001,0.9499999999999998,100.0,Placed,A,A
0.4,0.43333333333333346,0.40000000000000013,0.6000000000000001,1.0,0.8833333333333332,100.0,Placed,A,A
0.6000000000000001,0.050000000000000044,0.8,0.5000000000000001,0.2,0.8833333333333332,100.0,Placed,A,A
0.1,0.33333333333333337,1.0,0.7000000000000001,0.15000000000000002,0.033333333333333326,58.1,Not Placed,D,F
1.0,0.5000000000000001,0.19999999999999996,0.20000000000000004,0.5,0.9999999999999999,100.0,Placed,A,A
0.4,0.33333333333333337,0.8,0.8,0.5,0.6166666666666666,97.86,Placed,A,B
0.5000000000000001,0.65,0.40000000000000013,0.20000000000000004,0.4,0.41666666666666663,95.33,Placed,A,C
0.5000000000000001,0.4,0.8,0.30000000000000004,0.1,0.7333333333333333,83.44,Placed,A,B
0.4,0.6333333333333334,1.0,0.9,0.5,0.7833333333333333,95.89,Placed,A,A
0.9,0.2333333333333334,0.19999999999999996,0.5000000000000001,0.05,0.6333333333333332,93.97,Placed,A,B
0.6000000000000001,0.8666666666666666,0.0,0.7000000000000001,0.4,0.2833333333333333,92.66,Placed,A,D
0.9,0.5666666666666668,0.40000000000000013,0.20000000000000004,0.45,0.033333333333333326,100.0,Placed,A,F
0.7000000000000001,0.7999999999999999,0.40000000000000013,0.9,0.5,0.6166666666666666,95.05,Placed,A,B
0.6000000000000001,0.7000000000000001,0.8,0.5000000000000001,0.1,0.6833333333333332,94.68,Placed,A,B
0.4,0.6666666666666666,0.6000000000000001,0.4,0.8,0.7833333333333333,100.0,Placed,A,A
0.0,0.6,0.6000000000000001,0.4,0.5,0.3999999999999999,81.06,Placed,A,D
0.4,0.9333333333333335,0.19999999999999996,0.4,0.8,0.19999999999999996,93.16,Placed,A,F
0.9,0.6833333333333335,0.0,0.8,0.9,0.3999999999999999,100.0,Placed,A,D
0.1,0.7666666666666667,0.0,0.6000000000000001,0.15000000000000002,0.3833333333333333,55.96,Not Placed,D,D
0.4,0.45000000000000007,0.8,0.8,0.05,0.9166666666666666,83.66,Placed,A,A
0.4,1.0,0.8,0.8,0.65,0.6666666666666666,100.0,Placed,A,B
0.1,0.21666666666666667,0.6000000000000001,0.5000000000000001,0.7000000000000001,0.9666666666666667,76.76,Placed,B,A
0.4,0.050000000000000044,1.0,0.5000000000000001,0.1,0.25,77.61,Placed,B,D
0.30000000000000004,0.8666666666666666,0.0,0.30000000000000004,0.9500000000000001,0.6999999999999998,100.0,Placed,A,B
0.0,0.31666666666666665,1.0,0.7000000000000001,0.6000000000000001,0.6666666666666666,65.41,Not Placed,C,B
0.20000000000000004,0.5499999999999999,0.0,0.1,0.6000000000000001,0.6833333333333332,79.71,Placed,B,B
0.0,0.18333333333333335,1.0,0.4,0.8500000000000001,0.16666666666666663,68.85,Not Placed,C,F
1.0,0.5333333333333333,1.0,0.0,0.9500000000000001,0.9999999999999999,100.0,Placed,A,A
0.4,0.3833333333333334,0.0,0.9,1.0,0.9333333333333332,100.0,Placed,A,A
0.30000000000000004,0.31666666666666665,0.19999999999999996,0.1,0.30000000000000004,0.33333333333333326,74.47,Placed,B,D
0.6000000000000001,0.06666666666666665,0.19999999999999996,0.0,0.75,0.4999999999999999,82.68,Placed,A,C
0.4,0.6166666666666666,0.8,0.5000000000000001,0.75,0.8833333333333332,100.0,Placed,A,A
0.9,0.4833333333333333,1.0,0.1,0.25,0.23333333333333328,100.0,Placed,A,F
0.30000000000000004,0.3833333333333334,1.0,0.30000000000000004,0.25,0.8666666666666666,86.95,Placed,A,A
0.1,0.7000000000000001,1.0,0.4,0.15000000000000002,0.7333333333333333,93.92,Placed,A,B
0.30000000000000004,0.65,1.0,0.6000000000000001,0.1,0.7999999999999999,83.5,Placed,A,A
0.1,0.09999999999999998,1.0,0.9,0.0,0.5833333333333334,67.61,Not Placed,C,B
0.7000000000000001,0.5833333333333334,0.6000000000000001,0.0,0.1,0.6999999999999998,97.42,Placed,A,B
0.20000000000000004,0.6166666666666666,0.40000000000000013,1.0,0.9,0.9999999999999999,90.34,Placed,A,A
0.8,0.25,1.0,0.4,0.4,0.0,78.04,Placed,B,F
0.30000000000000004,0.85,0.6000000000000001,0.30000000000000004,0.65,0.44999999999999984,96.0,Placed,A,C
0.5000000000000001,0.2333333333333334,0.19999999999999996,0.6000000000000001,0.9,0.5333333333333333,96.04,Placed,A,C
0.9,0.7500000000000001,1.0,0.9,0.9,0.033333333333333326,100.0,Placed,A,F
0.4,0.3666666666666666,0.19999999999999996,0.6000000000000001,0.6000000000000001,0.9,84.71,Placed,A,A
0.9,0.18333333333333335,0.8,0.7000000000000001,0.75,0.23333333333333328,100.0,Placed,A,F
0.0,0.4666666666666667,0.40000000000000013,0.30000000000000004,0.35000000000000003,0.5333333333333333,76.32,Placed,B,C
0.8,0.7166666666666667,0.0,0.30000000000000004,0.75,0.5166666666666667,100.0,Placed,A,C
0.0,0.7833333333333333,0.40000000000000013,0.9,0.4,0.3666666666666666,48.73,Not Placed,F,D
0.7000000000000001,0.2333333333333334,1.0,0.4,0.4,0.9499999999999998,100.0,Placed,A,A
0.8,0.4666666666666667,1.0,0.4,0.1,0.41666666666666663,87.53,Placed,A,C
0.8,0.7333333333333333,0.40000000000000013,1.0,0.30000000000000004,0.9999999999999999,93.85,Placed,A,A
0.0,0.7000000000000001,0.40000000000000013,0.20000000000000004,0.9500000000000001,0.7833333333333333,100.0,Placed,A,A
0.1,0.7999999999999999,0.8,0.4,0.8500000000000001,0.2666666666666666,71.7,Placed,B,D
0.0,0.33333333333333337,0.19999999999999996,0.4,0.05,0.1333333333333333,55.53,Not Placed,D,F
0.9,0.2333333333333334,0.0,0.7000000000000001,0.0,0.06666666666666665,71.92,Placed,B,F
0.1,0.21666666666666667,0.40000000000000013,0.6000000000000001,0.55,0.4666666666666667,62.16,Not Placed,C,C
0.9,0.6833333333333335,0.0,0.7000000000000001,0.75,0.08333333333333326,100.0,Placed,A,F
0.7000000000000001,0.7166666666666667,0.40000000000000013,0.4,0.55,0.7666666666666667,100.0,Placed,A,A
0.4,0.25,0.19999999999999996,1.0,1.0,0.9833333333333333,100.0,Placed,A,A
1.0,0.2333333333333334,0.0,0.1,0.45,0.6666666666666666,100.0,Placed,A,B
0.6000000000000001,0.6833333333333335,0.6000000000000001,0.7000000000000001,0.4,0.9666666666666667,99.59,Placed,A,A
0.1,0.050000000000000044,0.19999999999999996,0.8,1.0,0.5666666666666665,67.15,Not Placed,C,C
0.7000000000000001,0.43333333333333346,0.0,0.1,0.8500000000000001,0.8333333333333334,100.0,Placed,A,A
1.0,0.3666666666666666,0.40000000000000013,0.0,0.15000000000000002,0.33333333333333326,86.38,Placed,A,D
0.5000000000000001,0.4666666666666667,0.40000000000000013,0.5000000000000001,0.35000000000000003,0.7333333333333333,87.0,Placed,A,B
0.7000000000000001,0.6666666666666666,0.19999999999999996,0.20000000000000004,1.0,0.7333333333333333,100.0,Placed,A,B
0.0,0.8666666666666666,0.19999999999999996,0.0,0.15000000000000002,0.3666666666666666,64.58,Not Placed,C,D
0.0,0.85,0.40000000000000013,0.5000000000000001,0.75,0.5666666666666665,77.23,Placed,B,C
0.6000000000000001,0.13333333333333341,0.0,0.7000000000000001,1.0,0.85,100.0,Placed,A,A
0.7000000000000001,0.8666666666666666,0.6000000000000001,0.8,1.0,0.7499999999999999,100.0,Placed,A,A
0.20000000000000004,0.9333333333333335,0.8,0.5000000000000001,0.35000000000000003,0.016666666666666607,67.08,Not Placed,C,F
0.4,0.9166666666666666,0.19999999999999996,0.5000000000000001,0.30000000000000004,0.9333333333333332,100.0,Placed,A,A
0.0,0.85,0.40000000000000013,0.0,0.6000000000000001,0.6833333333333332,72.41,Placed,B,B
0.6000000000000001,0.7000000000000001,0.0,0.4,0.35000000000000003,0.1333333333333333,79.0,Placed,B,F
0.4,0.7000000000000001,0.19999999999999996,0.20000000000000004,0.30000000000000004,0.19999999999999996,70.55,Placed,B,F
0.7000000000000001,0.09999999999999998,0.0,0.6000000000000001,0.2,0.6999999999999998,82.78,Placed,A,B
0.7000000000000001,0.8666666666666666,0.19999999999999996,0.8,0.8500000000000001,0.5499999999999999,100.0,Placed,A,C
0.8,0.6833333333333335,0.40000000000000013,1.0,0.9,0.25,100.0,Placed,A,D
0.6000000000000001,0.050000000000000044,0.0,0.5000000000000001,0.45,0.06666666666666665,67.26,Not Placed,C,F
1.0,0.06666666666666665,0.40000000000000013,0.4,0.5,0.0,100.0,Placed,A,F
0.0,0.06666666666666665,0.0,0.6000000000000001,0.35000000000000003,0.65,35.98,Not Placed,F,B
0.20000000000000004,0.16666666666666674,0.19999999999999996,1.0,0.25,0.35,54.1,Not Placed,D,D
0.7000000000000001,0.6666666666666666,0.8,0.8,0.5,0.7833333333333333,100.0,Placed,A,A
0.20000000000000004,0.45000000000000007,0.8,0.4,0.75,0.7499999999999999,87.25,Placed,A,A
0.7000000000000001,0.25,0.6000000000000001,0.4,0.15000000000000002,0.9499999999999998,97.81,Placed,A,A
0.0,0.6666666666666666,0.6000000000000001,0.9,0.05,0.41666666666666663,60.32,Not Placed,C,C
0.4,0.8833333333333334,1.0,0.30000000000000004,0.6000000000000001,0.5499999999999999,100.0,Placed,A,C
0.30000000000000004,0.4833333333333333,0.40000000000000013,0.4,0.30000000000000004,0.8166666666666665,82.45,Placed,A,A
0.4,0.050000000000000044,0.0,0.6000000000000001,0.8,0.9499999999999998,88.91,Placed,A,A
0.7000000000000001,0.01666666666666672,0.6000000000000001,0.20000000000000004,0.6000000000000001,0.33333333333333326,88.69,Placed,A,D
0.9,0.7500000000000001,0.19999999999999996,0.30000000000000004,0.45,0.09999999999999998,100.0,Placed,A,F
0.30000000000000004,0.033333333333333326,0.8,0.8,0.6000000000000001,0.3999999999999999,66.04,Not Placed,C,D
1.0,0.8166666666666668,0.0,0.1,0.45,0.9333333333333332,100.0,Placed,A,A
0.30000000000000004,0.33333333333333337,1.0,0.7000000000000001,0.30000000000000004,0.18333333333333324,53.57,Not Placed,D,F
0.20000000000000004,0.08333333333333337,0.8,0.8,0.45,0.4999999999999999,69.55,Not Placed,C,C
0.6000000000000001,0.7000000000000001,0.0,0.4,0.75,0.7666666666666667,95.7,Placed,A,A
0.20000000000000004,0.8666666666666666,0.6000000000000001,0.6000000000000001,0.1,0.43333333333333324,72.12,Placed,B,C
0.20000000000000004,0.2833333333333333,0.6000000000000001,0.5000000000000001,0.15000000000000002,0.35,70.88,Placed,B,D
1.0,0.7166666666666667,0.40000000000000013,0.0,0.15000000000000002,0.5499999999999999,100.0,Placed,A,C
0.9,0.06666666666666665,1.0,0.7000000000000001,0.15000000000000002,0.8833333333333332,95.27,Placed,A,A
0.4,0.13333333333333341,0.0,0.8,0.75,0.2666666666666666,81.67,Placed,A,D
0.4,0.31666666666666665,1.0,0.9,0.4,0.9666666666666667,65.54,Not Placed,C,A
0.5000000000000001,0.45000000000000007,0.19999999999999996,1.0,0.25,0.16666666666666663,65.73,Not Placed,C,F
0.7000000000000001,0.41666666666666663,1.0,0.0,0.45,0.4666666666666667,98.68,Placed,A,C
0.9,0.2833333333333333,0.6000000000000001,0.7000000000000001,0.15000000000000002,0.5499999999999999,98.14,Placed,A,C
0.5000000000000001,0.30000000000000004,0.40000000000000013,0.20000000000000004,0.55,0.9833333333333333,78.59,Placed,B,A
0.0,0.033333333333333326,0.6000000000000001,0.5000000000000001,0.45,0.8333333333333334,66.25,Not Placed,C,A
0.7000000000000001,0.13333333333333341,0.8,0.9,0.55,0.6,88.87,Placed,A,B
0.7000000000000001,0.5833333333333334,0.6000000000000001,0.7000000000000001,0.9,0.9499999999999998,100.0,Placed,A,A
0.8,0.5000000000000001,0.0,0.4,0.9,0.7999999999999999,100.0,Placed,A,A
0.8,0.7999999999999999,0.40000000000000013,0.7000000000000001,0.0,0.7833333333333333,95.38,Placed,A,A
0.1,0.2666666666666667,0.0,0.6000000000000001,0.15000000000000002,0.9833333333333333,67.21,Not Placed,C,A
0.1,0.9,0.19999999999999996,0.6000000000000001,0.6000000000000001,0.41666666666666663,79.56,Placed,B,C
0.20000000000000004,0.3666666666666666,0.19999999999999996,0.6000000000000001,0.35000000000000003,0.7333333333333333,73.86,Placed,B,B
0.0,0.5499999999999999,0.6000000000000001,0.8,0.65,0.7333333333333333,80.82,Placed,A,B
0.30000000000000004,0.6666666666666666,0.40000000000000013,0.5000000000000001,0.75,0.7333333333333333,98.89,Placed,A,B
0.30000000000000004,0.6666666666666666,1.0,0.5000000000000001,0.05,0.5166666666666667,100.0,Placed,A,C
0.8,0.06666666666666665,0.40000000000000013,1.0,0.35000000000000003,0.6,68.97,Not Placed,C,B
0.8,0.2333333333333334,0.40000000000000013,0.8,0.6000000000000001,0.06666666666666665,79.09,Placed,B,F
0.8,0.7666666666666667,0.40000000000000013,0.5000000000000001,0.0,0.31666666666666665,87.73,Placed,A,D
0.9,0.033333333333333326,0.6000000000000001,0.6000000000000001,0.55,0.8333333333333334,100.0,Placed,A,A
0.6000000000000001,0.30000000000000004,0.0,0.6000000000000001,0.8,0.09999999999999998,94.94,Placed,A,F
0.1,0.45000000000000007,0.6000000000000001,0.1,0.30000000000000004,0.6999999999999998,89.88,Placed,A,B
0.9,0.033333333333333326,1.0,0.7000000000000001,0.75,0.3666666666666666,100.0,Placed,A,D
0.4,0.6166666666666666,0.0,1.0,0.65,0.0,83.81,Placed,A,F
0.30000000000000004,0.050000000000000044,1.0,0.5000000000000001,0.45,0.6333333333333332,76.41,Placed,B,B
1.0,0.3833333333333334,0.8,0.30000000000000004,0.1,0.033333333333333326,100.0,Placed,A,F
0.7000000000000001,0.5000000000000001,0.8,1.0,0.55,0.7333333333333333,100.0,Placed,A,B
0.1,0.7333333333333333,0.0,0.6000000000000001,0.35000000000000003,0.033333333333333326,60.17,Not Placed,C,F
0.5000000000000001,0.9666666666666667,0.6000000000000001,0.7000000000000001,0.75,0.08333333333333326,83.09,Placed,A,F
0.4,0.7333333333333333,1.0,0.0,0.0,0.4999999999999999,70.3,Placed,B,C
0.1,0.9666666666666667,1.0,0.9,0.8,0.8833333333333332,99.69,Placed,A,A
1.0,0.16666666666666674,0.19999999999999996,0.30000000000000004,0.25,0.43333333333333324,95.17,Placed,A,C
0.9,0.6,1.0,0.30000000000000004,0.0,0.4666666666666667,89.99,Placed,A,C
0.0,0.0,0.6000000000000001,0.9,0.7000000000000001,0.23333333333333328,67.86,Not Placed,C,F
0.7000000000000001,0.13333333333333341,0.19999999999999996,0.8,0.6000000000000001,0.5833333333333334,83.37,Placed,A,B
0.1,0.2666666666666667,0.6000000000000001,0.5000000000000001,0.25,0.06666666666666665,60.46,Not Placed,C,F
0.6000000000000001,0.8833333333333334,0.40000000000000013,0.30000000000000004,1.0,0.033333333333333326,100.0,Placed,A,F
0.8,0.0,1.0,0.0,0.6000000000000001,0.8333333333333334,100.0,Placed,A,A
0.8,0.033333333333333326,0.40000000000000013,0.7000000000000001,0.15000000000000002,0.3999999999999999,67.12,Not Placed,C,D
0.7000000000000001,0.7666666666666667,0.8,1.0,0.0,0.5166666666666667,70.95,Placed,B,C
1.0,0.41666666666666663,0.8,0.8,0.45,0.33333333333333326,100.0,Placed,A,D
0.9,0.8666666666666666,0.0,0.4,0.15000000000000002,0.7833333333333333,100.0,Placed,A,A
0.8,0.5000000000000001,1.0,0.4,0.6000000000000001,0.2666666666666666,100.0,Placed,A,D
0.1,0.41666666666666663,0.19999999999999996,0.9,0.15000000000000002,0.1333333333333333,38.37,Not Placed,F,F
0.5000000000000001,0.3666666666666666,0.40000000000000013,0.7000000000000001,0.75,0.41666666666666663,98.26,Placed,A,C
0.30000000000000004,0.4833333333333333,0.6000000000000001,0.7000000000000001,0.4,0.35,81.18,Placed,A,D
0.30000000000000004,0.15000000000000002,1.0,0.4,0.15000000000000002,0.6666666666666666,65.78,Not Placed,C,B
0.4,0.1166666666666667,0.0,0.30000000000000004,0.9500000000000001,0.7499999999999999,100.0,Placed,A,A
0.20000000000000004,0.7166666666666667,0.6000000000000001,0.5000000000000001,0.35000000000000003,0.9666666666666667,92.83,Placed,A,A
0.0,0.4,0.40000000000000013,0.9,0.15000000000000002,0.3666666666666666,51.55,Not Placed,D,D
0.7000000000000001,0.35,1.0,0.4,0.4,0.16666666666666663,78.47,Placed,B,F
0.4,0.2333333333333334,0.40000000000000013,0.7000000000000001,0.5,0.9499999999999998,98.63,Placed,A,A
0.20000000000000004,0.9666666666666667,1.0,0.8,0.2,0.1499999999999999,66.77,Not Placed,C,F
0.9,0.6666666666666666,1.0,0.0,0.4,0.3666666666666666,100.0,Placed,A,D
0.6000000000000001,0.9166666666666666,0.40000000000000013,0.8,0.35000000000000003,0.06666666666666665,88.35,Placed,A,F
0.6000000000000001,0.9333333333333335,0.40000000000000013,0.8,0.15000000000000002,0.9,95.92,Placed,A,A
0.0,0.15000000000000002,0.6000000000000001,0.5000000000000001,0.9500000000000001,0.41666666666666663,63.64,Not Placed,C,C
0.8,0.31666666666666665,0.0,1.0,0.0,0.04999999999999993,78.99,Placed,B,F
0.1,0.6666666666666666,0.40000000000000013,0.9,0.9500000000000001,0.6999999999999998,93.58,Placed,A,B
0.4,0.7666666666666667,0.8,0.4,0.6000000000000001,0.43333333333333324,98.0,Placed,A,C
0.4,0.3666666666666666,0.0,0.6000000000000001,0.2,0.6166666666666666,72.69,Placed,B,B
0.7000000000000001,0.8666666666666666,0.8,1.0,0.9500000000000001,0.5499999999999999,100.0,Placed,A,C
0.7000000000000001,0.8666666666666666,0.6000000000000001,0.7000000000000001,1.0,0.9499999999999998,100.0,Placed,A,A
0.6000000000000001,0.0,0.40000000000000013,0.8,0.45,0.033333333333333326,80.91,Placed,A,F
0.6000000000000001,0.01666666666666672,0.0,0.8,0.75,0.8166666666666665,100.0,Placed,A,A
1.0,0.9500000000000001,0.40000000000000013,0.9,0.35000000000000003,0.5166666666666667,100.0,Placed,A,C
0.5000000000000001,0.30000000000000004,1.0,1.0,0.55,0.9999999999999999,100.0,Placed,A,A
0.5000000000000001,0.21666666666666667,0.40000000000000013,0.20000000000000004,0.1,0.41666666666666663,81.57,Placed,A,C
1.0,0.1166666666666667,0.0,0.7000000000000001,0.15000000000000002,0.2833333333333333,88.69,Placed,A,D
0.8,0.6166666666666666,0.40000000000000013,0.0,0.8,0.09999999999999998,100.0,Placed,A,F
0.5000000000000001,0.18333333333333335,0.40000000000000013,0.6000000000000001,1.0,0.8666666666666666,100.0,Placed,A,A
0.1,0.41666666666666663,0.19999999999999996,0.4,0.9500000000000001,0.7333333333333333,95.77,Placed,A,B
0.1,0.43333333333333346,0.19999999999999996,0.1,0.6000000000000001,0.19999999999999996,65.85,Not Placed,C,F
0.4,0.4666666666666667,0.0,0.1,0.25,0.08333333333333326,72.53,Placed,B,F
0.30000000000000004,0.2333333333333334,0.0,0.7000000000000001,0.1,0.5666666666666665,50.74,Not Placed,D,C
1.0,0.7500000000000001,1.0,0.4,0.65,0.4999999999999999,100.0,Placed,A,C
0.1,0.8666666666666666,1.0,1.0,0.30000000000000004,0.6833333333333332,82.99,Placed,A,B
0.20000000000000004,1.0,0.40000000000000013,0.20000000000000004,0.1,0.8666666666666666,73.88,Placed,B,A
0.6000000000000001,0.0,0.8,0.0,0.25,0.6,86.01,Placed,A,B
0.7000000000000001,0.9833333333333333,0.0,1.0,0.6000000000000001,0.6999999999999998,97.89,Placed,A,B
0.5000000000000001,0.7000000000000001,0.40000000000000013,0.6000000000000001,0.65,0.04999999999999993,93.93,Placed,A,F
1.0,0.45000000000000007,0.8,1.0,0.7000000000000001,0.6833333333333332,100.0,Placed,A,B
0.4,0.9333333333333335,0.19999999999999996,0.20000000000000004,0.75,0.04999999999999993,78.67,Placed,B,F
0.0,0.033333333333333326,1.0,0.6000000000000001,0.0,0.9833333333333333,68.26,Not Placed,C,A
0.7000000000000001,0.8333333333333334,0.0,0.1,0.7000000000000001,0.7333333333333333,100.0,Placed,A,B
0.20000000000000004,0.2833333333333333,0.40000000000000013,0.30000000000000004,0.30000000000000004,0.11666666666666659,63.35,Not Placed,C,F
0.5000000000000001,0.85,0.19999999999999996,0.1,0.4,0.6166666666666666,88.68,Placed,A,B
0.20000000000000004,0.9833333333333333,0.6000000000000001,0.30000000000000004,0.7000000000000001,0.16666666666666663,95.78,Placed,A,F
0.6000000000000001,0.5499999999999999,0.19999999999999996,0.4,0.65,0.016666666666666607,86.67,Placed,A,F
0.6000000000000001,0.5166666666666667,0.40000000000000013,0.7000000000000001,0.9,0.2833333333333333,97.77,Placed,A,D
0.8,0.4666666666666667,1.0,0.1,0.8500000000000001,0.2833333333333333,100.0,Placed,A,D
0.4,0.4,0.8,0.9,0.4,0.35,65.38,Not Placed,C,D
0.7000000000000001,0.9833333333333333,0.6000000000000001,0.20000000000000004,0.0,0.18333333333333324,100.0,Placed,A,F
0.9,0.41666666666666663,0.6000000000000001,0.9,0.55,0.2666666666666666,86.87,Placed,A,D
0.9,0.6333333333333334,1.0,0.4,0.45,0.8333333333333334,100.0,Placed,A,A
0.7000000000000001,0.1166666666666667,0.6000000000000001,1.0,0.30000000000000004,0.2666666666666666,72.45,Placed,B,D
0.0,0.30000000000000004,0.0,0.8,0.65,0.5833333333333334,64.2,Not Placed,C,B
0.4,0.8833333333333334,0.40000000000000013,0.9,0.0,0.4666666666666667,63.93,Not Placed,C,C
0.20000000000000004,0.7666666666666667,0.6000000000000001,1.0,0.7000000000000001,0.7999999999999999,84.58,Placed,A,A
0.0,0.6833333333333335,0.19999999999999996,0.4,0.0,0.25,51.11,Not Placed,D,D
0.30000000000000004,0.35,0.8,0.8,0.6000000000000001,0.6666666666666666,91.14,Placed,A,B
0.7000000000000001,0.4666666666666667,0.40000000000000013,0.30000000000000004,0.9500000000000001,0.16666666666666663,92.1,Placed,A,F
0.20000000000000004,0.5333333333333333,1.0,0.9,0.05,0.7166666666666667,68.34,Not Placed,C,B
0.9,0.6166666666666666,0.19999999999999996,0.4,0.1,0.6999999999999998,100.0,Placed,A,B
0.1,0.7333333333333333,0.0,0.8,0.15000000000000002,0.7333333333333333,64.11,Not Placed,C,B
1.0,0.7500000000000001,0.6000000000000001,0.30000000000000004,0.75,0.35,100.0,Placed,A,D
0.8,0.5666666666666668,0.19999999999999996,0.4,0.55,0.4833333333333333,94.05,Placed,A,C
0.9,0.7000000000000001,0.40000000000000013,0.4,0.15000000000000002,0.11666666666666659,100.0,Placed,A,F
0.4,0.033333333333333326,0.19999999999999996,0.30000000000000004,0.55,0.7499999999999999,62.93,Not Placed,C,A
0.6000000000000001,0.30000000000000004,0.0,0.30000000000000004,0.30000000000000004,0.2833333333333333,88.65,Placed,A,D
1.0,0.15000000000000002,0.8,1.0,0.9500000000000001,0.7499999999999999,100.0,Placed,A,A
1.0,0.43333333333333346,0.6000000000000001,0.4,0.1,0.25,97.2,Placed,A,D
0.1,0.2333333333333334,0.40000000000000013,0.5000000000000001,0.2,0.7666666666666667,68.18,Not Placed,C,A
0.8,0.16666666666666674,0.6000000000000001,0.6000000000000001,0.55,0.8833333333333332,97.91,Placed,A,A
0.8,0.7666666666666667,0.6000000000000001,0.5000000000000001,0.55,0.31666666666666665,100.0,Placed,A,D
0.30000000000000004,0.41666666666666663,1.0,0.0,0.9500000000000001,0.6333333333333332,100.0,Placed,A,B
0.30000000000000004,0.9666666666666667,0.6000000000000001,0.1,0.30000000000000004,0.11666666666666659,83.08,Placed,A,F
0.5000000000000001,0.3833333333333334,0.19999999999999996,0.6000000000000001,0.55,0.4833333333333333,99.42,Placed,A,C
0.9,0.20000000000000007,0.19999999999999996,0.20000000000000004,0.05,0.6166666666666666,100.0,Placed,A,B
0.9,0.5166666666666667,0.8,0.9,0.65,0.4666666666666667,100.0,Placed,A,C
0.9,0.6,0.0,1.0,0.75,0.19999999999999996,100.0,Placed,A,F
0.5000000000000001,0.050000000000000044,0.40000000000000013,0.1,0.30000000000000004,0.2666666666666666,86.09,Placed,A,D
0.0,0.20000000000000007,0.19999999999999996,0.5000000000000001,0.15000000000000002,0.65,52.17,Not Placed,D,B
0.8,0.13333333333333341,0.6000000000000001,1.0,0.9500000000000001,0.6999999999999998,100.0,Placed,A,B
0.1,0.9333333333333335,0.0,0.30000000000000004,0.2,0.2666666666666666,90.2,Placed,A,D
0.4,0.7999999999999999,0.40000000000000013,1.0,0.65,0.1333333333333333,70.5,Placed,B,F
0.8,0.5499999999999999,0.40000000000000013,0.4,0.4,0.016666666666666607,95.09,Placed,A,F
0.30000000000000004,0.9166666666666666,0.40000000000000013,0.5000000000000001,0.2,0.9666666666666667,82.42,Placed,A,A
1.0,0.6,0.40000000000000013,0.20000000000000004,0.05,0.6833333333333332,100.0,Placed,A,B
0.20000000000000004,0.7833333333333333,0.8,0.0,0.2,0.8833333333333332,89.34,Placed,A,A
0.6000000000000001,0.09999999999999998,0.40000000000000013,0.20000000000000004,0.1,0.3833333333333333,80.83,Placed,A,D
0.5000000000000001,0.0,0.0,0.20000000000000004,0.45,0.33333333333333326,96.16,Placed,A,D
0.7000000000000001,0.9833333333333333,0.19999999999999996,0.5000000000000001,0.35000000000000003,0.7499999999999999,100.0,Placed,A,A
0.20000000000000004,0.9500000000000001,0.0,0.30000000000000004,0.45,0.016666666666666607,82.29,Placed,A,F
0.4,0.18333333333333335,0.6000000000000001,0.6000000000000001,0.05,0.06666666666666665,48.98,Not Placed,F,F
0.9,0.33333333333333337,1.0,1.0,0.65,0.2666666666666666,98.31,Placed,A,D
0.30000000000000004,0.16666666666666674,0.8,0.1,0.15000000000000002,0.3833333333333333,85.43,Placed,A,D
0.30000000000000004,0.7166666666666667,0.8,0.30000000000000004,1.0,0.11666666666666659,100.0,Placed,A,F
0.30000000000000004,0.8333333333333334,0.6000000000000001,0.7000000000000001,0.55,0.4833333333333333,85.38,Placed,A,C
0.9,0.9500000000000001,0.0,1.0,0.9500000000000001,0.8166666666666665,100.0,Placed,A,A
0.7000000000000001,0.7166666666666667,0.0,0.5000000000000001,0.65,0.35,100.0,Placed,A,D
0.5000000000000001,0.7166666666666667,0.6000000000000001,0.9,0.75,0.9666666666666667,100.0,Placed,A,A
0.20000000000000004,0.21666666666666667,1.0,0.20000000000000004,0.2,0.3833333333333333,66.7,Not Placed,C,D
0.9,0.5499999999999999,0.40000000000000013,0.9,0.75,0.41666666666666663,100.0,Placed,A,C
0.4,0.5499999999999999,0.40000000000000013,0.1,0.15000000000000002,0.9999999999999999,92.22,Placed,A,A
0.5000000000000001,0.4,0.19999999999999996,0.20000000000000004,0.1,0.11666666666666659,63.57,Not Placed,C,F
0.4,1.0,0.0,0.0,0.0,0.18333333333333324,58.85,Not Placed,D,F
0.5000000000000001,0.050000000000000044,0.0,0.0,0.15000000000000002,0.21666666666666667,82.92,Placed,A,F
0.7000000000000001,0.85,0.6000000000000001,0.1,0.4,0.4833333333333333,100.0,Placed,A,C
0.6000000000000001,0.9,0.6000000000000001,0.20000000000000004,0.0,0.9,100.0,Placed,A,A
0.4,0.41666666666666663,0.40000000000000013,0.8,0.75,0.5666666666666665,83.41,Placed,A,C
0.9,0.25,0.0,0.7000000000000001,0.1,0.9999999999999999,100.0,Placed,A,A
0.5000000000000001,0.15000000000000002,0.0,1.0,0.25,0.4999999999999999,71.68,Placed,B,C
0.30000000000000004,0.7333333333333333,0.8,1.0,0.6000000000000001,0.44999999999999984,80.31,Placed,A,C
0.8,0.01666666666666672,0.19999999999999996,0.8,0.8,0.7499999999999999,100.0,Placed,A,A
0.30000000000000004,0.5666666666666668,0.19999999999999996,0.6000000000000001,0.7000000000000001,0.43333333333333324,86.01,Placed,A,C
0.0,0.30000000000000004,0.40000000000000013,0.6000000000000001,1.0,0.5833333333333334,84.34,Placed,A,B
0.6000000000000001,0.08333333333333337,1.0,0.4,0.55,0.0,92.62,Placed,A,F
0.6000000000000001,0.30000000000000004,0.0,0.6000000000000001,0.35000000000000003,0.6666666666666666,90.51,Placed,A,B
0.30000000000000004,0.9666666666666667,0.8,0.30000000000000004,0.75,0.21666666666666667,100.0,Placed,A,F
0.20000000000000004,0.8666666666666666,0.0,0.4,0.1,0.9499999999999998,99.73,Placed,A,A
0.7000000000000001,0.85,0.6000000000000001,0.0,0.15000000000000002,0.1499999999999999,100.0,Placed,A,F
0.4,0.8333333333333334,0.40000000000000013,1.0,0.30000000000000004,0.8166666666666665,100.0,Placed,A,A
0.9,0.1166666666666667,1.0,0.30000000000000004,0.7000000000000001,0.6833333333333332,100.0,Placed,A,B
0.6000000000000001,0.21666666666666667,0.19999999999999996,0.20000000000000004,0.5,0.09999999999999998,79.24,Placed,B,F
0.30000000000000004,0.15000000000000002,0.0,0.1,0.75,0.65,73.26,Placed,B,B
0.30000000000000004,0.033333333333333326,1.0,0.1,0.65,0.21666666666666667,94.94,Placed,A,F
0.7000000000000001,0.6166666666666666,0.40000000000000013,0.7000000000000001,0.6000000000000001,0.5833333333333334,90.58,Placed,A,B
0.7000000000000001,0.4666666666666667,0.19999999999999996,0.0,0.4,0.43333333333333324,99.15,Placed,A,C
0.1,0.2333333333333334,0.0,0.7000000000000001,0.8500000000000001,0.16666666666666663,73.32,Placed,B,F
0.1,0.3666666666666666,0.8,0.8,0.1,0.6833333333333332,54.47,Not Placed,D,B
0.20000000000000004,0.3666666666666666,0.40000000000000013,0.5000000000000001,0.9500000000000001,0.7999999999999999,90.8,Placed,A,A
0.20000000000000004,0.2833333333333333,0.0,0.0,0.2,0.6,59.66,Not Placed,D,B
0.0,0.7500000000000001,0.19999999999999996,0.9,0.05,0.6833333333333332,80.05,Placed,A,B
0.20000000000000004,0.30000000000000004,0.19999999999999996,0.6000000000000001,1.0,0.1499999999999999,85.94,Placed,A,F
0.5000000000000001,0.45000000000000007,0.8,0.4,0.8,0.8833333333333332,100.0,Placed,A,A
0.7000000000000001,0.41666666666666663,0.40000000000000013,0.8,0.75,0.09999999999999998,76.2,Placed,B,F
0.9,0.15000000000000002,0.40000000000000013,0.6000000000000001,0.9500000000000001,0.2666666666666666,98.48,Placed,A,D
0.5000000000000001,0.7666666666666667,1.0,0.4,0.6000000000000001,0.9999999999999999,100.0,Placed,A,A
0.4,0.050000000000000044,0.0,0.1,0.9500000000000001,0.85,95.85,Placed,A,A
0.30000000000000004,0.9,1.0,0.30000000000000004,0.5,0.18333333333333324,98.72,Placed,A,F
0.20000000000000004,0.01666666666666672,0.19999999999999996,0.1,0.35000000000000003,0.6,56.69,Not Placed,D,B
0.30000000000000004,0.033333333333333326,0.19999999999999996,0.8,1.0,0.6,97.07,Placed,A,B
0.6000000000000001,0.09999999999999998,0.8,0.1,0.2,0.9,78.93,Placed,B,A
0.0,0.9,0.8,0.1,0.05,0.5833333333333334,74.55,Placed,B,B
0.6000000000000001,0.25,0.40000000000000013,0.1,0.15000000000000002,0.9499999999999998,88.44,Placed,A,A
0.0,0.5000000000000001,1.0,0.0,0.1,0.09999999999999998,71.15,Placed,B,F
0.1,0.15000000000000002,0.19999999999999996,0.8,0.05,0.3833333333333333,61.0,Not Placed,C,D
0.30000000000000004,0.30000000000000004,0.0,0.7000000000000001,0.1,0.5499999999999999,70.09,Placed,B,C
0.0,0.45000000000000007,0.6000000000000001,0.1,0.75,0.0,76.63,Placed,B,F
1.0,0.2666666666666667,0.0,0.1,0.9500000000000001,0.4666666666666667,100.0,Placed,A,C
1.0,0.45000000000000007,0.8,0.4,0.4,0.41666666666666663,100.0,Placed,A,C
1.0,0.30000000000000004,0.0,0.30000000000000004,0.25,0.1499999999999999,79.69,Placed,B,F
0.8,0.6,0.19999999999999996,0.1,0.7000000000000001,0.0,100.0,Placed,A,F
0.5000000000000001,0.3666666666666666,1.0,0.7000000000000001,0.2,0.7333333333333333,99.45,Placed,A,B
0.0,0.31666666666666665,0.40000000000000013,0.7000000000000001,0.4,0.2666666666666666,65.66,Not Placed,C,D
0.0,0.20000000000000007,1.0,0.30000000000000004,0.25,0.6666666666666666,75.59,Placed,B,B
0.5000000000000001,0.20000000000000007,0.6000000000000001,0.30000000000000004,0.1,0.5833333333333334,84.82,Placed,A,B
0.30000000000000004,0.7000000000000001,0.40000000000000013,0.8,0.6000000000000001,0.1333333333333333,85.92,Placed,A,F
0.30000000000000004,0.16666666666666674,0.6000000000000001,0.30000000000000004,0.7000000000000001,0.6333333333333332,89.07,Placed,A,B
1.0,0.7833333333333333,0.6000000000000001,0.9,0.5,0.3666666666666666,100.0,Placed,A,D
0.5000000000000001,0.2333333333333334,0.19999999999999996,1.0,0.75,0.4666666666666667,100.0,Placed,A,C
1.0,0.2666666666666667,0.19999999999999996,0.8,0.7000000000000001,0.016666666666666607,76.91,Placed,B,F
0.6000000000000001,0.8833333333333334,0.8,0.20000000000000004,0.25,0.2833333333333333,92.66,Placed,A,D
0.8,0.8166666666666668,0.8,0.1,0.65,0.44999999999999984,100.0,Placed,A,C
0.9,0.45000000000000007,0.6000000000000001,1.0,0.5,0.8666666666666666,100.0,Placed,A,A
0.4,0.30000000000000004,1.0,0.7000000000000001,0.9500000000000001,0.7666666666666667,100.0,Placed,A,A
0.8,0.050000000000000044,0.8,0.20000000000000004,0.45,0.6833333333333332,100.0,Placed,A,B
0.30000000000000004,0.35,0.19999999999999996,0.1,0.75,0.7999999999999999,95.95,Placed,A,A
0.9,0.35,0.8,1.0,0.55,0.09999999999999998,100.0,Placed,A,F
0.1,0.9,0.6000000000000001,0.7000000000000001,0.30000000000000004,0.16666666666666663,60.23,Not Placed,C,F
0.20000000000000004,0.6,0.40000000000000013,0.7000000000000001,0.30000000000000004,0.09999999999999998,58.55,Not Placed,D,F
1.0,0.6333333333333334,1.0,0.4,0.8500000000000001,0.6999999999999998,100.0,Placed,A,B
0.0,0.5499999999999999,1.0,0.8,0.7000000000000001,0.3833333333333333,73.99,Placed,B,D
0.5000000000000001,0.5333333333333333,0.0,1.0,0.25,0.9,70.61,Placed,B,A
0.5000000000000001,0.7166666666666667,0.8,0.5000000000000001,0.9,0.9166666666666666,100.0,Placed,A,A
0.0,0.6833333333333335,1.0,0.4,0.35000000000000003,0.23333333333333328,79.78,Placed,B,F
1.0,0.65,0.19999999999999996,0.20000000000000004,0.9500000000000001,0.4999999999999999,100.0,Placed,A,C
0.20000000000000004,0.5333333333333333,0.40000000000000013,0.6000000000000001,0.7000000000000001,0.8333333333333334,100.0,Placed,A,A
0.4,0.18333333333333335,0.19999999999999996,0.8,0.15000000000000002,0.29999999999999993,64.37,Not Placed,C,D
0.20000000000000004,0.01666666666666672,0.8,0.30000000000000004,0.8500000000000001,0.9166666666666666,81.12,Placed,A,A
0.9,0.9666666666666667,0.6000000000000001,1.0,0.6000000000000001,0.9333333333333332,100.0,Placed,A,A
0.20000000000000004,0.45000000000000007,0.0,0.6000000000000001,0.0,0.1499999999999999,42.07,Not Placed,F,F
0.9,0.15000000000000002,0.0,0.20000000000000004,0.35000000000000003,0.7833333333333333,100.0,Placed,A,A
0.20000000000000004,0.35,0.40000000000000013,1.0,0.9,0.85,94.54,Placed,A,A
0.4,0.2666666666666667,1.0,0.1,0.8,0.11666666666666659,100.0,Placed,A,F
0.4,0.41666666666666663,1.0,1.0,0.45,0.0,61.94,Not Placed,C,F
0.30000000000000004,0.033333333333333326,1.0,0.0,0.0,0.016666666666666607,50.31,Not Placed,D,F
0.0,0.09999999999999998,0.0,0.5000000000000001,0.0,0.4666666666666667,39.06,Not Placed,F,C
0.4,0.7166666666666667,0.6000000000000001,0.4,1.0,0.6833333333333332,100.0,Placed,A,B
0.9,0.1166666666666667,1.0,0.1,0.2,0.1499999999999999,89.67,Placed,A,F
0.4,0.31666666666666665,0.19999999999999996,0.20000000000000004,0.0,0.6833333333333332,79.85,Placed,B,B
0.30000000000000004,0.18333333333333335,1.0,0.8,1.0,0.1333333333333333,85.14,Placed,A,F
0.5000000000000001,0.5666666666666668,0.6000000000000001,0.20000000000000004,1.0,0.8166666666666665,100.0,Placed,A,A
0.9,0.2666666666666667,0.40000000000000013,0.6000000000000001,0.9500000000000001,0.4999999999999999,100.0,Placed,A,C
0.30000000000000004,0.45000000000000007,0.40000000000000013,0.0,0.6000000000000001,0.5166666666666667,99.22,Placed,A,C
0.6000000000000001,0.6666666666666666,0.0,0.6000000000000001,0.4,0.016666666666666607,84.74,Placed,A,F
0.6000000000000001,0.15000000000000002,0.6000000000000001,0.8,0.75,0.3833333333333333,79.51,Placed,B,D
0.1,0.35,0.19999999999999996,1.0,0.35000000000000003,0.6,65.35,Not Placed,C,B
0.20000000000000004,0.6166666666666666,0.6000000000000001,0.7000000000000001,0.65,0.8666666666666666,100.0,Placed,A,A
0.0,0.9333333333333335,0.19999999999999996,0.6000000000000001,0.8,0.6999999999999998,92.25,Placed,A,B
0.7000000000000001,0.5333333333333333,0.19999999999999996,0.9,0.15000000000000002,0.08333333333333326,83.41,Placed,A,F
0.8,0.35,0.6000000000000001,0.7000000000000001,0.30000000000000004,0.11666666666666659,100.0,Placed,A,F
0.30000000000000004,0.7166666666666667,0.8,0.30000000000000004,0.8,0.65,100.0,Placed,A,B
0.5000000000000001,0.6,0.6000000000000001,0.1,0.75,0.3999999999999999,100.0,Placed,A,D
0.8,0.20000000000000007,0.19999999999999996,1.0,0.65,0.6833333333333332,100.0,Placed,A,B
0.5000000000000001,0.43333333333333346,1.0,0.8,0.75,0.6999999999999998,100.0,Placed,A,B
0.8,0.2333333333333334,0.40000000000000013,0.20000000000000004,0.05,0.8333333333333334,94.51,Placed,A,A
0.30000000000000004,0.35,0.40000000000000013,1.0,0.7000000000000001,0.3999999999999999,66.23,Not Placed,C,D
0.7000000000000001,0.4833333333333333,0.0,0.30000000000000004,0.5,0.7499999999999999,100.0,Placed,A,A
0.8,0.7000000000000001,0.40000000000000013,0.6000000000000001,0.6000000000000001,0.16666666666666663,100.0,Placed,A,F
0.30000000000000004,0.65,0.8,0.1,0.15000000000000002,0.5666666666666665,89.4,Placed,A,C
0.4,0.6,0.19999999999999996,0.7000000000000001,0.0,0.0,61.59,Not Placed,C,F
0.7000000000000001,0.5499999999999999,0.6000000000000001,0.9,0.7000000000000001,0.9833333333333333,100.0,Placed,A,A
0.9,0.7166666666666667,0.6000000000000001,0.7000000000000001,0.55,0.9666666666666667,100.0,Placed,A,A
0.5000000000000001,0.9833333333333333,0.8,0.4,1.0,0.8666666666666666,100.0,Placed,A,A
0.6000000000000001,0.5499999999999999,0.40000000000000013,0.8,0.4,0.3666666666666666,68.06,Not Placed,C,D
0.20000000000000004,0.9500000000000001,0.19999999999999996,0.7000000000000001,0.30000000000000004,0.033333333333333326,66.22,Not Placed,C,F
0.6000000000000001,0.7833333333333333,0.40000000000000013,0.0,0.1,0.6666666666666666,88.08,Placed,A,B
0.7000000000000001,0.8666666666666666,0.0,0.8,0.75,0.0,92.97,Placed,A,F
0.9,0.5666666666666668,0.40000000000000013,0.4,0.15000000000000002,0.8833333333333332,100.0,Placed,A,A
0.5000000000000001,0.6833333333333335,0.0,0.8,0.65,0.7166666666666667,100.0,Placed,A,B
0.9,0.30000000000000004,0.6000000000000001,0.8,0.6000000000000001,0.18333333333333324,98.42,Placed,A,F
0.8,0.1166666666666667,0.19999999999999996,0.9,0.9500000000000001,0.6166666666666666,100.0,Placed,A,B
0.5000000000000001,0.6333333333333334,1.0,0.9,0.9,0.9999999999999999,100.0,Placed,A,A
0.8,0.5333333333333333,0.0,0.20000000000000004,0.05,0.65,82.49,Placed,A,B
0.30000000000000004,0.7166666666666667,0.40000000000000013,0.7000000000000001,0.45,0.4999999999999999,93.15,Placed,A,C
0.7000000000000001,1.0,0.40000000000000013,0.6000000000000001,0.9,0.4666666666666667,100.0,Placed,A,C
1.0,0.45000000000000007,0.6000000000000001,0.6000000000000001,0.7000000000000001,0.5666666666666665,100.0,Placed,A,C
0.30000000000000004,0.6,0.8,0.9,0.30000000000000004,0.44999999999999984,83.91,Placed,A,C
0.1,0.7833333333333333,1.0,0.1,0.7000000000000001,0.33333333333333326,87.12,Placed,A,D
0.9,0.4,0.8,0.1,0.8,0.16666666666666663,100.0,Placed,A,F
1.0,0.5833333333333334,0.40000000000000013,0.1,0.75,0.41666666666666663,100.0,Placed,A,C
0.8,0.2666666666666667,0.8,1.0,0.8,0.16666666666666663,96.35,Placed,A,F
0.4,0.3833333333333334,1.0,0.1,0.75,0.06666666666666665,96.9,Placed,A,F
0.30000000000000004,0.33333333333333337,1.0,0.30000000000000004,0.8500000000000001,0.9166666666666666,98.03,Placed,A,A
0.1,0.01666666666666672,0.19999999999999996,0.6000000000000001,0.8,0.09999999999999998,67.53,Not Placed,C,F
0.0,0.5000000000000001,0.8,0.1,0.15000000000000002,0.8333333333333334,87.43,Placed,A,A
1.0,0.7166666666666667,0.19999999999999996,0.4,0.05,0.4999999999999999,98.36,Placed,A,C
0.6000000000000001,0.5333333333333333,0.40000000000000013,0.6000000000000001,0.8,0.6333333333333332,100.0,Placed,A,B
0.5000000000000001,0.4833333333333333,0.40000000000000013,0.8,0.8,0.6833333333333332,92.35,Placed,A,B
0.1,0.18333333333333335,0.40000000000000013,0.7000000000000001,0.05,0.11666666666666659,72.61,Placed,B,F
0.7000000000000001,0.7166666666666667,0.6000000000000001,0.8,0.05,0.8666666666666666,96.46,Placed,A,A
1.0,0.18333333333333335,0.8,0.6000000000000001,0.7000000000000001,0.43333333333333324,100.0,Placed,A,C
0.30000000000000004,0.8333333333333334,0.0,0.20000000000000004,0.75,0.33333333333333326,89.22,Placed,A,D
0.7000000000000001,0.9333333333333335,1.0,0.0,0.5,0.4833333333333333,100.0,Placed,A,C
0.6000000000000001,0.7999999999999999,0.0,0.9,0.05,0.21666666666666667,80.74,Placed,A,F
0.4,0.85,0.40000000000000013,0.6000000000000001,0.35000000000000003,0.9666666666666667,74.53,Placed,B,A
0.9,0.3833333333333334,0.8,1.0,1.0,0.0,87.46,Placed,A,F
0.9,0.3833333333333334,0.19999999999999996,0.5000000000000001,0.55,0.7333333333333333,100.0,Placed,A,B
0.7000000000000001,0.9500000000000001,0.0,0.1,0.65,0.3833333333333333,100.0,Placed,A,D
0.8,0.9833333333333333,0.40000000000000013,0.0,0.65,0.9999999999999999,100.0,Placed,A,A
0.4,0.16666666666666674,0.0,0.9,0.55,0.08333333333333326,58.32,Not Placed,D,F
0.9,0.20000000000000007,0.0,0.30000000000000004,0.05,0.08333333333333326,59.58,Not Placed,D,F
0.4,0.43333333333333346,1.0,0.30000000000000004,0.65,0.8666666666666666,100.0,Placed,A,A
0.1,0.1166666666666667,0.0,0.5000000000000001,0.55,0.06666666666666665,52.32,Not Placed,D,F
0.4,0.15000000000000002,0.40000000000000013,1.0,0.4,0.5666666666666665,62.28,Not Placed,C,C
0.20000000000000004,0.1166666666666667,1.0,0.4,0.35000000000000003,0.7166666666666667,87.66,Placed,A,B
0.6000000000000001,0.31666666666666665,0.40000000000000013,0.8,0.9500000000000001,0.23333333333333328,98.57,Placed,A,F
0.9,0.1166666666666667,0.6000000000000001,0.7000000000000001,0.75,0.5666666666666665,98.74,Placed,A,C
0.4,0.13333333333333341,0.6000000000000001,0.8,0.45,0.7833333333333333,68.57,Not Placed,C,A
0.7000000000000001,0.09999999999999998,0.6000000000000001,0.9,0.30000000000000004,0.8166666666666665,93.95,Placed,A,A
0.0,0.21666666666666667,0.0,0.6000000000000001,0.7000000000000001,0.6666666666666666,60.94,Not Placed,C,B
0.20000000000000004,0.45000000000000007,0.8,0.8,0.4,0.11666666666666659,56.51,Not Placed,D,F
0.20000000000000004,0.01666666666666672,0.40000000000000013,0.20000000000000004,0.15000000000000002,0.6999999999999998,66.91,Not Placed,C,B
0.8,0.9333333333333335,0.6000000000000001,0.8,0.25,0.5666666666666665,100.0,Placed,A,C
0.4,0.7000000000000001,0.8,0.1,0.55,0.06666666666666665,95.33,Placed,A,F
0.8,0.1166666666666667,0.6000000000000001,0.8,0.7000000000000001,0.4999999999999999,100.0,Placed,A,C
0.8,0.20000000000000007,0.6000000000000001,0.5000000000000001,0.9,0.6833333333333332,100.0,Placed,A,B
0.0,0.33333333333333337,0.8,0.30000000000000004,0.05,0.4999999999999999,66.58,Not Placed,C,C
0.1,0.7666666666666667,0.6000000000000001,1.0,0.9,0.6,88.26,Placed,A,B
0.4,0.45000000000000007,0.0,0.1,0.9500000000000001,0.11666666666666659,100.0,Placed,A,F
0.30000000000000004,0.5666666666666668,0.0,0.9,0.9500000000000001,0.08333333333333326,70.22,Placed,B,F
0.9,0.3666666666666666,1.0,0.20000000000000004,0.05,0.3666666666666666,100.0,Placed,A,D
0.8,0.7500000000000001,0.0,0.4,0.7000000000000001,0.8666666666666666,100.0,Placed,A,A
0.6000000000000001,0.2333333333333334,0.19999999999999996,0.8,0.55,0.25,70.83,Placed,B,D
0.5000000000000001,0.01666666666666672,1.0,0.6000000000000001,0.0,0.7166666666666667,72.54,Placed,B,B
0.6000000000000001,1.0,0.6000000000000001,1.0,0.65,0.7999999999999999,90.48,Placed,A,A
0.0,0.8333333333333334,0.19999999999999996,1.0,0.15000000000000002,0.11666666666666659,58.97,Not Placed,D,F
0.0,0.18333333333333335,0.40000000000000013,0.20000000000000004,0.5,0.04999999999999993,49.17,Not Placed,F,F
0.7000000000000001,0.9333333333333335,0.8,0.30000000000000004,0.30000000000000004,0.5166666666666667,100.0,Placed,A,C
0.1,0.85,0.40000000000000013,1.0,0.6000000000000001,0.8666666666666666,77.23,Placed,B,A
0.9,0.5833333333333334,0.19999999999999996,0.1,0.65,0.7999999999999999,100.0,Placed,A,A
1.0,0.033333333333333326,0.0,0.7000000000000001,0.30000000000000004,0.033333333333333326,81.47,Placed,A,F
0.8,0.06666666666666665,0.6000000000000001,0.5000000000000001,0.5,0.8166666666666665,100.0,Placed,A,A
0.6000000000000001,0.033333333333333326,1.0,0.20000000000000004,0.9500000000000001,0.25,100.0,Placed,A,D
0.5000000000000001,0.9333333333333335,0.6000000000000001,0.4,0.9500000000000001,0.9833333333333333,100.0,Placed,A,A
0.0,0.7666666666666667,0.0,0.4,0.5,0.5499999999999999,77.32,Placed,B,C
0.0,0.30000000000000004,0.6000000000000001,0.0,1.0,0.19999999999999996,92.49,Placed,A,F
0.1,0.01666666666666672,0.8,0.4,0.4,0.5333333333333333,57.63,Not Placed,D,C
0.5000000000000001,0.7166666666666667,0.8,0.5000000000000001,0.15000000000000002,0.35,78.89,Placed,B,D
0.5000000000000001,0.6,0.8,0.9,0.05,0.4999999999999999,67.79,Not Placed,C,C
0.1,0.8833333333333334,0.40000000000000013,0.9,0.05,0.3833333333333333,66.6,Not Placed,C,D
0.0,0.2666666666666667,0.0,1.0,0.4,0.033333333333333326,46.81,Not Placed,F,F
0.9,0.21666666666666667,0.8,1.0,0.9,0.5333333333333333,100.0,Placed,A,C
0.4,0.45000000000000007,0.19999999999999996,1.0,0.7000000000000001,0.4833333333333333,58.0,Not Placed,D,C
0.4,0.43333333333333346,0.8,0.1,1.0,0.41666666666666663,100.0,Placed,A,C
0.1,0.8833333333333334,1.0,0.20000000000000004,1.0,0.5499999999999999,83.7,Placed,A,C
0.5000000000000001,0.15000000000000002,0.40000000000000013,0.9,0.8500000000000001,0.8333333333333334,100.0,Placed,A,A
0.8,0.033333333333333326,0.19999999999999996,0.4,0.75,0.35,98.77,Placed,A,D
0.1,0.5833333333333334,0.0,0.20000000000000004,0.05,0.4833333333333333,53.83,Not Placed,D,C
0.9,0.6166666666666666,0.0,0.4,0.55,0.5666666666666665,100.0,Placed,A,C
0.1,0.9166666666666666,1.0,0.4,0.0,0.3999999999999999,71.92,Placed,B,D
0.20000000000000004,0.4,0.8,0.7000000000000001,0.05,0.44999999999999984,83.67,Placed,A,C
0.6000000000000001,0.35,0.19999999999999996,0.9,0.65,0.5333333333333333,88.68,Placed,A,C
0.5000000000000001,0.7833333333333333,1.0,0.8,0.30000000000000004,0.3666666666666666,90.96,Placed,A,D
0.7000000000000001,0.6333333333333334,0.19999999999999996,0.7000000000000001,0.8,0.41666666666666663,97.87,Placed,A,C
0.7000000000000001,0.7666666666666667,0.8,0.20000000000000004,0.7000000000000001,0.9166666666666666,100.0,Placed,A,A
0.5000000000000001,0.4833333333333333,0.8,0.0,0.8,0.1333333333333333,100.0,Placed,A,F
1.0,0.33333333333333337,0.6000000000000001,0.20000000000000004,0.4,0.11666666666666659,81.64,Placed,A,F
0.9,0.4833333333333333,0.6000000000000001,0.0,0.6000000000000001,0.6,100.0,Placed,A,B
0.20000000000000004,0.45000000000000007,0.8,1.0,0.05,0.5333333333333333,67.68,Not Placed,C,C
0.20000000000000004,0.5000000000000001,0.40000000000000013,0.8,0.7000000000000001,0.23333333333333328,67.04,Not Placed,C,F
0.0,0.9333333333333335,1.0,0.20000000000000004,0.9500000000000001,0.7999999999999999,98.97,Placed,A,A
0.6000000000000001,0.85,0.6000000000000001,0.7000000000000001,0.5,0.7666666666666667,86.8,Placed,A,A
0.4,0.41666666666666663,0.8,0.5000000000000001,0.9,0.11666666666666659,98.53,Placed,A,F
0.30000000000000004,0.7000000000000001,0.19999999999999996,0.20000000000000004,0.65,0.9,88.51,Placed,A,A
0.9,0.35,1.0,0.8,0.15000000000000002,0.33333333333333326,95.1,Placed,A,D
0.30000000000000004,0.33333333333333337,0.6000000000000001,0.7000000000000001,0.5,0.9499999999999998,79.32,Placed,B,A
0.30000000000000004,0.0,0.40000000000000013,0.20000000000000004,0.75,0.033333333333333326,61.75,Not Placed,C,F
0.5000000000000001,0.6,1.0,0.6000000000000001,0.05,0.1333333333333333,75.6,Placed,B,F
0.7000000000000001,0.20000000000000007,1.0,0.4,0.05,0.85,100.0,Placed,A,A
0.7000000000000001,0.33333333333333337,0.0,0.1,0.4,0.21666666666666667,79.12,Placed,B,F
0.4,0.7500000000000001,0.19999999999999996,0.7000000000000001,1.0,0.6166666666666666,100.0,Placed,A,B
0.5000000000000001,0.13333333333333341,0.40000000000000013,0.0,1.0,0.43333333333333324,100.0,Placed,A,C
0.30000000000000004,0.2666666666666667,0.40000000000000013,0.30000000000000004,0.15000000000000002,0.31666666666666665,65.31,Not Placed,C,D
1.0,0.7666666666666667,0.40000000000000013,1.0,0.35000000000000003,0.9333333333333332,100.0,Placed,A,A
0.8,0.33333333333333337,0.19999999999999996,1.0,0.8500000000000001,0.04999999999999993,91.66,Placed,A,F
0.7000000000000001,0.5000000000000001,0.40000000000000013,0.30000000000000004,0.7000000000000001,0.3833333333333333,86.99,Placed,A,D
0.9,0.6333333333333334,0.0,0.9,0.05,0.43333333333333324,98.35,Placed,A,C
0.9,0.9666666666666667,0.6000000000000001,0.4,0.5,0.18333333333333324,100.0,Placed,A,F
0.0,0.8833333333333334,0.19999999999999996,0.30000000000000004,0.8,0.44999999999999984,83.77,Placed,A,C
0.1,0.35,0.40000000000000013,0.0,0.30000000000000004,0.5666666666666665,63.71,Not Placed,C,C
0.8,0.18333333333333335,0.8,0.6000000000000001,0.35000000000000003,0.3833333333333333,88.95,Placed,A,D
0.7000000000000001,0.9,0.6000000000000001,0.9,0.45,0.4999999999999999,100.0,Placed,A,C
0.20000000000000004,0.08333333333333337,1.0,1.0,0.1,0.9666666666666667,57.19,Not Placed,D,A
0.7000000000000001,0.8666666666666666,0.19999999999999996,0.1,0.6000000000000001,0.033333333333333326,91.61,Placed,A,F
0.0,0.25,0.8,0.9,0.8,0.4833333333333333,73.25,Placed,B,C
0.9,0.41666666666666663,1.0,0.20000000000000004,0.6000000000000001,0.43333333333333324,100.0,Placed,A,C
0.30000000000000004,0.06666666666666665,0.8,0.4,0.9,0.8666666666666666,91.29,Placed,A,A
0.20000000000000004,0.13333333333333341,0.40000000000000013,0.7000000000000001,0.4,0.2666666666666666,58.44,Not Placed,D,D
0.5000000000000001,0.7500000000000001,0.19999999999999996,0.9,1.0,0.08333333333333326,68.99,Not Placed,C,F
0.6000000000000001,0.65,0.40000000000000013,0.7000000000000001,0.75,0.7666666666666667,100.0,Placed,A,A
0.30000000000000004,0.21666666666666667,1.0,0.1,0.2,0.6999999999999998,71.15,Placed,B,B
0.6000000000000001,0.7166666666666667,0.0,0.8,0.4,0.2833333333333333,94.73,Placed,A,D
0.8,0.6833333333333335,0.8,0.5000000000000001,0.4,0.9833333333333333,100.0,Placed,A,A
1.0,0.4833333333333333,0.0,0.8,0.25,0.5666666666666665,100.0,Placed,A,C
0.1,0.85,1.0,0.30000000000000004,1.0,0.43333333333333324,100.0,Placed,A,C
1.0,0.85,0.40000000000000013,0.20000000000000004,0.45,0.2666666666666666,100.0,Placed,A,D
0.20000000000000004,0.41666666666666663,0.6000000000000001,0.4,0.8500000000000001,0.16666666666666663,86.52,Placed,A,F
0.4,0.8666666666666666,0.8,0.4,0.5,0.6166666666666666,100.0,Placed,A,B
0.20000000000000004,0.7333333333333333,0.6000000000000001,0.30000000000000004,0.7000000000000001,0.6,96.3,Placed,A,B
1.0,0.4666666666666667,0.19999999999999996,0.6000000000000001,0.30000000000000004,0.6833333333333332,100.0,Placed,A,B
0.7000000000000001,0.30000000000000004,0.8,0.7000000000000001,0.65,0.5499999999999999,100.0,Placed,A,C
0.9,0.7666666666666667,0.0,0.4,0.35000000000000003,0.7666666666666667,100.0,Placed,A,A
0.7000000000000001,0.1166666666666667,0.6000000000000001,0.8,0.9,0.5166666666666667,99.0,Placed,A,C
0.7000000000000001,0.3666666666666666,1.0,0.6000000000000001,0.7000000000000001,0.6999999999999998,82.96,Placed,A,B
0.8,0.8666666666666666,0.19999999999999996,0.6000000000000001,0.9,0.9166666666666666,100.0,Placed,A,A
0.30000000000000004,0.6833333333333335,0.8,0.7000000000000001,0.8500000000000001,0.9333333333333332,95.56,Placed,A,A
0.4,0.5666666666666668,1.0,0.30000000000000004,0.8,0.7499999999999999,100.0,Placed,A,A
0.4,0.5000000000000001,0.19999999999999996,0.9,0.1,0.7499999999999999,85.76,Placed,A,A
0.7000000000000001,0.8666666666666666,0.0,0.5000000000000001,0.1,0.5666666666666665,95.88,Placed,A,C
0.6000000000000001,0.5666666666666668,1.0,0.4,0.30000000000000004,0.44999999999999984,91.02,Placed,A,C
0.8,0.5166666666666667,0.8,0.0,0.45,0.8833333333333332,100.0,Placed,A,A
0.7000000000000001,0.9500000000000001,0.19999999999999996,0.8,0.8,0.35,100.0,Placed,A,D
0.1,0.06666666666666665,0.40000000000000013,0.1,0.7000000000000001,0.25,77.01,Placed,B,D
0.9,0.25,0.8,0.5000000000000001,0.35000000000000003,0.7499999999999999,100.0,Placed,A,A
0.30000000000000004,0.2666666666666667,0.8,0.7000000000000001,0.8,0.6833333333333332,100.0,Placed,A,B
0.5000000000000001,0.5166666666666667,0.8,0.20000000000000004,0.1,0.8833333333333332,94.51,Placed,A,A
0.1,0.6166666666666666,0.8,0.4,0.15000000000000002,0.65,57.22,Not Placed,D,B
0.6000000000000001,0.9500000000000001,0.40000000000000013,0.6000000000000001,0.35000000000000003,0.18333333333333324,76.35,Placed,B,F
0.20000000000000004,0.5166666666666667,1.0,0.30000000000000004,0.6000000000000001,0.06666666666666665,80.27,Placed,A,F
0.20000000000000004,0.85,1.0,0.4,0.0,0.41666666666666663,72.61,Placed,B,C
1.0,0.31666666666666665,1.0,0.0,0.8500000000000001,0.41666666666666663,100.0,Placed,A,C
0.1,0.7833333333333333,0.0,0.30000000000000004,0.5,0.19999999999999996,81.47,Placed,A,F
1.0,0.9166666666666666,0.40000000000000013,0.6000000000000001,1.0,0.3833333333333333,100.0,Placed,A,D
0.7000000000000001,0.01666666666666672,0.40000000000000013,0.9,0.25,0.7166666666666667,70.5,Placed,B,B
0.5000000000000001,0.31666666666666665,0.19999999999999996,0.6000000000000001,0.75,0.033333333333333326,86.22,Placed,A,F
0.0,0.7666666666666667,0.6000000000000001,0.9,1.0,0.5166666666666667,90.99,Placed,A,C
0.0,0.2833333333333333,1.0,0.9,0.9,0.3666666666666666,83.25,Placed,A,D
0.6000000000000001,0.0,0.6000000000000001,0.30000000000000004,0.8,0.7999999999999999,99.15,Placed,A,A
0.7000000000000001,0.9500000000000001,0.19999999999999996,0.5000000000000001,0.8500000000000001,0.85,100.0,Placed,A,A
0.4,0.4666666666666667,0.40000000000000013,0.4,0.5,0.6,72.35,Placed,B,B
1.0,0.4666666666666667,0.19999999999999996,0.0,0.65,0.9,100.0,Placed,A,A
0.4,0.30000000000000004,0.8,0.7000000000000001,0.55,0.6166666666666666,96.25,Placed,A,B
0.30000000000000004,0.7166666666666667,0.19999999999999996,0.6000000000000001,0.9500000000000001,0.7333333333333333,100.0,Placed,A,B
0.5000000000000001,0.65,0.19999999999999996,0.4,0.30000000000000004,0.6166666666666666,89.6,Placed,A,B
0.5000000000000001,0.08333333333333337,0.8,0.9,0.8,0.19999999999999996,90.51,Placed,A,F
0.20000000000000004,0.7166666666666667,0.6000000000000001,0.9,0.2,0.23333333333333328,73.55,Placed,B,F
0.8,0.6333333333333334,0.8,0.6000000000000001,0.65,0.016666666666666607,100.0,Placed,A,F
1.0,0.8166666666666668,0.0,0.9,0.6000000000000001,0.16666666666666663,100.0,Placed,A,F
0.6000000000000001,0.8833333333333334,0.19999999999999996,0.20000000000000004,0.55,0.25,100.0,Placed,A,D
0.0,0.7500000000000001,0.19999999999999996,0.7000000000000001,0.65,0.2833333333333333,70.41,Placed,B,D
0.6000000000000001,0.1166666666666667,0.6000000000000001,0.4,0.4,0.5499999999999999,100.0,Placed,A,C
0.4,0.3833333333333334,0.40000000000000013,0.1,0.15000000000000002,0.1499999999999999,80.57,Placed,A,F
0.4,0.31666666666666665,0.8,0.1,0.9,0.19999999999999996,94.04,Placed,A,F
0.1,0.8833333333333334,0.40000000000000013,0.30000000000000004,0.0,0.5166666666666667,62.32,Not Placed,C,C
0.30000000000000004,0.21666666666666667,0.0,0.6000000000000001,0.6000000000000001,0.9833333333333333,94.83,Placed,A,A
0.5000000000000001,0.06666666666666665,0.8,0.9,0.25,0.11666666666666659,66.36,Not Placed,C,F
0.9,0.6666666666666666,0.0,0.30000000000000004,0.0,0.09999999999999998,77.67,Placed,B,F
1.0,0.65,0.0,0.8,0.8,0.7833333333333333,100.0,Placed,A,A
0.6000000000000001,0.5499999999999999,0.0,0.1,0.1,0.2666666666666666,85.38,Placed,A,D
1.0,0.9833333333333333,1.0,0.5000000000000001,0.8,0.6666666666666666,100.0,Placed,A,B
0.4,0.25,0.8,0.30000000000000004,0.05,0.43333333333333324,88.06,Placed,A,C
0.8,0.7333333333333333,0.8,0.5000000000000001,0.30000000000000004,0.9666666666666667,100.0,Placed,A,A
0.20000000000000004,0.09999999999999998,1.0,0.9,0.0,0.11666666666666659,43.59,Not Placed,F,F
0.0,0.25,0.6000000000000001,0.8,1.0,0.4666666666666667,69.6,Not Placed,C,C
0.30000000000000004,0.09999999999999998,1.0,0.9,0.7000000000000001,0.9333333333333332,81.01,Placed,A,A
0.8,0.43333333333333346,0.19999999999999996,0.8,0.15000000000000002,0.85,85.94,Placed,A,A
0.30000000000000004,0.21666666666666667,0.40000000000000013,0.8,0.25,0.6,63.91,Not Placed,C,B
0.1,0.21666666666666667,0.40000000000000013,0.8,1.0,0.43333333333333324,75.3,Placed,B,C
0.9,0.7166666666666667,0.0,0.20000000000000004,0.6000000000000001,0.6,94.05,Placed,A,B
0.4,0.5333333333333333,0.8,1.0,0.6000000000000001,0.9666666666666667,87.67,Placed,A,A
0.20000000000000004,0.5333333333333333,0.8,0.8,0.9500000000000001,0.9333333333333332,100.0,Placed,A,A
0.8,0.7166666666666667,0.0,0.20000000000000004,0.0,0.3833333333333333,81.48,Placed,A,D
0.30000000000000004,0.31666666666666665,0.19999999999999996,0.9,0.05,0.7333333333333333,75.21,Placed,B,B
0.5000000000000001,0.8666666666666666,0.40000000000000013,0.20000000000000004,0.25,0.25,85.08,Placed,A,D
0.1,0.7666666666666667,1.0,0.4,0.5,0.41666666666666663,90.72,Placed,A,C
0.5000000000000001,0.5833333333333334,0.6000000000000001,0.5000000000000001,0.8500000000000001,0.8833333333333332,100.0,Placed,A,A
0.20000000000000004,0.09999999999999998,0.19999999999999996,0.8,0.6000000000000001,0.4999999999999999,78.15,Placed,B,C
0.8,0.5166666666666667,0.8,0.0,1.0,0.43333333333333324,100.0,Placed,A,C
1.0,0.7833333333333333,0.0,0.7000000000000001,0.55,0.41666666666666663,100.0,Placed,A,C
0.1,0.033333333333333326,0.40000000000000013,0.30000000000000004,0.9500000000000001,0.6999999999999998,100.0,Placed,A,B
0.8,0.6333333333333334,0.0,0.9,0.30000000000000004,0.23333333333333328,69.43,Not Placed,C,F
0.4,0.4666666666666667,0.8,0.6000000000000001,0.9500000000000001,0.9499999999999998,100.0,Placed,A,A
0.7000000000000001,0.3833333333333334,0.0,0.5000000000000001,0.30000000000000004,0.7999999999999999,97.82,Placed,A,A
0.1,0.35,1.0,0.5000000000000001,0.30000000000000004,0.23333333333333328,51.43,Not Placed,D,F
0.5000000000000001,0.08333333333333337,0.40000000000000013,0.6000000000000001,0.05,0.3666666666666666,68.88,Not Placed,C,D
0.20000000000000004,0.7833333333333333,0.0,0.30000000000000004,0.5,0.3999999999999999,83.31,Placed,A,D
0.9,0.3833333333333334,0.40000000000000013,0.5000000000000001,0.0,0.7166666666666667,93.99,Placed,A,B
0.4,0.65,0.0,0.20000000000000004,1.0,0.04999999999999993,100.0,Placed,A,F
0.7000000000000001,0.3666666666666666,0.0,0.4,0.6000000000000001,0.5833333333333334,100.0,Placed,A,B
0.9,0.8833333333333334,0.40000000000000013,0.1,0.55,0.8666666666666666,100.0,Placed,A,A
0.0,0.6166666666666666,1.0,0.20000000000000004,0.6000000000000001,0.25,93.52,Placed,A,D
0.4,0.15000000000000002,0.0,0.8,0.30000000000000004,0.7666666666666667,65.18,Not Placed,C,A
0.20000000000000004,0.25,1.0,0.5000000000000001,0.55,0.65,80.17,Placed,A,B
0.30000000000000004,0.16666666666666674,0.19999999999999996,0.20000000000000004,0.8,0.9666666666666667,92.01,Placed,A,A
0.1,0.5166666666666667,0.6000000000000001,0.1,0.35000000000000003,0.33333333333333326,68.29,Not Placed,C,D
0.8,0.7333333333333333,0.19999999999999996,0.4,0.1,0.85,97.68,Placed,A,A
0.20000000000000004,1.0,0.6000000000000001,0.9,0.30000000000000004,0.65,81.24,Placed,A,B
0.1,0.08333333333333337,0.19999999999999996,0.4,0.9,0.6999999999999998,79.45,Placed,B,B
0.9,0.3833333333333334,0.6000000000000001,0.0,0.9500000000000001,0.8666666666666666,100.0,Placed,A,A
1.0,0.5333333333333333,0.0,0.20000000000000004,0.35000000000000003,0.9166666666666666,100.0,Placed,A,A
0.8,0.8666666666666666,0.40000000000000013,0.6000000000000001,0.65,0.2666666666666666,98.34,Placed,A,D
0.6000000000000001,0.8333333333333334,0.40000000000000013,0.8,0.65,0.033333333333333326,100.0,Placed,A,F
0.5000000000000001,0.18333333333333335,0.8,0.4,0.05,0.09999999999999998,75.27,Placed,B,F
0.0,0.9166666666666666,0.6000000000000001,0.30000000000000004,0.25,0.18333333333333324,55.82,Not Placed,D,F
0.4,0.43333333333333346,0.8,0.20000000000000004,0.75,0.0,88.5,Placed,A,F
1.0,0.6166666666666666,1.0,0.9,0.4,0.6999999999999998,100.0,Placed,A,B
1.0,0.2833333333333333,1.0,0.8,1.0,0.6,100.0,Placed,A,B
0.20000000000000004,0.7333333333333333,0.8,0.6000000000000001,0.7000000000000001,0.08333333333333326,81.85,Placed,A,F
0.0,0.6333333333333334,0.6000000000000001,0.6000000000000001,0.9,0.7499999999999999,91.67,Placed,A,A
0.30000000000000004,0.9,0.40000000000000013,0.7000000000000001,0.7000000000000001,0.9833333333333333,100.0,Placed,A,A
0.1,0.20000000000000007,0.6000000000000001,0.9,0.55,0.9999999999999999,78.38,Placed,B,A
0.1,0.8666666666666666,1.0,0.0,0.4,0.7999999999999999,91.01,Placed,A,A
0.20000000000000004,0.65,0.0,1.0,0.75,0.3666666666666666,74.84,Placed,B,D
0.7000000000000001,0.4833333333333333,0.8,0.30000000000000004,0.25,0.3999999999999999,100.0,Placed,A,D
0.7000000000000001,0.8666666666666666,0.8,0.4,0.9500000000000001,0.3999999999999999,100.0,Placed,A,D
0.6000000000000001,0.7999999999999999,1.0,0.4,0.7000000000000001,0.033333333333333326,100.0,Placed,A,F
0.5000000000000001,0.6666666666666666,0.6000000000000001,0.0,0.6000000000000001,0.04999999999999993,89.28,Placed,A,F
0.8,0.85,0.8,0.20000000000000004,1.0,0.4833333333333333,100.0,Placed,A,C
0.30000000000000004,0.20000000000000007,0.40000000000000013,0.1,0.45,0.5333333333333333,100.0,Placed,A,C
0.0,0.5499999999999999,0.8,0.6000000000000001,0.65,0.4666666666666667,83.85,Placed,A,C
0.7000000000000001,0.5833333333333334,0.6000000000000001,0.4,0.1,0.04999999999999993,84.24,Placed,A,F
0.6000000000000001,0.4833333333333333,1.0,0.20000000000000004,0.55,0.21666666666666667,100.0,Placed,A,F
0.6000000000000001,1.0,0.40000000000000013,1.0,0.0,0.33333333333333326,88.79,Placed,A,D
0.20000000000000004,0.4,0.40000000000000013,0.7000000000000001,1.0,0.09999999999999998,71.63,Placed,B,F
0.30000000000000004,0.01666666666666672,0.8,0.0,0.75,0.33333333333333326,92.58,Placed,A,D
0.9,0.5833333333333334,0.6000000000000001,0.0,0.45,0.9166666666666666,100.0,Placed,A,A
0.8,0.2833333333333333,0.8,0.5000000000000001,0.4,0.09999999999999998,68.64,Not Placed,C,F
0.5000000000000001,0.06666666666666665,0.0,0.0,0.8500000000000001,0.0,85.98,Placed,A,F
0.4,0.30000000000000004,1.0,0.30000000000000004,0.0,0.9833333333333333,78.3,Placed,B,A
0.20000000000000004,0.6833333333333335,0.0,0.5000000000000001,0.45,0.5499999999999999,78.93,Placed,B,C
0.8,0.2833333333333333,0.40000000000000013,0.0,0.30000000000000004,0.3666666666666666,100.0,Placed,A,D
0.4,0.9333333333333335,0.8,0.8,0.45,0.033333333333333326,72.96,Placed,B,F
0.4,0.5166666666666667,0.0,0.30000000000000004,0.55,0.2833333333333333,80.61,Placed,A,D
0.30000000000000004,0.33333333333333337,0.19999999999999996,0.8,0.5,0.6999999999999998,74.74,Placed,B,B
0.30000000000000004,0.15000000000000002,0.0,0.8,0.4,0.18333333333333324,69.71,Not Placed,C,F
0.0,0.6,0.8,0.5000000000000001,0.2,0.21666666666666667,55.3,Not Placed,D,F
0.6000000000000001,0.7999999999999999,0.8,0.6000000000000001,0.15000000000000002,0.6666666666666666,98.67,Placed,A,B
0.8,0.35,1.0,0.0,0.9500000000000001,0.44999999999999984,100.0,Placed,A,C
0.20000000000000004,0.20000000000000007,0.0,0.4,0.6000000000000001,0.6833333333333332,85.6,Placed,A,B
0.1,0.9,0.8,0.20000000000000004,0.35000000000000003,0.7333333333333333,81.01,Placed,A,B
0.20000000000000004,0.2666666666666667,0.8,0.9,0.75,0.3833333333333333,75.96,Placed,B,D
0.0,0.13333333333333341,1.0,0.9,0.0,0.3833333333333333,63.61,Not Placed,C,D
0.5000000000000001,0.3833333333333334,1.0,0.5000000000000001,0.8,0.033333333333333326,92.34,Placed,A,F
1.0,0.7166666666666667,1.0,0.30000000000000004,0.7000000000000001,0.9666666666666667,100.0,Placed,A,A
1.0,0.21666666666666667,1.0,0.8,0.7000000000000001,0.9499999999999998,100.0,Placed,A,A
0.6000000000000001,0.7500000000000001,0.19999999999999996,0.6000000000000001,0.8500000000000001,0.1333333333333333,97.12,Placed,A,F
1.0,0.1166666666666667,0.40000000000000013,0.30000000000000004,0.25,0.3833333333333333,100.0,Placed,A,D
1.0,0.9,0.8,1.0,0.05,0.9833333333333333,100.0,Placed,A,A
0.1,0.6,0.6000000000000001,0.5000000000000001,0.2,0.016666666666666607,44.41,Not Placed,F,F
0.7000000000000001,0.30000000000000004,1.0,0.1,0.9,0.9,100.0,Placed,A,A
0.5000000000000001,0.45000000000000007,0.40000000000000013,0.20000000000000004,0.30000000000000004,0.65,100.0,Placed,A,B
0.30000000000000004,0.7500000000000001,1.0,1.0,0.4,0.44999999999999984,67.32,Not Placed,C,C
0.4,0.6666666666666666,0.40000000000000013,0.6000000000000001,0.05,0.09999999999999998,64.36,Not Placed,C,F
0.7000000000000001,0.4833333333333333,0.6000000000000001,1.0,0.30000000000000004,0.1333333333333333,80.85,Placed,A,F
0.20000000000000004,0.09999999999999998,0.0,0.30000000000000004,0.65,0.7333333333333333,79.11,Placed,B,B
0.20000000000000004,0.9666666666666667,0.19999999999999996,0.9,0.7000000000000001,0.6333333333333332,87.59,Placed,A,B
1.0,0.9500000000000001,0.8,0.6000000000000001,0.55,0.9833333333333333,100.0,Placed,A,A
0.30000000000000004,0.41666666666666663,0.0,0.8,0.9500000000000001,0.6333333333333332,94.25,Placed,A,B
0.0,0.65,0.6000000000000001,0.4,0.15000000000000002,0.5333333333333333,59.54,Not Placed,D,C
0.8,0.7500000000000001,0.19999999999999996,0.0,0.6000000000000001,0.5499999999999999,100.0,Placed,A,C
0.7000000000000001,0.8833333333333334,0.19999999999999996,0.4,0.4,0.33333333333333326,79.03,Placed,B,D
0.7000000000000001,0.9833333333333333,0.19999999999999996,0.5000000000000001,0.55,0.9999999999999999,100.0,Placed,A,A
0.9,0.7500000000000001,0.6000000000000001,1.0,0.45,0.4666666666666667,100.0,Placed,A,C
0.5000000000000001,0.16666666666666674,1.0,0.1,0.4,0.43333333333333324,91.78,Placed,A,C
0.6000000000000001,0.21666666666666667,1.0,0.7000000000000001,1.0,0.2666666666666666,100.0,Placed,A,D
0.5000000000000001,0.33333333333333337,1.0,0.1,0.30000000000000004,0.9833333333333333,95.33,Placed,A,A
0.8,0.1166666666666667,0.0,0.8,0.55,0.6833333333333332,74.76,Placed,B,B
0.20000000000000004,0.033333333333333326,0.8,0.1,0.75,0.7666666666666667,86.53,Placed,A,A
0.20000000000000004,0.45000000000000007,0.19999999999999996,0.20000000000000004,0.7000000000000001,0.7833333333333333,73.16,Placed,B,A
0.20000000000000004,1.0,0.19999999999999996,0.7000000000000001,0.30000000000000004,0.3666666666666666,67.2,Not Placed,C,D
0.9,0.4666666666666667,0.0,1.0,0.35000000000000003,0.8666666666666666,100.0,Placed,A,A
0.20000000000000004,0.3666666666666666,1.0,0.5000000000000001,0.30000000000000004,0.7333333333333333,81.01,Placed,A,B
0.8,0.2833333333333333,0.19999999999999996,0.0,0.5,0.33333333333333326,100.0,Placed,A,D
0.30000000000000004,0.5666666666666668,0.19999999999999996,0.30000000000000004,0.15000000000000002,0.11666666666666659,70.4,Placed,B,F
0.6000000000000001,0.20000000000000007,0.6000000000000001,0.4,0.8500000000000001,0.1333333333333333,100.0,Placed,A,F
0.8,0.18333333333333335,0.40000000000000013,1.0,0.9,0.9499999999999998,100.0,Placed,A,A
1.0,0.7666666666666667,0.0,0.20000000000000004,0.30000000000000004,0.5333333333333333,96.08,Placed,A,C
0.6000000000000001,0.8166666666666668,0.0,0.0,0.6000000000000001,0.9499999999999998,100.0,Placed,A,A
0.8,0.06666666666666665,1.0,0.20000000000000004,0.4,0.04999999999999993,100.0,Placed,A,F
0.20000000000000004,0.6333333333333334,0.0,0.8,0.8500000000000001,0.9666666666666667,97.09,Placed,A,A
0.30000000000000004,0.16666666666666674,1.0,0.1,0.30000000000000004,0.2833333333333333,62.65,Not Placed,C,D
0.7000000000000001,0.9500000000000001,0.6000000000000001,0.0,0.9500000000000001,0.5166666666666667,100.0,Placed,A,C
0.5000000000000001,0.9666666666666667,0.6000000000000001,0.6000000000000001,0.75,0.4833333333333333,91.52,Placed,A,C
0.4,0.16666666666666674,0.8,0.6000000000000001,0.2,0.3999999999999999,76.81,Placed,B,D
0.30000000000000004,0.9666666666666667,1.0,0.4,0.30000000000000004,0.9333333333333332,100.0,Placed,A,A
0.7000000000000001,0.7666666666666667,0.6000000000000001,0.1,0.25,0.5333333333333333,100.0,Placed,A,C
0.0,0.6833333333333335,1.0,0.0,0.05,0.5666666666666665,71.56,Placed,B,C
0.8,0.7666666666666667,0.0,0.4,0.30000000000000004,0.6833333333333332,100.0,Placed,A,B
0.0,0.5000000000000001,0.8,0.9,1.0,0.9166666666666666,79.69,Placed,B,A
0.7000000000000001,0.5000000000000001,0.40000000000000013,0.30000000000000004,0.4,0.5499999999999999,100.0,Placed,A,C
0.30000000000000004,0.20000000000000007,0.19999999999999996,0.8,0.6000000000000001,0.8166666666666665,77.96,Placed,B,A
0.8,0.21666666666666667,0.19999999999999996,0.4,0.8,0.016666666666666607,98.04,Placed,A,F
1.0,0.7999999999999999,0.8,1.0,0.8,0.19999999999999996,100.0,Placed,A,F
0.4,0.7333333333333333,1.0,0.9,0.7000000000000001,0.8666666666666666,98.06,Placed,A,A
0.20000000000000004,0.6833333333333335,1.0,0.1,0.8500000000000001,0.6666666666666666,100.0,Placed,A,B
0.8,0.4,1.0,0.30000000000000004,0.7000000000000001,0.3666666666666666,100.0,Placed,A,D
1.0,0.5333333333333333,0.40000000000000013,0.8,0.5,0.9999999999999999,100.0,Placed,A,A
0.8,0.5333333333333333,0.19999999999999996,0.7000000000000001,0.55,0.3666666666666666,99.3,Placed,A,D
0.30000000000000004,0.2333333333333334,0.8,0.20000000000000004,0.8,0.4999999999999999,87.87,Placed,A,C
1.0,0.25,1.0,0.7000000000000001,0.55,0.016666666666666607,80.16,Placed,A,F
0.30000000000000004,0.7166666666666667,0.6000000000000001,0.1,0.30000000000000004,0.016666666666666607,76.65,Placed,B,F
0.7000000000000001,0.9500000000000001,0.0,0.20000000000000004,0.30000000000000004,0.06666666666666665,100.0,Placed,A,F
0.1,0.9166666666666666,0.40000000000000013,0.4,1.0,0.9833333333333333,96.73,Placed,A,A
0.8,0.6166666666666666,1.0,1.0,0.45,0.21666666666666667,100.0,Placed,A,F
0.5000000000000001,0.08333333333333337,0.19999999999999996,0.9,0.75,0.3666666666666666,57.09,Not Placed,D,D
0.8,0.7166666666666667,0.0,0.9,0.5,0.9,100.0,Placed,A,A
0.7000000000000001,0.4,0.8,0.7000000000000001,0.75,0.9333333333333332,100.0,Placed,A,A
0.6000000000000001,0.2333333333333334,1.0,0.0,0.05,0.5666666666666665,94.43,Placed,A,C
0.0,0.050000000000000044,0.19999999999999996,0.30000000000000004,0.05,0.7499999999999999,50.08,Not Placed,D,A
0.20000000000000004,0.9166666666666666,0.0,0.0,0.8500000000000001,0.0,80.92,Placed,A,F
1.0,0.050000000000000044,0.6000000000000001,0.0,0.2,0.6666666666666666,94.37,Placed,A,B
0.1,0.4833333333333333,0.40000000000000013,0.4,0.65,0.7833333333333333,65.51,Not Placed,C,A
0.4,0.5499999999999999,0.8,0.5000000000000001,0.35000000000000003,0.7999999999999999,91.46,Placed,A,A
0.4,0.43333333333333346,0.19999999999999996,0.0,0.25,0.65,78.59,Placed,B,B
0.4,0.5000000000000001,0.6000000000000001,1.0,0.4,0.23333333333333328,69.23,Not Placed,C,F
0.30000000000000004,0.9166666666666666,0.40000000000000013,0.5000000000000001,0.25,0.4833333333333333,78.98,Placed,B,C
0.4,0.5166666666666667,0.40000000000000013,0.4,1.0,0.33333333333333326,90.9,Placed,A,D
0.20000000000000004,0.7166666666666667,0.6000000000000001,0.30000000000000004,0.8,0.11666666666666659,88.09,Placed,A,F
0.0,0.6333333333333334,0.19999999999999996,0.9,0.35000000000000003,0.09999999999999998,50.12,Not Placed,D,F
0.4,0.85,0.40000000000000013,0.4,0.1,0.6666666666666666,94.56,Placed,A,B
0.8,0.13333333333333341,0.8,0.7000000000000001,0.55,0.5499999999999999,100.0,Placed,A,C
0.8,0.6666666666666666,0.0,0.8,0.6000000000000001,0.9333333333333332,100.0,Placed,A,A
0.30000000000000004,0.1166666666666667,0.8,1.0,0.8500000000000001,0.6833333333333332,99.87,Placed,A,B
0.20000000000000004,0.21666666666666667,1.0,0.1,0.5,0.6,88.15,Placed,A,B
0.0,0.5333333333333333,0.40000000000000013,0.5000000000000001,0.05,0.7833333333333333,69.35,Not Placed,C,A
0.1,0.3666666666666666,0.0,0.20000000000000004,0.65,0.8666666666666666,82.04,Placed,A,A
0.7000000000000001,0.33333333333333337,0.6000000000000001,0.1,0.0,0.5166666666666667,86.97,Placed,A,C
0.0,0.9,0.0,0.0,0.7000000000000001,0.5333333333333333,78.85,Placed,B,C
0.7000000000000001,0.18333333333333335,0.0,0.30000000000000004,0.8500000000000001,0.08333333333333326,100.0,Placed,A,F
0.6000000000000001,0.9333333333333335,0.0,0.7000000000000001,0.8500000000000001,0.6833333333333332,100.0,Placed,A,B
0.7000000000000001,0.01666666666666672,0.40000000000000013,0.20000000000000004,0.8,0.1499999999999999,96.85,Placed,A,F
0.5000000000000001,0.20000000000000007,1.0,0.4,0.0,0.41666666666666663,65.35,Not Placed,C,C
0.8,0.9666666666666667,1.0,0.9,0.65,0.9499999999999998,100.0,Placed,A,A
0.20000000000000004,0.050000000000000044,0.19999999999999996,0.4,0.9500000000000001,0.8333333333333334,100.0,Placed,A,A
0.9,0.31666666666666665,1.0,0.4,0.75,0.7333333333333333,100.0,Placed,A,B
0.30000000000000004,0.8166666666666668,0.40000000000000013,1.0,0.15000000000000002,0.41666666666666663,70.77,Placed,B,C
0.5000000000000001,0.8333333333333334,0.19999999999999996,0.8,0.25,0.29999999999999993,91.15,Placed,A,D
0.7000000000000001,0.7833333333333333,0.6000000000000001,0.7000000000000001,0.75,0.5666666666666665,100.0,Placed,A,C
0.4,0.9666666666666667,0.6000000000000001,0.7000000000000001,0.9500000000000001,0.7333333333333333,100.0,Placed,A,B
0.20000000000000004,0.21666666666666667,0.6000000000000001,0.0,0.25,0.04999999999999993,42.49,Not Placed,F,F
0.5000000000000001,0.4833333333333333,0.6000000000000001,0.0,0.7000000000000001,0.3999999999999999,93.49,Placed,A,D
0.30000000000000004,0.4666666666666667,0.6000000000000001,0.1,0.0,0.9999999999999999,89.13,Placed,A,A
0.8,0.1166666666666667,0.8,0.7000000000000001,0.30000000000000004,0.11666666666666659,70.13,Placed,B,F
0.20000000000000004,0.18333333333333335,0.40000000000000013,0.9,0.5,0.18333333333333324,64.94,Not Placed,C,F
0.30000000000000004,0.6666666666666666,0.19999999999999996,0.0,0.0,0.8833333333333332,84.39,Placed,A,A
0.6000000000000001,0.6166666666666666,0.6000000000000001,0.30000000000000004,0.35000000000000003,0.3833333333333333,77.94,Placed,B,D
0.6000000000000001,0.41666666666666663,0.8,0.8,0.65,0.3833333333333333,77.48,Placed,B,D
0.30000000000000004,0.8166666666666668,1.0,0.1,0.2,0.2666666666666666,88.03,Placed,A,D
0.5000000000000001,0.01666666666666672,0.8,0.20000000000000004,0.6000000000000001,0.3999999999999999,78.83,Placed,B,D
0.20000000000000004,0.9,0.8,1.0,0.7000000000000001,0.5333333333333333,86.23,Placed,A,C
0.5000000000000001,0.65,0.40000000000000013,0.5000000000000001,0.4,0.43333333333333324,95.21,Placed,A,C
0.1,0.9166666666666666,0.6000000000000001,1.0,0.35000000000000003,0.016666666666666607,61.38,Not Placed,C,F
0.7000000000000001,0.21666666666666667,0.8,0.9,0.9,0.1333333333333333,91.87,Placed,A,F
0.1,0.08333333333333337,0.8,0.20000000000000004,0.8,0.9,78.33,Placed,B,A
1.0,0.6833333333333335,0.6000000000000001,0.30000000000000004,0.9,0.9499999999999998,100.0,Placed,A,A
0.6000000000000001,0.65,0.40000000000000013,0.8,0.8500000000000001,0.5333333333333333,100.0,Placed,A,C
0.8,0.5000000000000001,0.8,0.8,0.8500000000000001,0.29999999999999993,100.0,Placed,A,D
0.0,0.2666666666666667,0.19999999999999996,0.9,0.15000000000000002,0.7999999999999999,47.47,Not Placed,F,A
0.7000000000000001,0.4,0.0,0.4,0.05,0.06666666666666665,64.68,Not Placed,C,F
0.6000000000000001,1.0,1.0,0.6000000000000001,0.2,0.7666666666666667,96.21,Placed,A,A
0.5000000000000001,0.5166666666666667,0.0,0.8,0.8,0.31666666666666665,85.13,Placed,A,D
0.5000000000000001,0.18333333333333335,0.0,0.7000000000000001,0.30000000000000004,0.3833333333333333,81.06,Placed,A,D
0.5000000000000001,0.7999999999999999,0.40000000000000013,1.0,0.75,0.9333333333333332,100.0,Placed,A,A
0.8,0.20000000000000007,0.8,0.6000000000000001,0.0,0.4999999999999999,95.28,Placed,A,C
0.1,0.30000000000000004,0.0,0.7000000000000001,0.55,0.7166666666666667,58.52,Not Placed,D,B
0.0,0.7166666666666667,0.0,0.4,0.9,0.04999999999999993,62.74,Not Placed,C,F
0.5000000000000001,0.7833333333333333,1.0,0.4,0.4,0.5166666666666667,100.0,Placed,A,C
0.9,0.4,0.6000000000000001,0.4,0.75,0.7666666666666667,100.0,Placed,A,A
1.0,0.5000000000000001,0.8,0.0,0.30000000000000004,0.5666666666666665,100.0,Placed,A,C
0.7000000000000001,0.9666666666666667,0.8,0.5000000000000001,0.7000000000000001,0.21666666666666667,100.0,Placed,A,F
0.20000000000000004,0.6,1.0,0.4,0.55,0.5833333333333334,96.35,Placed,A,B
0.9,0.4,0.6000000000000001,0.7000000000000001,0.15000000000000002,0.8333333333333334,86.77,Placed,A,A
0.0,0.25,0.8,0.7000000000000001,0.25,0.08333333333333326,27.82,Not Placed,F,F
0.8,0.9333333333333335,0.19999999999999996,0.1,0.25,0.2666666666666666,100.0,Placed,A,D
0.0,0.6166666666666666,1.0,1.0,0.7000000000000001,0.2833333333333333,52.11,Not Placed,D,D
0.20000000000000004,0.7000000000000001,0.40000000000000013,0.5000000000000001,0.1,0.11666666666666659,72.16,Placed,B,F
0.7000000000000001,0.7999999999999999,0.6000000000000001,1.0,0.05,0.8333333333333334,99.81,Placed,A,A
0.20000000000000004,0.9500000000000001,1.0,0.9,0.2,0.85,83.82,Placed,A,A
0.30000000000000004,0.3666666666666666,0.0,0.9,0.35000000000000003,0.18333333333333324,47.18,Not Placed,F,F
0.7000000000000001,0.21666666666666667,0.8,0.5000000000000001,0.9,0.2666666666666666,94.73,Placed,A,D
0.0,0.08333333333333337,0.19999999999999996,0.20000000000000004,1.0,0.4999999999999999,49.63,Not Placed,F,C
0.5000000000000001,0.4,0.19999999999999996,0.0,0.75,0.8333333333333334,100.0,Placed,A,A
0.0,0.3666666666666666,0.40000000000000013,0.6000000000000001,0.9,0.0,69.14,Not Placed,C,F
0.0,0.9833333333333333,1.0,0.9,0.75,0.16666666666666663,78.4,Placed,B,F
0.7000000000000001,0.7000000000000001,0.19999999999999996,0.4,0.25,0.6833333333333332,100.0,Placed,A,B
1.0,0.18333333333333335,1.0,0.9,0.0,0.25,75.82,Placed,B,D
0.30000000000000004,0.20000000000000007,0.8,0.4,0.8500000000000001,0.6,93.48,Placed,A,B
0.0,0.5833333333333334,0.8,1.0,0.35000000000000003,0.7999999999999999,66.05,Not Placed,C,A
0.9,0.6333333333333334,0.19999999999999996,0.7000000000000001,0.2,0.44999999999999984,100.0,Placed,A,C
0.6000000000000001,0.5499999999999999,0.8,0.4,0.55,0.1333333333333333,90.71,Placed,A,F
0.4,0.08333333333333337,1.0,0.4,0.8500000000000001,0.9,100.0,Placed,A,A
0.4,0.6166666666666666,0.8,0.0,0.2,0.9666666666666667,100.0,Placed,A,A
0.0,0.8166666666666668,0.0,0.1,0.6000000000000001,0.11666666666666659,81.94,Placed,A,F
0.9,0.85,1.0,0.4,1.0,0.3999999999999999,100.0,Placed,A,D
1.0,0.65,0.6000000000000001,0.6000000000000001,0.55,0.1499999999999999,100.0,Placed,A,F
0.5000000000000001,0.1166666666666667,0.8,0.20000000000000004,0.75,0.65,100.0,Placed,A,B
0.8,1.0,0.8,0.0,0.65,0.033333333333333326,100.0,Placed,A,F
0.8,0.1166666666666667,1.0,1.0,0.5,0.9,100.0,Placed,A,A
0.7000000000000001,0.65,0.40000000000000013,0.1,0.4,0.3666666666666666,91.04,Placed,A,D
0.4,0.5333333333333333,0.6000000000000001,0.20000000000000004,0.45,0.3666666666666666,100.0,Placed,A,D
0.0,0.5499999999999999,0.6000000000000001,0.8,0.75,0.7166666666666667,87.26,Placed,A,B
0.8,0.7166666666666667,0.6000000000000001,0.7000000000000001,0.9,0.9166666666666666,100.0,Placed,A,A
0.0,0.2333333333333334,0.19999999999999996,0.30000000000000004,0.45,0.04999999999999993,67.83,Not Placed,C,F
0.7000000000000001,0.5833333333333334,0.0,0.7000000000000001,1.0,0.9666666666666667,100.0,Placed,A,A
0.4,0.9833333333333333,0.0,0.8,0.15000000000000002,0.8833333333333332,84.51,Placed,A,A
0.20000000000000004,0.9333333333333335,0.40000000000000013,0.20000000000000004,1.0,0.8166666666666665,100.0,Placed,A,A
1.0,0.5666666666666668,0.6000000000000001,0.5000000000000001,0.35000000000000003,0.3666666666666666,100.0,Placed,A,D
0.6000000000000001,0.7500000000000001,0.6000000000000001,0.7000000000000001,0.5,0.1333333333333333,88.49,Placed,A,F
0.6000000000000001,0.35,0.8,0.9,0.25,0.8666666666666666,73.48,Placed,B,A
0.8,0.3666666666666666,1.0,0.6000000000000001,0.15000000000000002,0.04999999999999993,77.69,Placed,B,F
0.6000000000000001,0.65,0.19999999999999996,0.8,1.0,0.5499999999999999,97.17,Placed,A,C
1.0,0.7333333333333333,0.19999999999999996,0.6000000000000001,0.2,0.6333333333333332,85.71,Placed,A,B
0.20000000000000004,0.9,0.40000000000000013,0.0,0.8500000000000001,0.2833333333333333,98.87,Placed,A,D
1.0,0.8333333333333334,0.0,0.8,0.1,0.5499999999999999,100.0,Placed,A,C
0.0,0.35,0.6000000000000001,0.4,0.30000000000000004,0.9333333333333332,67.09,Not Placed,C,A
0.7000000000000001,0.06666666666666665,1.0,0.5000000000000001,0.55,0.5499999999999999,96.9,Placed,A,C
0.20000000000000004,0.5000000000000001,0.40000000000000013,0.1,0.1,0.6833333333333332,81.66,Placed,A,B
0.7000000000000001,0.20000000000000007,0.19999999999999996,0.1,0.8,0.033333333333333326,90.98,Placed,A,F
0.7000000000000001,0.45000000000000007,0.19999999999999996,0.30000000000000004,0.1,0.29999999999999993,80.14,Placed,A,D
0.4,0.9500000000000001,0.19999999999999996,0.30000000000000004,0.5,0.5499999999999999,94.05,Placed,A,C
0.0,0.31666666666666665,0.6000000000000001,0.4,0.25,0.41666666666666663,67.22,Not Placed,C,C
0.9,0.5333333333333333,0.6000000000000001,0.6000000000000001,0.5,0.5666666666666665,100.0,Placed,A,C
0.6000000000000001,0.25,0.6000000000000001,1.0,0.15000000000000002,0.6666666666666666,76.55,Placed,B,B
0.9,0.4666666666666667,0.8,0.0,0.8,0.6999999999999998,100.0,Placed,A,B
0.4,0.3666666666666666,0.0,0.9,0.0,0.4999999999999999,52.22,Not Placed,D,C
0.7000000000000001,0.3833333333333334,0.19999999999999996,0.30000000000000004,0.55,0.6999999999999998,100.0,Placed,A,B
0.8,0.5499999999999999,0.19999999999999996,0.8,0.1,0.43333333333333324,90.16,Placed,A,C
1.0,0.09999999999999998,0.8,0.7000000000000001,0.75,0.033333333333333326,100.0,Placed,A,F
0.6000000000000001,0.6166666666666666,0.19999999999999996,0.20000000000000004,0.1,0.6,98.28,Placed,A,B
0.6000000000000001,0.6,0.19999999999999996,0.5000000000000001,0.65,0.18333333333333324,91.61,Placed,A,F
0.0,1.0,0.6000000000000001,1.0,0.8,0.7666666666666667,94.45,Placed,A,A
0.30000000000000004,0.050000000000000044,0.6000000000000001,0.8,0.9,0.3666666666666666,76.2,Placed,B,D
0.1,0.5499999999999999,0.0,0.7000000000000001,0.30000000000000004,0.2666666666666666,69.69,Not Placed,C,D
0.1,0.6833333333333335,0.19999999999999996,0.6000000000000001,0.5,0.25,70.52,Placed,B,D
0.1,0.35,0.40000000000000013,0.6000000000000001,0.75,0.2666666666666666,76.67,Placed,B,D
0.30000000000000004,0.06666666666666665,0.19999999999999996,0.0,0.9,0.23333333333333328,85.27,Placed,A,F
0.0,0.8166666666666668,0.19999999999999996,0.4,0.2,0.41666666666666663,65.54,Not Placed,C,C
0.30000000000000004,0.6833333333333335,0.0,0.6000000000000001,0.0,0.7333333333333333,74.11,Placed,B,B
0.1,0.3666666666666666,0.40000000000000013,0.1,0.45,0.016666666666666607,43.56,Not Placed,F,F
0.4,0.8833333333333334,0.19999999999999996,0.5000000000000001,0.8500000000000001,0.2666666666666666,100.0,Placed,A,D
0.20000000000000004,0.9833333333333333,1.0,0.1,0.45,0.0,77.68,Placed,B,F
0.7000000000000001,0.2333333333333334,1.0,0.20000000000000004,0.0,0.4833333333333333,85.89,Placed,A,C
0.30000000000000004,0.5000000000000001,0.40000000000000013,0.0,0.6000000000000001,0.5166666666666667,85.64,Placed,A,C
0.0,0.9666666666666667,1.0,0.20000000000000004,0.15000000000000002,0.4833333333333333,86.21,Placed,A,C
0.0,0.13333333333333341,0.6000000000000001,0.6000000000000001,0.55,0.6833333333333332,62.98,Not Placed,C,B
0.9,0.7000000000000001,0.6000000000000001,0.4,0.75,0.04999999999999993,100.0,Placed,A,F
0.20000000000000004,0.9500000000000001,0.40000000000000013,0.30000000000000004,0.9,0.6833333333333332,99.21,Placed,A,B
0.8,0.8666666666666666,0.19999999999999996,0.7000000000000001,0.55,0.7166666666666667,100.0,Placed,A,B
0.6000000000000001,0.4,0.40000000000000013,0.7000000000000001,0.25,0.5166666666666667,76.2,Placed,B,C
0.1,0.4,1.0,0.0,0.75,0.9833333333333333,91.67,Placed,A,A
0.8,1.0,0.40000000000000013,0.8,0.55,0.5666666666666665,100.0,Placed,A,C
0.9,0.7999999999999999,1.0,0.8,0.45,0.0,100.0,Placed,A,F
0.1,0.33333333333333337,0.6000000000000001,0.1,0.2,0.29999999999999993,55.69,Not Placed,D,D
0.20000000000000004,0.13333333333333341,0.40000000000000013,0.1,0.9,0.5333333333333333,91.06,Placed,A,C
1.0,0.9,0.8,0.7000000000000001,0.55,0.29999999999999993,100.0,Placed,A,D
0.9,0.7833333333333333,1.0,1.0,0.35000000000000003,0.5833333333333334,100.0,Placed,A,B
0.1,0.6166666666666666,0.8,0.5000000000000001,0.15000000000000002,0.43333333333333324,56.89,Not Placed,D,C
0.20000000000000004,0.35,0.6000000000000001,0.20000000000000004,0.30000000000000004,0.19999999999999996,50.91,Not Placed,D,F
0.5000000000000001,0.7000000000000001,0.19999999999999996,0.1,0.2,0.43333333333333324,94.69,Placed,A,C
0.8,0.3666666666666666,1.0,0.4,0.5,0.7499999999999999,100.0,Placed,A,A
0.8,0.7999999999999999,0.19999999999999996,0.7000000000000001,0.8,0.21666666666666667,100.0,Placed,A,F
0.6000000000000001,0.050000000000000044,0.6000000000000001,0.5000000000000001,1.0,0.3833333333333333,100.0,Placed,A,D
0.20000000000000004,0.4666666666666667,0.19999999999999996,0.20000000000000004,0.1,0.5666666666666665,72.5,Placed,B,C
0.30000000000000004,0.2333333333333334,1.0,0.8,0.05,0.29999999999999993,59.92,Not Placed,D,D
0.5000000000000001,0.0,0.0,0.7000000000000001,0.9,0.9999999999999999,97.04,Placed,A,A
1.0,0.8833333333333334,1.0,0.9,0.05,0.3999999999999999,95.72,Placed,A,D
0.4,0.4833333333333333,1.0,0.5000000000000001,0.65,0.16666666666666663,80.54,Placed,A,F
0.1,0.4666666666666667,0.8,0.0,0.0,0.1333333333333333,41.68,Not Placed,F,F
0.5000000000000001,0.31666666666666665,0.0,0.1,0.75,0.08333333333333326,92.8,Placed,A,F
0.20000000000000004,0.5333333333333333,0.0,0.30000000000000004,0.7000000000000001,0.9499999999999998,100.0,Placed,A,A
0.7000000000000001,0.6666666666666666,0.0,0.1,0.8500000000000001,0.5833333333333334,100.0,Placed,A,B
0.1,0.7166666666666667,1.0,0.20000000000000004,0.05,0.9499999999999998,98.16,Placed,A,A
0.0,0.5833333333333334,0.6000000000000001,0.7000000000000001,0.5,0.6,96.64,Placed,A,B
0.8,0.9833333333333333,0.0,0.8,1.0,0.4666666666666667,100.0,Placed,A,C
0.20000000000000004,0.35,0.40000000000000013,0.5000000000000001,0.8,0.1333333333333333,81.97,Placed,A,F
1.0,0.20000000000000007,0.19999999999999996,0.30000000000000004,0.6000000000000001,0.5333333333333333,100.0,Placed,A,C
0.0,0.09999999999999998,0.6000000000000001,1.0,0.55,0.3666666666666666,74.0,Placed,B,D
0.6000000000000001,0.1166666666666667,0.40000000000000013,0.1,0.05,0.23333333333333328,67.6,Not Placed,C,F
0.9,0.45000000000000007,1.0,0.6000000000000001,1.0,0.16666666666666663,100.0,Placed,A,F
0.4,0.7333333333333333,1.0,0.9,0.8500000000000001,0.3666666666666666,100.0,Placed,A,D
0.4,0.7000000000000001,0.40000000000000013,1.0,0.45,0.41666666666666663,92.43,Placed,A,C
0.0,0.13333333333333341,0.8,0.6000000000000001,0.55,0.0,49.26,Not Placed,F,F
0.8,0.4,0.8,0.9,0.8,0.4833333333333333,100.0,Placed,A,C
0.6000000000000001,0.9166666666666666,0.40000000000000013,0.8,0.65,0.2666666666666666,100.0,Placed,A,D
0.7000000000000001,0.25,0.8,0.4,0.9,0.7666666666666667,100.0,Placed,A,A
0.8,0.15000000000000002,0.19999999999999996,0.9,0.6000000000000001,0.7499999999999999,100.0,Placed,A,A
0.5000000000000001,0.16666666666666674,0.19999999999999996,0.30000000000000004,0.1,0.6666666666666666,58.21,Not Placed,D,B
0.4,0.5000000000000001,1.0,0.9,0.35000000000000003,0.3666666666666666,92.16,Placed,A,D
0.5000000000000001,0.18333333333333335,0.8,0.5000000000000001,0.2,0.5833333333333334,95.06,Placed,A,B
1.0,0.9833333333333333,0.0,0.1,0.55,0.6666666666666666,100.0,Placed,A,B
0.1,0.5000000000000001,0.40000000000000013,0.1,0.0,0.9833333333333333,84.71,Placed,A,A
0.30000000000000004,0.21666666666666667,0.19999999999999996,0.8,1.0,0.06666666666666665,81.62,Placed,A,F
0.20000000000000004,0.8333333333333334,0.8,0.6000000000000001,0.75,0.5666666666666665,87.79,Placed,A,C
0.6000000000000001,0.7166666666666667,0.8,0.6000000000000001,0.55,0.8166666666666665,100.0,Placed,A,A
0.8,0.5166666666666667,0.19999999999999996,0.4,0.8,0.1333333333333333,100.0,Placed,A,F
0.4,0.8166666666666668,0.19999999999999996,0.6000000000000001,0.4,0.04999999999999993,61.92,Not Placed,C,F
0.5000000000000001,0.8666666666666666,0.0,0.8,0.6000000000000001,0.09999999999999998,92.18,Placed,A,F
0.9,0.2666666666666667,0.8,0.9,0.15000000000000002,0.0,100.0,Placed,A,F
0.1,0.5666666666666668,0.8,0.4,0.15000000000000002,0.25,41.67,Not Placed,F,D
0.20000000000000004,0.0,0.6000000000000001,0.8,0.7000000000000001,0.9333333333333332,87.66,Placed,A,A
0.20000000000000004,0.4666666666666667,1.0,0.0,0.45,0.9833333333333333,100.0,Placed,A,A
0.8,0.8333333333333334,0.0,0.20000000000000004,0.25,0.3999999999999999,86.96,Placed,A,D
0.6000000000000001,1.0,0.19999999999999996,0.6000000000000001,0.1,0.9499999999999998,100.0,Placed,A,A
0.7000000000000001,0.050000000000000044,0.19999999999999996,0.30000000000000004,0.7000000000000001,0.08333333333333326,76.18,Placed,B,F
1.0,0.3666666666666666,0.40000000000000013,0.1,0.25,0.6166666666666666,100.0,Placed,A,B
0.9,0.45000000000000007,1.0,0.20000000000000004,0.5,0.21666666666666667,100.0,Placed,A,F
1.0,0.25,0.19999999999999996,0.6000000000000001,0.05,0.8833333333333332,88.54,Placed,A,A
0.8,0.18333333333333335,0.8,0.7000000000000001,0.05,0.6,91.31,Placed,A,B
0.5000000000000001,0.8666666666666666,0.19999999999999996,1.0,0.0,0.16666666666666663,59.28,Not Placed,D,F
0.30000000000000004,0.33333333333333337,0.8,0.8,0.5,0.0,81.0,Placed,A,F
0.0,0.7333333333333333,0.8,0.5000000000000001,0.2,0.85,78.62,Placed,B,A
0.7000000000000001,0.2666666666666667,0.0,0.9,0.25,0.6833333333333332,91.3,Placed,A,B
0.6000000000000001,0.65,0.19999999999999996,0.8,0.1,0.0,75.88,Placed,B,F
0.1,0.20000000000000007,0.0,0.30000000000000004,0.9500000000000001,0.8666666666666666,100.0,Placed,A,A
0.7000000000000001,0.85,1.0,0.4,0.2,0.9999999999999999,100.0,Placed,A,A
0.4,0.9500000000000001,0.8,0.0,0.9500000000000001,0.5833333333333334,100.0,Placed,A,B
0.6000000000000001,0.5166666666666667,1.0,0.8,0.4,0.11666666666666659,76.42,Placed,B,F
0.30000000000000004,0.6,0.19999999999999996,0.8,0.9,0.5166666666666667,92.8,Placed,A,C
0.4,0.8166666666666668,1.0,0.8,0.2,0.5333333333333333,78.71,Placed,B,C
0.7000000000000001,0.2333333333333334,1.0,0.20000000000000004,0.55,0.11666666666666659,100.0,Placed,A,F
0.0,0.18333333333333335,0.19999999999999996,0.9,0.55,0.21666666666666667,43.84,Not Placed,F,F
0.0,1.0,0.0,0.9,0.75,0.3833333333333333,71.34,Placed,B,D
0.30000000000000004,0.7999999999999999,0.0,0.9,0.30000000000000004,0.7999999999999999,86.05,Placed,A,A
0.20000000000000004,0.9333333333333335,0.8,0.7000000000000001,0.65,0.6666666666666666,100.0,Placed,A,B
0.9,0.2333333333333334,0.8,0.20000000000000004,0.4,0.4666666666666667,94.35,Placed,A,C
0.1,0.5499999999999999,0.19999999999999996,0.5000000000000001,0.7000000000000001,0.3999999999999999,71.3,Placed,B,D
0.20000000000000004,0.08333333333333337,0.19999999999999996,0.4,0.5,0.08333333333333326,57.42,Not Placed,D,F
1.0,0.2666666666666667,0.6000000000000001,0.7000000000000001,0.15000000000000002,0.0,82.02,Placed,A,F
1.0,0.7833333333333333,0.6000000000000001,0.20000000000000004,0.5,0.9,100.0,Placed,A,A
1.0,0.7999999999999999,0.40000000000000013,0.0,0.4,0.3666666666666666,100.0,Placed,A,D
0.0,0.9333333333333335,0.8,0.8,0.25,0.6666666666666666,74.09,Placed,B,B
0.0,0.31666666666666665,1.0,0.9,0.8,0.5333333333333333,79.44,Placed,B,C
0.5000000000000001,0.13333333333333341,0.40000000000000013,0.8,0.4,0.21666666666666667,62.95,Not Placed,C,F
0.4,0.9666666666666667,0.40000000000000013,0.20000000000000004,0.25,0.9166666666666666,100.0,Placed,A,A
0.7000000000000001,0.06666666666666665,0.0,0.1,0.25,0.44999999999999984,87.22,Placed,A,C
0.1,0.3666666666666666,1.0,0.30000000000000004,0.15000000000000002,0.4666666666666667,66.65,Not Placed,C,C
0.30000000000000004,0.5333333333333333,0.0,0.7000000000000001,0.9500000000000001,0.6999999999999998,100.0,Placed,A,B
0.7000000000000001,0.6166666666666666,0.6000000000000001,0.5000000000000001,0.5,0.65,100.0,Placed,A,B
0.5000000000000001,0.9166666666666666,0.40000000000000013,0.9,0.1,0.3666666666666666,80.5,Placed,A,D
0.0,0.21666666666666667,0.6000000000000001,0.0,0.8500000000000001,0.7166666666666667,89.45,Placed,A,B
0.30000000000000004,0.2666666666666667,1.0,0.7000000000000001,0.75,0.6166666666666666,100.0,Placed,A,B
0.0,0.9333333333333335,1.0,0.4,1.0,0.7999999999999999,100.0,Placed,A,A
0.1,0.30000000000000004,0.8,0.5000000000000001,0.75,0.6999999999999998,97.49,Placed,A,B
0.4,0.5333333333333333,0.19999999999999996,0.4,0.55,0.1499999999999999,80.02,Placed,A,F
0.7000000000000001,0.0,0.0,0.9,0.65,0.43333333333333324,97.29,Placed,A,C
0.7000000000000001,0.20000000000000007,0.8,0.4,0.4,0.11666666666666659,83.79,Placed,A,F
1.0,0.7500000000000001,0.8,0.20000000000000004,0.30000000000000004,0.7166666666666667,100.0,Placed,A,B
0.20000000000000004,0.43333333333333346,0.0,0.30000000000000004,0.65,0.8666666666666666,97.4,Placed,A,A
1.0,0.08333333333333337,0.0,0.4,0.9500000000000001,0.04999999999999993,100.0,Placed,A,F
0.30000000000000004,0.9666666666666667,1.0,1.0,0.9500000000000001,0.33333333333333326,100.0,Placed,A,D
0.9,0.08333333333333337,1.0,1.0,0.45,0.33333333333333326,100.0,Placed,A,D
1.0,0.5333333333333333,0.40000000000000013,0.1,0.5,0.4833333333333333,100.0,Placed,A,C
0.5000000000000001,0.4833333333333333,0.6000000000000001,0.5000000000000001,0.30000000000000004,0.19999999999999996,78.38,Placed,B,F
1.0,0.7500000000000001,1.0,0.1,0.9,0.9499999999999998,100.0,Placed,A,A
1.0,0.5666666666666668,0.8,0.30000000000000004,0.9,0.033333333333333326,100.0,Placed,A,F
0.9,0.3666666666666666,0.40000000000000013,0.0,1.0,0.31666666666666665,100.0,Placed,A,D
0.20000000000000004,0.15000000000000002,0.40000000000000013,0.30000000000000004,0.5,0.5833333333333334,94.13,Placed,A,B
0.1,0.8333333333333334,0.8,0.6000000000000001,0.25,0.65,92.88,Placed,A,B
0.5000000000000001,0.30000000000000004,1.0,0.7000000000000001,0.35000000000000003,0.06666666666666665,89.85,Placed,A,F
1.0,0.8333333333333334,0.8,0.1,0.0,0.35,100.0,Placed,A,D
0.4,0.45000000000000007,0.19999999999999996,0.20000000000000004,0.35000000000000003,0.9499999999999998,90.93,Placed,A,A
0.9,0.3666666666666666,1.0,0.0,0.2,0.016666666666666607,99.15,Placed,A,F
0.4,0.050000000000000044,0.6000000000000001,0.6000000000000001,0.45,0.3999999999999999,61.44,Not Placed,C,D
0.9,0.31666666666666665,0.8,0.30000000000000004,0.05,0.65,100.0,Placed,A,B
0.4,0.30000000000000004,1.0,1.0,0.15000000000000002,0.3833333333333333,52.06,Not Placed,D,D
0.9,0.6833333333333335,0.0,0.9,0.05,0.9499999999999998,97.32,Placed,A,A
0.4,0.43333333333333346,0.19999999999999996,0.7000000000000001,0.7000000000000001,0.06666666666666665,76.79,Placed,B,F
0.20000000000000004,0.9333333333333335,0.6000000000000001,0.4,0.9500000000000001,0.25,100.0,Placed,A,D
0.6000000000000001,0.5499999999999999,1.0,0.8,0.45,0.8666666666666666,100.0,Placed,A,A
0.5000000000000001,0.050000000000000044,0.0,0.5000000000000001,1.0,0.23333333333333328,92.36,Placed,A,F
0.30000000000000004,0.9166666666666666,1.0,1.0,0.05,0.8333333333333334,61.3,Not Placed,C,A
0.1,0.6166666666666666,0.0,0.9,0.25,0.19999999999999996,51.72,Not Placed,D,F
0.8,0.09999999999999998,0.6000000000000001,0.1,0.65,0.16666666666666663,92.56,Placed,A,F
0.0,0.7833333333333333,0.19999999999999996,0.0,0.2,0.25,66.39,Not Placed,C,D
1.0,1.0,0.0,0.0,0.05,0.2833333333333333,100.0,Placed,A,D
0.30000000000000004,0.09999999999999998,0.40000000000000013,0.8,0.65,0.3999999999999999,76.31,Placed,B,D
0.0,0.8166666666666668,0.6000000000000001,0.0,0.6000000000000001,0.7666666666666667,81.97,Placed,A,A
0.5000000000000001,0.85,0.6000000000000001,0.20000000000000004,0.05,0.6166666666666666,93.02,Placed,A,B
0.30000000000000004,0.41666666666666663,0.8,0.1,0.4,0.65,100.0,Placed,A,B
0.4,0.41666666666666663,0.19999999999999996,0.30000000000000004,0.1,0.04999999999999993,84.19,Placed,A,F
0.4,0.8833333333333334,0.40000000000000013,0.0,0.7000000000000001,0.8666666666666666,100.0,Placed,A,A
0.8,0.30000000000000004,0.40000000000000013,0.0,0.1,0.9499999999999998,85.7,Placed,A,A
0.0,0.13333333333333341,0.8,0.30000000000000004,0.55,0.7833333333333333,76.0,Placed,B,A
0.1,1.0,0.0,0.30000000000000004,0.25,0.33333333333333326,65.71,Not Placed,C,D
0.5000000000000001,0.31666666666666665,0.0,0.6000000000000001,0.9,0.16666666666666663,87.83,Placed,A,F
0.4,0.6833333333333335,0.40000000000000013,0.7000000000000001,0.8,0.9499999999999998,100.0,Placed,A,A
1.0,0.7333333333333333,0.19999999999999996,0.7000000000000001,0.25,0.85,100.0,Placed,A,A
0.6000000000000001,0.8166666666666668,0.0,0.7000000000000001,0.9,0.9666666666666667,100.0,Placed,A,A
0.20000000000000004,0.25,0.6000000000000001,0.8,0.8,0.5499999999999999,94.51,Placed,A,C
0.20000000000000004,0.8833333333333334,1.0,0.0,0.75,0.4833333333333333,100.0,Placed,A,C
0.9,0.2666666666666667,0.8,0.8,1.0,0.8833333333333332,100.0,Placed,A,A
0.1,0.35,0.19999999999999996,0.9,0.35000000000000003,0.04999999999999993,60.1,Not Placed,C,F
0.20000000000000004,0.20000000000000007,0.0,0.7000000000000001,0.9,0.21666666666666667,68.81,Not Placed,C,F
0.9,0.18333333333333335,1.0,0.0,0.35000000000000003,0.16666666666666663,88.79,Placed,A,F
0.0,0.15000000000000002,0.40000000000000013,0.6000000000000001,0.9500000000000001,0.04999999999999993,68.17,Not Placed,C,F
0.4,0.0,0.8,0.8,0.7000000000000001,0.41666666666666663,78.76,Placed,B,C
0.4,0.5166666666666667,0.0,0.30000000000000004,0.35000000000000003,0.033333333333333326,70.53,Placed,B,F
1.0,0.4833333333333333,0.40000000000000013,0.8,0.1,0.9166666666666666,100.0,Placed,A,A
0.6000000000000001,0.1166666666666667,0.0,0.0,0.75,0.8833333333333332,100.0,Placed,A,A
0.30000000000000004,0.33333333333333337,0.8,0.8,0.1,0.9333333333333332,97.0,Placed,A,A
0.20000000000000004,0.35,0.6000000000000001,0.5000000000000001,0.0,0.6,68.45,Not Placed,C,B
0.0,0.2833333333333333,0.6000000000000001,0.30000000000000004,0.35000000000000003,0.6166666666666666,66.74,Not Placed,C,B
0.7000000000000001,0.01666666666666672,1.0,0.4,0.4,0.6666666666666666,85.7,Placed,A,B
0.20000000000000004,0.7833333333333333,0.40000000000000013,0.6000000000000001,0.55,0.04999999999999993,75.64,Placed,B,F
0.1,0.7166666666666667,0.6000000000000001,0.9,0.8500000000000001,0.41666666666666663,75.24,Placed,B,C
1.0,0.13333333333333341,0.8,0.30000000000000004,0.8,0.6333333333333332,100.0,Placed,A,B
0.30000000000000004,0.033333333333333326,0.40000000000000013,0.7000000000000001,0.35000000000000003,0.7333333333333333,71.97,Placed,B,B
0.20000000000000004,0.8833333333333334,0.0,0.20000000000000004,0.9500000000000001,0.6833333333333332,100.0,Placed,A,B
0.0,0.41666666666666663,0.19999999999999996,0.1,0.5,0.7166666666666667,78.15,Placed,B,B
0.20000000000000004,0.33333333333333337,0.0,0.0,0.30000000000000004,0.6833333333333332,78.53,Placed,B,B
0.1,0.4833333333333333,0.8,0.5000000000000001,0.65,0.16666666666666663,74.66,Placed,B,F
0.7000000000000001,0.45000000000000007,1.0,0.1,0.45,0.16666666666666663,100.0,Placed,A,F
0.5000000000000001,0.5833333333333334,0.40000000000000013,0.7000000000000001,0.7000000000000001,0.8833333333333332,97.38,Placed,A,A
0.8,0.41666666666666663,0.0,1.0,0.55,0.6166666666666666,100.0,Placed,A,B
0.7000000000000001,0.5499999999999999,0.40000000000000013,0.9,0.9500000000000001,0.6166666666666666,100.0,Placed,A,B
0.9,0.1166666666666667,0.6000000000000001,0.30000000000000004,0.8,0.31666666666666665,97.83,Placed,A,D
0.20000000000000004,0.15000000000000002,0.19999999999999996,0.8,0.35000000000000003,0.41666666666666663,60.96,Not Placed,C,C
0.4,0.7833333333333333,0.8,0.30000000000000004,0.65,0.6166666666666666,100.0,Placed,A,B
0.6000000000000001,0.9,0.0,0.30000000000000004,0.7000000000000001,0.18333333333333324,100.0,Placed,A,F
0.4,0.7000000000000001,0.19999999999999996,0.7000000000000001,0.5,0.9,96.92,Placed,A,A
0.7000000000000001,0.8166666666666668,0.8,0.7000000000000001,0.55,0.4666666666666667,100.0,Placed,A,C
0.4,0.8833333333333334,0.8,0.4,0.9500000000000001,0.21666666666666667,84.63,Placed,A,F
0.0,0.21666666666666667,1.0,0.20000000000000004,0.75,0.8166666666666665,89.41,Placed,A,A
0.4,0.65,0.6000000000000001,0.1,0.9500000000000001,0.9666666666666667,100.0,Placed,A,A
0.30000000000000004,0.9,1.0,0.8,0.8500000000000001,0.3999999999999999,93.31,Placed,A,D
0.5000000000000001,0.2333333333333334,1.0,0.8,0.45,0.9,100.0,Placed,A,A
0.20000000000000004,0.2666666666666667,0.40000000000000013,0.4,0.9,0.8333333333333334,100.0,Placed,A,A
1.0,0.8666666666666666,0.40000000000000013,0.7000000000000001,0.8500000000000001,0.6833333333333332,100.0,Placed,A,B
0.4,0.2833333333333333,0.19999999999999996,0.6000000000000001,0.0,0.6833333333333332,77.61,Placed,B,B
0.1,0.5166666666666667,0.6000000000000001,0.20000000000000004,0.15000000000000002,0.6333333333333332,61.43,Not Placed,C,B
1.0,0.6166666666666666,0.8,0.4,0.30000000000000004,0.41666666666666663,100.0,Placed,A,C
0.5000000000000001,0.3666666666666666,0.6000000000000001,0.8,0.0,0.1499999999999999,74.5,Placed,B,F
0.5000000000000001,0.7500000000000001,0.6000000000000001,0.30000000000000004,0.35000000000000003,0.21666666666666667,63.21,Not Placed,C,F
0.4,0.3666666666666666,0.19999999999999996,0.20000000000000004,0.8,0.06666666666666665,100.0,Placed,A,F
0.5000000000000001,0.5666666666666668,0.40000000000000013,0.6000000000000001,0.35000000000000003,0.9333333333333332,84.16,Placed,A,A
1.0,0.6333333333333334,0.6000000000000001,0.7000000000000001,0.2,0.35,91.3,Placed,A,D
0.6000000000000001,0.2333333333333334,0.6000000000000001,0.4,0.0,0.16666666666666663,77.86,Placed,B,F
0.4,0.8666666666666666,0.6000000000000001,0.7000000000000001,0.7000000000000001,0.4666666666666667,100.0,Placed,A,C
0.0,0.3833333333333334,0.0,0.4,0.15000000000000002,0.09999999999999998,36.46,Not Placed,F,F
0.7000000000000001,0.45000000000000007,0.6000000000000001,0.8,0.30000000000000004,0.85,90.84,Placed,A,A
0.30000000000000004,0.25,0.6000000000000001,0.6000000000000001,0.65,0.2833333333333333,90.95,Placed,A,D
0.8,0.25,0.8,0.4,0.55,0.4999999999999999,100.0,Placed,A,C
0.9,0.65,1.0,0.8,1.0,0.6999999999999998,100.0,Placed,A,B
0.5000000000000001,0.6333333333333334,0.0,0.4,0.1,0.31666666666666665,76.1,Placed,B,D
0.0,0.08333333333333337,0.6000000000000001,0.7000000000000001,0.9500000000000001,0.9333333333333332,100.0,Placed,A,A
0.20000000000000004,0.01666666666666672,1.0,0.30000000000000004,0.8500000000000001,0.5666666666666665,98.3,Placed,A,C
0.20000000000000004,0.8833333333333334,0.6000000000000001,0.8,0.35000000000000003,0.09999999999999998,73.55,Placed,B,F
0.9,0.20000000000000007,0.19999999999999996,0.5000000000000001,0.05,0.9999999999999999,100.0,Placed,A,A
0.30000000000000004,0.7166666666666667,0.19999999999999996,0.5000000000000001,0.25,0.4833333333333333,80.96,Placed,A,C
0.5000000000000001,0.7666666666666667,1.0,0.20000000000000004,0.30000000000000004,0.04999999999999993,97.53,Placed,A,F
0.6000000000000001,0.9666666666666667,0.0,0.20000000000000004,0.30000000000000004,0.8333333333333334,98.42,Placed,A,A
0.9,0.13333333333333341,0.8,0.30000000000000004,0.6000000000000001,0.4833333333333333,100.0,Placed,A,C
0.30000000000000004,0.5499999999999999,0.0,0.0,0.0,0.4833333333333333,70.1,Placed,B,C
0.5000000000000001,0.2666666666666667,0.0,0.5000000000000001,0.35000000000000003,0.4833333333333333,68.44,Not Placed,C,C
1.0,0.43333333333333346,0.19999999999999996,0.0,0.6000000000000001,0.8666666666666666,100.0,Placed,A,A
0.0,0.4666666666666667,0.19999999999999996,1.0,0.9500000000000001,0.2833333333333333,84.46,Placed,A,D
0.7000000000000001,0.6,0.8,0.30000000000000004,0.9,0.6999999999999998,100.0,Placed,A,B
0.6000000000000001,0.7000000000000001,0.6000000000000001,0.6000000000000001,0.8,0.7499999999999999,100.0,Placed,A,A
1.0,0.35,0.8,0.5000000000000001,0.6000000000000001,0.1499999999999999,100.0,Placed,A,F
1.0,0.8333333333333334,0.6000000000000001,0.7000000000000001,0.75,0.21666666666666667,100.0,Placed,A,F
0.8,0.3833333333333334,1.0,0.30000000000000004,0.7000000000000001,0.5833333333333334,100.0,Placed,A,B
0.20000000000000004,0.09999999999999998,1.0,0.8,0.5,0.3666666666666666,80.88,Placed,A,D
0.1,0.5499999999999999,0.40000000000000013,0.9,0.55,0.18333333333333324,52.07,Not Placed,D,F
0.0,0.7833333333333333,0.19999999999999996,0.7000000000000001,0.1,0.18333333333333324,54.95,Not Placed,D,F
0.20000000000000004,0.18333333333333335,0.40000000000000013,0.4,0.4,0.5499999999999999,81.75,Placed,A,C
0.4,0.3666666666666666,0.40000000000000013,0.5000000000000001,0.65,0.41666666666666663,86.06,Placed,A,C
1.0,0.2333333333333334,0.19999999999999996,0.4,0.30000000000000004,0.08333333333333326,93.61,Placed,A,F
0.1,0.5333333333333333,0.40000000000000013,0.5000000000000001,0.5,0.6,93.64,Placed,A,B
0.20000000000000004,0.9333333333333335,0.0,0.0,0.45,0.8333333333333334,92.8,Placed,A,A
0.30000000000000004,0.20000000000000007,0.6000000000000001,0.30000000000000004,0.1,0.8666666666666666,82.8,Placed,A,A
0.6000000000000001,0.3666666666666666,0.8,0.8,0.9,0.23333333333333328,100.0,Placed,A,F
0.20000000000000004,0.6166666666666666,0.19999999999999996,0.30000000000000004,0.05,0.6833333333333332,69.01,Not Placed,C,B
0.8,0.5166666666666667,0.0,0.1,0.8,0.6333333333333332,100.0,Placed,A,B
0.7000000000000001,0.7333333333333333,1.0,0.5000000000000001,0.05,0.29999999999999993,98.0,Placed,A,D
0.30000000000000004,0.8166666666666668,0.8,0.1,1.0,0.65,100.0,Placed,A,B
0.0,0.5666666666666668,0.8,0.20000000000000004,0.75,0.7666666666666667,93.23,Placed,A,A
0.0,0.0,0.8,0.6000000000000001,0.8,0.3666666666666666,72.1,Placed,B,D
0.0,0.7666666666666667,0.40000000000000013,0.30000000000000004,0.45,0.5833333333333334,66.68,Not Placed,C,B
0.0,0.9500000000000001,0.40000000000000013,0.0,0.15000000000000002,0.19999999999999996,64.7,Not Placed,C,F
0.7000000000000001,0.7333333333333333,0.40000000000000013,0.8,0.5,0.4999999999999999,100.0,Placed,A,C
0.20000000000000004,0.06666666666666665,0.40000000000000013,0.5000000000000001,0.8,0.9999999999999999,91.97,Placed,A,A
0.5000000000000001,0.9333333333333335,0.0,0.8,0.55,0.6,89.74,Placed,A,B
0.20000000000000004,0.20000000000000007,0.40000000000000013,0.20000000000000004,1.0,0.41666666666666663,82.61,Placed,A,C
1.0,0.8833333333333334,0.19999999999999996,0.4,0.45,0.6999999999999998,100.0,Placed,A,B
0.4,0.06666666666666665,0.8,0.8,0.75,0.7833333333333333,100.0,Placed,A,A
0.6000000000000001,0.9833333333333333,0.0,0.5000000000000001,0.15000000000000002,0.85,100.0,Placed,A,A
0.1,0.5166666666666667,1.0,0.1,0.1,0.2833333333333333,63.14,Not Placed,C,D
0.5000000000000001,0.8333333333333334,0.40000000000000013,0.0,0.4,0.9833333333333333,100.0,Placed,A,A
0.5000000000000001,0.33333333333333337,1.0,0.8,0.25,0.7666666666666667,90.24,Placed,A,A
1.0,0.3833333333333334,0.8,0.0,0.55,0.9333333333333332,100.0,Placed,A,A
0.20000000000000004,0.9833333333333333,0.0,0.4,0.0,0.5333333333333333,71.69,Placed,B,C
0.5000000000000001,0.2833333333333333,0.8,0.0,0.65,0.65,94.97,Placed,A,B
0.9,0.33333333333333337,1.0,0.4,0.45,0.5166666666666667,100.0,Placed,A,C
0.9,0.8833333333333334,0.0,0.4,0.8500000000000001,0.04999999999999993,100.0,Placed,A,F
0.4,0.15000000000000002,0.6000000000000001,0.6000000000000001,0.6000000000000001,0.6666666666666666,73.07,Placed,B,B
0.1,0.3833333333333334,0.0,0.6000000000000001,0.4,0.29999999999999993,74.08,Placed,B,D
0.8,0.65,0.40000000000000013,1.0,0.9,0.09999999999999998,95.45,Placed,A,F
0.7000000000000001,0.7666666666666667,1.0,0.9,0.15000000000000002,0.7666666666666667,82.51,Placed,A,A
0.20000000000000004,0.33333333333333337,0.8,0.0,0.1,0.5666666666666665,88.21,Placed,A,C
0.7000000000000001,0.4,0.8,0.8,0.25,0.41666666666666663,94.01,Placed,A,C
0.8,0.85,0.8,0.0,0.4,0.7166666666666667,100.0,Placed,A,B
0.20000000000000004,0.9833333333333333,0.19999999999999996,0.4,0.45,0.3666666666666666,82.48,Placed,A,D
0.20000000000000004,0.9333333333333335,0.19999999999999996,0.6000000000000001,0.4,0.5499999999999999,80.43,Placed,A,C
0.1,0.9666666666666667,0.40000000000000013,0.7000000000000001,0.8,0.8333333333333334,81.94,Placed,A,A
0.7000000000000001,0.3666666666666666,0.6000000000000001,0.1,0.45,0.9166666666666666,97.72,Placed,A,A
0.9,0.35,0.19999999999999996,0.0,0.25,0.09999999999999998,100.0,Placed,A,F
0.0,0.050000000000000044,0.0,0.30000000000000004,0.75,0.16666666666666663,64.73,Not Placed,C,F
0.7000000000000001,0.5499999999999999,1.0,0.30000000000000004,0.8,0.8333333333333334,100.0,Placed,A,A
0.6000000000000001,0.9166666666666666,0.40000000000000013,0.9,0.5,0.11666666666666659,100.0,Placed,A,F
0.6000000000000001,0.08333333333333337,0.6000000000000001,0.5000000000000001,0.9500000000000001,0.19999999999999996,62.51,Not Placed,C,F
0.20000000000000004,0.45000000000000007,0.0,0.0,0.30000000000000004,0.5166666666666667,70.22,Placed,B,C
0.0,0.5000000000000001,0.8,0.0,0.15000000000000002,0.6666666666666666,62.75,Not Placed,C,B
0.30000000000000004,0.5666666666666668,0.19999999999999996,0.20000000000000004,0.45,0.5499999999999999,84.02,Placed,A,C
0.8,0.6333333333333334,0.0,0.4,1.0,0.2833333333333333,93.67,Placed,A,D
0.4,0.6833333333333335,0.6000000000000001,0.5000000000000001,0.65,0.23333333333333328,96.17,Placed,A,F
0.0,0.3666666666666666,0.40000000000000013,0.4,0.8,0.9,94.8,Placed,A,A
0.4,0.08333333333333337,0.0,0.4,0.65,0.6999999999999998,100.0,Placed,A,B
0.7000000000000001,0.25,0.40000000000000013,0.8,0.9500000000000001,0.3833333333333333,100.0,Placed,A,D
0.7000000000000001,0.01666666666666672,0.8,0.1,0.6000000000000001,0.7666666666666667,100.0,Placed,A,A
0.4,0.3833333333333334,0.6000000000000001,0.0,0.05,0.33333333333333326,84.9,Placed,A,D
0.8,0.2666666666666667,0.6000000000000001,0.5000000000000001,0.4,0.2833333333333333,100.0,Placed,A,D
0.0,0.7333333333333333,0.19999999999999996,0.8,0.1,0.21666666666666667,39.29,Not Placed,F,F
0.30000000000000004,0.0,1.0,0.6000000000000001,0.15000000000000002,0.9499999999999998,87.85,Placed,A,A
0.20000000000000004,0.08333333333333337,0.6000000000000001,0.7000000000000001,0.55,0.8666666666666666,85.18,Placed,A,A
0.1,0.06666666666666665,0.0,0.4,0.7000000000000001,0.29999999999999993,49.23,Not Placed,F,D
0.7000000000000001,0.9333333333333335,0.0,0.9,0.9500000000000001,0.19999999999999996,100.0,Placed,A,F
0.6000000000000001,0.7333333333333333,0.0,0.30000000000000004,0.35000000000000003,0.9333333333333332,100.0,Placed,A,A
0.8,0.9833333333333333,0.8,0.5000000000000001,0.8500000000000001,0.25,100.0,Placed,A,D
0.1,0.9,0.6000000000000001,0.20000000000000004,0.2,0.016666666666666607,66.24,Not Placed,C,F
0.30000000000000004,0.8166666666666668,0.6000000000000001,0.0,0.05,0.9333333333333332,94.18,Placed,A,A
0.5000000000000001,0.4666666666666667,0.0,1.0,0.4,0.5499999999999999,78.88,Placed,B,C
1.0,0.18333333333333335,0.19999999999999996,0.30000000000000004,0.65,0.7999999999999999,100.0,Placed,A,A
0.20000000000000004,0.6333333333333334,0.19999999999999996,0.8,0.0,0.41666666666666663,52.6,Not Placed,D,C
0.7000000000000001,0.7666666666666667,0.6000000000000001,0.30000000000000004,0.9500000000000001,0.8833333333333332,100.0,Placed,A,A
0.20000000000000004,0.033333333333333326,0.6000000000000001,0.0,0.15000000000000002,0.9666666666666667,83.97,Placed,A,A
0.1,0.7833333333333333,0.40000000000000013,0.30000000000000004,0.8,0.35,100.0,Placed,A,D
0.20000000000000004,0.0,0.6000000000000001,0.6000000000000001,0.45,0.31666666666666665,79.68,Placed,B,D
1.0,0.43333333333333346,0.0,0.20000000000000004,0.05,0.4666666666666667,100.0,Placed,A,C
0.5000000000000001,0.7833333333333333,1.0,0.9,0.25,0.2833333333333333,80.7,Placed,A,D
0.1,0.3833333333333334,0.8,0.5000000000000001,0.9,0.4666666666666667,86.22,Placed,A,C
0.7000000000000001,0.7166666666666667,0.6000000000000001,0.0,0.4,0.6833333333333332,90.58,Placed,A,B
0.0,0.30000000000000004,0.6000000000000001,1.0,0.9,0.7166666666666667,74.24,Placed,B,B
0.6000000000000001,0.9666666666666667,0.0,0.30000000000000004,0.9,0.43333333333333324,96.2,Placed,A,C
0.1,0.1166666666666667,0.40000000000000013,0.20000000000000004,0.4,0.5666666666666665,66.65,Not Placed,C,C
0.9,0.9,1.0,0.0,0.1,0.4666666666666667,100.0,Placed,A,C
0.5000000000000001,0.7166666666666667,0.6000000000000001,0.20000000000000004,0.25,0.08333333333333326,93.45,Placed,A,F
0.1,0.7666666666666667,0.19999999999999996,0.30000000000000004,0.25,0.85,77.6,Placed,B,A
0.1,0.01666666666666672,0.19999999999999996,0.4,0.8,0.6,70.95,Placed,B,B
0.9,1.0,0.19999999999999996,0.5000000000000001,0.6000000000000001,0.9666666666666667,100.0,Placed,A,A
0.7000000000000001,0.4833333333333333,0.8,0.1,0.6000000000000001,0.3999999999999999,100.0,Placed,A,D
0.1,0.4833333333333333,0.8,0.1,0.30000000000000004,0.33333333333333326,70.16,Placed,B,D
0.6000000000000001,0.7999999999999999,1.0,0.5000000000000001,0.4,0.9499999999999998,100.0,Placed,A,A
0.20000000000000004,0.6333333333333334,0.6000000000000001,0.4,0.8500000000000001,0.4999999999999999,100.0,Placed,A,C
0.7000000000000001,0.7333333333333333,0.6000000000000001,0.0,0.0,0.9666666666666667,100.0,Placed,A,A
0.6000000000000001,0.5166666666666667,0.6000000000000001,0.20000000000000004,0.9500000000000001,0.65,89.95,Placed,A,B
0.7000000000000001,0.0,0.8,1.0,0.6000000000000001,0.8166666666666665,100.0,Placed,A,A
0.6000000000000001,0.6166666666666666,1.0,0.4,0.35000000000000003,0.25,94.59,Placed,A,D
1.0,0.20000000000000007,0.6000000000000001,0.1,1.0,0.9833333333333333,100.0,Placed,A,A
0.5000000000000001,0.16666666666666674,0.0,0.0,0.4,0.21666666666666667,90.82,Placed,A,F
0.6000000000000001,0.15000000000000002,0.40000000000000013,0.8,0.0,0.08333333333333326,61.88,Not Placed,C,F
0.4,0.7833333333333333,0.19999999999999996,0.4,0.4,0.16666666666666663,64.62,Not Placed,C,F
0.6000000000000001,0.9666666666666667,0.19999999999999996,0.1,0.9500000000000001,0.43333333333333324,100.0,Placed,A,C
0.0,0.41666666666666663,0.0,0.9,0.5,0.6166666666666666,61.2,Not Placed,C,B
0.0,0.9166666666666666,0.6000000000000001,0.30000000000000004,0.9500000000000001,0.06666666666666665,100.0,Placed,A,F
0.8,0.9,1.0,0.20000000000000004,0.15000000000000002,0.23333333333333328,93.96,Placed,A,F
0.4,0.31666666666666665,1.0,0.6000000000000001,0.75,0.6166666666666666,91.71,Placed,A,B
0.4,0.2666666666666667,0.8,0.0,0.65,0.8666666666666666,100.0,Placed,A,A
0.20000000000000004,0.2666666666666667,0.6000000000000001,0.9,0.9500000000000001,0.25,100.0,Placed,A,D
0.4,0.050000000000000044,1.0,0.30000000000000004,1.0,0.2833333333333333,94.58,Placed,A,D
0.20000000000000004,0.06666666666666665,0.6000000000000001,0.6000000000000001,0.8500000000000001,0.8666666666666666,86.63,Placed,A,A
0.8,0.9833333333333333,0.19999999999999996,1.0,0.4,0.5333333333333333,100.0,Placed,A,C
0.8,0.3666666666666666,0.19999999999999996,0.9,0.0,0.5666666666666665,76.9,Placed,B,C
0.5000000000000001,0.7500000000000001,0.8,0.4,0.1,0.9,94.65,Placed,A,A
0.0,0.85,0.19999999999999996,0.30000000000000004,0.9500000000000001,0.85,100.0,Placed,A,A
0.6000000000000001,0.15000000000000002,0.6000000000000001,0.30000000000000004,0.0,0.3833333333333333,70.13,Placed,B,D
0.6000000000000001,0.7500000000000001,0.0,1.0,0.1,0.5666666666666665,75.39,Placed,B,C
0.9,0.45000000000000007,0.8,0.1,0.65,0.09999999999999998,100.0,Placed,A,F
0.9,0.5333333333333333,0.0,0.7000000000000001,0.65,0.21666666666666667,84.41,Placed,A,F
0.30000000000000004,0.7000000000000001,0.6000000000000001,0.30000000000000004,0.6000000000000001,0.8166666666666665,97.93,Placed,A,A
0.7000000000000001,0.41666666666666663,0.8,0.1,0.0,0.4833333333333333,74.06,Placed,B,C
0.5000000000000001,0.9,0.0,0.8,0.7000000000000001,0.3833333333333333,88.61,Placed,A,D
0.30000000000000004,0.8166666666666668,0.8,0.9,0.9500000000000001,0.23333333333333328,91.29,Placed,A,F
0.30000000000000004,0.7833333333333333,0.6000000000000001,0.6000000000000001,0.30000000000000004,0.19999999999999996,72.16,Placed,B,F
0.1,0.4666666666666667,1.0,0.20000000000000004,0.75,0.29999999999999993,82.6,Placed,A,D
0.1,0.43333333333333346,0.8,0.6000000000000001,0.9500000000000001,0.4666666666666667,91.91,Placed,A,C
0.30000000000000004,0.2833333333333333,1.0,0.0,1.0,0.35,91.12,Placed,A,D
0.4,0.65,0.6000000000000001,0.0,0.0,0.016666666666666607,74.8,Placed,B,F
0.7000000000000001,0.9833333333333333,0.8,0.30000000000000004,0.7000000000000001,0.6333333333333332,100.0,Placed,A,B
0.5000000000000001,0.15000000000000002,0.8,0.30000000000000004,0.9500000000000001,0.19999999999999996,100.0,Placed,A,F
0.30000000000000004,0.9500000000000001,1.0,0.30000000000000004,0.7000000000000001,0.5833333333333334,100.0,Placed,A,B
1.0,0.6833333333333335,0.19999999999999996,0.8,0.9,0.6166666666666666,100.0,Placed,A,B
0.6000000000000001,0.06666666666666665,1.0,0.5000000000000001,0.25,0.2833333333333333,67.2,Not Placed,C,D
0.7000000000000001,0.15000000000000002,1.0,0.20000000000000004,0.25,0.8333333333333334,100.0,Placed,A,A
0.1,0.8166666666666668,1.0,0.5000000000000001,0.0,0.23333333333333328,63.18,Not Placed,C,F
0.6000000000000001,0.33333333333333337,0.6000000000000001,0.1,0.75,0.5666666666666665,100.0,Placed,A,C
0.1,0.3833333333333334,0.40000000000000013,0.1,0.8500000000000001,0.85,100.0,Placed,A,A
0.1,0.6166666666666666,1.0,0.6000000000000001,0.6000000000000001,0.2666666666666666,74.24,Placed,B,D
0.7000000000000001,0.033333333333333326,0.8,0.20000000000000004,0.55,0.7833333333333333,82.73,Placed,A,A
0.1,0.65,0.0,0.6000000000000001,0.8500000000000001,0.19999999999999996,84.47,Placed,A,F
1.0,0.5000000000000001,0.19999999999999996,0.20000000000000004,0.45,0.35,100.0,Placed,A,D
0.8,0.6666666666666666,1.0,0.1,0.65,0.9666666666666667,100.0,Placed,A,A
0.0,0.6,1.0,0.30000000000000004,0.9500000000000001,0.8833333333333332,100.0,Placed,A,A
0.8,1.0,0.19999999999999996,0.30000000000000004,0.5,0.85,100.0,Placed,A,A
0.0,0.01666666666666672,1.0,0.20000000000000004,0.8500000000000001,0.65,94.28,Placed,A,B
0.9,0.01666666666666672,0.8,0.8,0.55,0.33333333333333326,100.0,Placed,A,D
0.9,0.6333333333333334,0.40000000000000013,0.5000000000000001,0.8,0.41666666666666663,100.0,Placed,A,C
0.1,0.7999999999999999,1.0,0.4,0.1,0.7499999999999999,88.24,Placed,A,A
0.5000000000000001,0.6833333333333335,0.19999999999999996,0.5000000000000001,1.0,0.04999999999999993,97.35,Placed,A,F
0.5000000000000001,0.7166666666666667,1.0,1.0,0.0,0.09999999999999998,75.49,Placed,B,F
0.0,0.5499999999999999,0.6000000000000001,0.7000000000000001,0.0,0.1499999999999999,49.46,Not Placed,F,F
0.6000000000000001,0.6833333333333335,0.8,0.4,0.25,0.23333333333333328,100.0,Placed,A,F
0.7000000000000001,0.31666666666666665,0.8,0.30000000000000004,0.9,0.41666666666666663,99.09,Placed,A,C
0.1,0.5333333333333333,0.40000000000000013,0.6000000000000001,0.15000000000000002,0.25,53.36,Not Placed,D,D
0.7000000000000001,0.050000000000000044,0.6000000000000001,0.4,0.6000000000000001,0.65,99.61,Placed,A,B
0.8,0.7333333333333333,0.6000000000000001,0.30000000000000004,0.55,0.5499999999999999,100.0,Placed,A,C
0.5000000000000001,0.7166666666666667,0.40000000000000013,0.4,0.35000000000000003,0.9999999999999999,90.57,Placed,A,A
0.4,0.16666666666666674,0.0,1.0,0.9500000000000001,0.2666666666666666,71.26,Placed,B,D
0.8,1.0,1.0,0.30000000000000004,0.30000000000000004,0.6166666666666666,100.0,Placed,A,B
1.0,0.6833333333333335,0.6000000000000001,0.7000000000000001,1.0,0.25,100.0,Placed,A,D
0.8,0.7666666666666667,0.0,0.7000000000000001,0.30000000000000004,0.5499999999999999,79.25,Placed,B,C
0.0,0.06666666666666665,0.0,0.0,0.30000000000000004,0.9666666666666667,66.55,Not Placed,C,A
1.0,0.4,0.8,0.20000000000000004,0.65,0.9166666666666666,100.0,Placed,A,A
0.20000000000000004,0.7999999999999999,1.0,1.0,0.8500000000000001,0.4666666666666667,99.91,Placed,A,C
0.8,0.9833333333333333,0.8,0.30000000000000004,0.9,0.8666666666666666,100.0,Placed,A,A
1.0,0.6,0.19999999999999996,0.1,0.9500000000000001,0.2833333333333333,100.0,Placed,A,D
0.1,0.5499999999999999,0.8,0.4,0.9,0.16666666666666663,86.98,Placed,A,F
0.30000000000000004,0.13333333333333341,0.6000000000000001,1.0,0.8500000000000001,0.18333333333333324,64.36,Not Placed,C,F
0.30000000000000004,0.08333333333333337,0.6000000000000001,0.7000000000000001,0.25,0.6,38.34,Not Placed,F,B
0.1,0.2833333333333333,1.0,0.1,0.75,0.016666666666666607,89.03,Placed,A,F
0.20000000000000004,0.21666666666666667,0.0,0.8,0.1,0.8833333333333332,59.04,Not Placed,D,A
0.20000000000000004,0.30000000000000004,0.6000000000000001,0.6000000000000001,1.0,0.9166666666666666,78.68,Placed,B,A
0.0,0.21666666666666667,0.8,0.5000000000000001,0.05,0.2833333333333333,66.67,Not Placed,C,D
0.5000000000000001,0.65,0.8,0.7000000000000001,0.7000000000000001,0.8833333333333332,100.0,Placed,A,A
0.7000000000000001,0.2666666666666667,1.0,0.1,0.9500000000000001,0.6166666666666666,100.0,Placed,A,B
0.20000000000000004,0.9833333333333333,0.8,0.4,0.5,0.5333333333333333,97.77,Placed,A,C
0.4,0.5666666666666668,0.40000000000000013,0.30000000000000004,0.9,0.1333333333333333,100.0,Placed,A,F
0.0,0.4666666666666667,1.0,0.7000000000000001,0.8500000000000001,0.23333333333333328,72.82,Placed,B,F
0.9,0.6833333333333335,1.0,0.0,0.5,0.44999999999999984,100.0,Placed,A,C
0.6000000000000001,0.2666666666666667,0.6000000000000001,0.20000000000000004,0.1,0.11666666666666659,94.36,Placed,A,F
0.9,0.9666666666666667,1.0,0.9,0.15000000000000002,0.9833333333333333,100.0,Placed,A,A
0.0,0.7000000000000001,0.19999999999999996,0.7000000000000001,0.25,0.7499999999999999,64.94,Not Placed,C,A
1.0,0.1166666666666667,0.6000000000000001,0.4,0.55,0.5833333333333334,97.5,Placed,A,B
0.8,0.0,0.6000000000000001,0.30000000000000004,1.0,0.6333333333333332,100.0,Placed,A,B
0.7000000000000001,0.7333333333333333,0.40000000000000013,0.5000000000000001,0.15000000000000002,0.85,100.0,Placed,A,A
0.6000000000000001,0.8666666666666666,0.6000000000000001,0.4,0.55,0.11666666666666659,97.92,Placed,A,F
0.9,0.5833333333333334,0.0,0.20000000000000004,0.15000000000000002,0.6833333333333332,82.01,Placed,A,B
0.6000000000000001,0.09999999999999998,0.8,1.0,0.05,0.8166666666666665,59.18,Not Placed,D,A
0.4,0.7500000000000001,0.8,0.4,0.55,0.8166666666666665,100.0,Placed,A,A
0.4,0.06666666666666665,1.0,0.30000000000000004,0.6000000000000001,0.29999999999999993,76.61,Placed,B,D
1.0,0.3833333333333334,0.40000000000000013,0.0,0.75,0.04999999999999993,100.0,Placed,A,F
0.4,0.45000000000000007,0.8,0.0,0.15000000000000002,0.43333333333333324,93.33,Placed,A,C
0.0,0.7000000000000001,0.0,0.6000000000000001,0.35000000000000003,0.19999999999999996,51.83,Not Placed,D,F
0.7000000000000001,0.2666666666666667,0.40000000000000013,0.30000000000000004,0.2,0.6166666666666666,93.14,Placed,A,B
1.0,0.6,0.19999999999999996,0.0,0.65,0.33333333333333326,100.0,Placed,A,D
0.0,0.31666666666666665,0.8,0.5000000000000001,0.7000000000000001,0.41666666666666663,100.0,Placed,A,C
0.30000000000000004,0.033333333333333326,0.6000000000000001,1.0,0.5,0.7333333333333333,70.72,Placed,B,B
0.8,0.6,0.0,1.0,0.45,0.9499999999999998,96.92,Placed,A,A
0.8,0.41666666666666663,0.0,1.0,0.45,0.3666666666666666,82.05,Placed,A,D
0.4,0.2333333333333334,0.8,1.0,0.25,0.8833333333333332,93.34,Placed,A,A
0.30000000000000004,0.8333333333333334,1.0,0.0,0.75,0.4833333333333333,100.0,Placed,A,C
0.20000000000000004,0.7833333333333333,0.19999999999999996,0.7000000000000001,1.0,0.4999999999999999,100.0,Placed,A,C
0.20000000000000004,0.1166666666666667,0.6000000000000001,0.8,0.15000000000000002,0.4999999999999999,60.15,Not Placed,C,C
0.4,0.20000000000000007,0.19999999999999996,1.0,0.4,0.25,65.02,Not Placed,C,D
0.9,0.7833333333333333,0.19999999999999996,0.20000000000000004,0.45,0.85,100.0,Placed,A,A
0.0,0.033333333333333326,0.8,0.6000000000000001,0.2,0.9666666666666667,49.34,Not Placed,F,A
0.4,0.0,0.6000000000000001,0.4,0.45,0.6833333333333332,85.23,Placed,A,B
0.5000000000000001,0.13333333333333341,0.8,0.20000000000000004,0.75,0.6666666666666666,100.0,Placed,A,B
0.6000000000000001,0.5000000000000001,0.8,0.4,0.5,0.09999999999999998,94.34,Placed,A,F
0.8,0.6666666666666666,1.0,0.9,0.25,0.2666666666666666,79.24,Placed,B,D
0.20000000000000004,0.8833333333333334,0.0,0.6000000000000001,0.30000000000000004,0.3833333333333333,60.3,Not Placed,C,D
0.1,0.41666666666666663,1.0,0.6000000000000001,0.55,0.31666666666666665,77.98,Placed,B,D
0.20000000000000004,0.2666666666666667,1.0,0.8,0.6000000000000001,0.6333333333333332,59.85,Not Placed,D,B
0.8,0.9166666666666666,0.8,0.7000000000000001,0.8,0.43333333333333324,100.0,Placed,A,C
0.6000000000000001,0.5499999999999999,1.0,0.30000000000000004,0.4,0.016666666666666607,77.2,Placed,B,F
0.8,0.13333333333333341,1.0,0.4,0.35000000000000003,0.9833333333333333,100.0,Placed,A,A
0.1,0.9166666666666666,0.40000000000000013,0.4,0.75,0.8333333333333334,97.43,Placed,A,A
0.4,0.8333333333333334,0.6000000000000001,0.9,1.0,0.0,96.79,Placed,A,F
0.30000000000000004,0.20000000000000007,0.0,0.1,0.1,0.5499999999999999,58.73,Not Placed,D,C
0.1,0.06666666666666665,0.6000000000000001,0.6000000000000001,0.2,0.43333333333333324,59.85,Not Placed,D,C
0.8,0.6666666666666666,0.0,0.6000000000000001,1.0,0.6,100.0,Placed,A,B
0.8,0.20000000000000007,0.40000000000000013,0.8,0.6000000000000001,0.8166666666666665,95.81,Placed,A,A
0.5000000000000001,0.0,0.8,0.8,0.8500000000000001,0.9999999999999999,100.0,Placed,A,A
1.0,0.4,0.0,0.30000000000000004,1.0,0.08333333333333326,100.0,Placed,A,F
0.5000000000000001,0.7666666666666667,0.0,0.4,0.75,0.6166666666666666,96.72,Placed,A,B
0.7000000000000001,0.050000000000000044,0.0,0.6000000000000001,0.65,0.8833333333333332,91.32,Placed,A,A
0.5000000000000001,0.5833333333333334,0.40000000000000013,0.9,0.5,0.9833333333333333,100.0,Placed,A,A
0.0,0.85,0.6000000000000001,0.6000000000000001,0.8500000000000001,0.43333333333333324,70.68,Placed,B,C
0.30000000000000004,0.15000000000000002,0.40000000000000013,1.0,0.35000000000000003,0.7833333333333333,59.87,Not Placed,D,A
0.6000000000000001,0.45000000000000007,0.0,0.9,0.55,0.25,85.4,Placed,A,D
0.1,0.9333333333333335,1.0,1.0,0.9,0.5666666666666665,100.0,Placed,A,C
0.8,0.08333333333333337,0.0,0.7000000000000001,0.9500000000000001,0.43333333333333324,94.76,Placed,A,C
0.7000000000000001,0.43333333333333346,1.0,0.7000000000000001,0.05,0.5666666666666665,84.4,Placed,A,C
0.7000000000000001,0.9166666666666666,0.8,0.1,0.4,0.9499999999999998,100.0,Placed,A,A
0.6000000000000001,0.18333333333333335,0.40000000000000013,0.8,0.4,0.9,87.36,Placed,A,A
0.30000000000000004,0.85,1.0,1.0,0.65,0.9999999999999999,100.0,Placed,A,A
0.1,0.7833333333333333,0.40000000000000013,0.30000000000000004,0.7000000000000001,0.9999999999999999,94.17,Placed,A,A
0.20000000000000004,0.033333333333333326,0.19999999999999996,0.0,0.5,0.5833333333333334,78.27,Placed,B,B
0.5000000000000001,0.7500000000000001,0.6000000000000001,0.0,0.6000000000000001,0.6166666666666666,100.0,Placed,A,B
0.4,0.5333333333333333,0.19999999999999996,0.4,0.2,0.44999999999999984,77.98,Placed,B,C
0.7000000000000001,0.15000000000000002,1.0,0.6000000000000001,0.25,0.9166666666666666,98.18,Placed,A,A
0.5000000000000001,0.5000000000000001,0.19999999999999996,0.4,0.2,0.033333333333333326,63.72,Not Placed,C,F
0.5000000000000001,0.2333333333333334,0.6000000000000001,0.20000000000000004,0.0,0.9333333333333332,75.24,Placed,B,A
0.0,0.09999999999999998,1.0,1.0,0.8500000000000001,0.6666666666666666,65.11,Not Placed,C,B
0.30000000000000004,0.5833333333333334,0.8,0.6000000000000001,0.35000000000000003,0.4999999999999999,67.62,Not Placed,C,C
0.4,0.21666666666666667,0.8,0.0,0.8,0.033333333333333326,95.82,Placed,A,F
1.0,0.9166666666666666,0.6000000000000001,1.0,0.5,0.6166666666666666,100.0,Placed,A,B
0.20000000000000004,0.7833333333333333,0.6000000000000001,0.0,0.5,0.8666666666666666,100.0,Placed,A,A
0.8,0.21666666666666667,1.0,0.1,0.1,0.85,97.76,Placed,A,A
0.0,0.033333333333333326,0.40000000000000013,0.0,0.35000000000000003,0.3833333333333333,60.37,Not Placed,C,D
0.5000000000000001,0.7999999999999999,1.0,0.8,0.35000000000000003,0.41666666666666663,88.71,Placed,A,C
0.5000000000000001,0.8666666666666666,0.40000000000000013,0.30000000000000004,1.0,0.6666666666666666,100.0,Placed,A,B
0.9,0.7500000000000001,0.40000000000000013,0.6000000000000001,1.0,0.7666666666666667,100.0,Placed,A,A
0.4,0.8166666666666668,0.40000000000000013,0.4,0.1,0.44999999999999984,88.92,Placed,A,C
0.4,0.033333333333333326,1.0,0.6000000000000001,0.45,0.1333333333333333,58.93,Not Placed,D,F
0.9,0.35,0.0,0.6000000000000001,0.9,0.6,100.0,Placed,A,B
0.4,0.30000000000000004,0.0,0.0,0.65,0.8666666666666666,100.0,Placed,A,A
0.5000000000000001,0.5666666666666668,0.8,0.0,0.8500000000000001,0.43333333333333324,100.0,Placed,A,C
0.7000000000000001,0.18333333333333335,0.0,1.0,0.1,0.7833333333333333,71.87,Placed,B,A
0.1,0.8833333333333334,0.0,0.20000000000000004,0.9500000000000001,0.033333333333333326,95.52,Placed,A,F
0.5000000000000001,0.06666666666666665,0.40000000000000013,0.9,0.65,0.6666666666666666,96.01,Placed,A,B
0.0,0.15000000000000002,0.40000000000000013,0.1,0.5,0.7999999999999999,74.14,Placed,B,A
0.30000000000000004,0.6666666666666666,0.6000000000000001,0.6000000000000001,0.45,0.44999999999999984,75.3,Placed,B,C
0.9,0.5333333333333333,0.40000000000000013,0.20000000000000004,0.65,0.5166666666666667,100.0,Placed,A,C
0.20000000000000004,0.20000000000000007,1.0,0.6000000000000001,0.0,0.5666666666666665,60.08,Not Placed,C,C
0.8,0.5666666666666668,0.6000000000000001,0.8,0.75,0.09999999999999998,100.0,Placed,A,F
0.20000000000000004,0.8333333333333334,0.6000000000000001,1.0,0.25,0.09999999999999998,58.0,Not Placed,D,F
0.5000000000000001,0.5166666666666667,0.0,0.0,0.8500000000000001,0.33333333333333326,97.4,Placed,A,D
0.0,0.16666666666666674,0.40000000000000013,0.20000000000000004,0.75,0.5166666666666667,95.34,Placed,A,C
0.5000000000000001,0.7833333333333333,0.0,1.0,0.9,0.6166666666666666,99.93,Placed,A,B
0.30000000000000004,0.6166666666666666,0.40000000000000013,0.5000000000000001,0.75,0.31666666666666665,100.0,Placed,A,D
0.7000000000000001,0.3833333333333334,0.0,0.8,0.2,0.11666666666666659,55.68,Not Placed,D,F
1.0,0.5666666666666668,0.0,0.4,0.55,0.04999999999999993,82.57,Placed,A,F
0.8,0.30000000000000004,0.0,0.20000000000000004,0.25,0.41666666666666663,95.13,Placed,A,C
0.30000000000000004,0.08333333333333337,1.0,0.7000000000000001,0.05,0.23333333333333328,51.31,Not Placed,D,F
0.9,0.65,0.8,0.4,0.75,0.08333333333333326,100.0,Placed,A,F
0.9,0.8833333333333334,0.0,0.5000000000000001,1.0,0.7833333333333333,100.0,Placed,A,A
0.5000000000000001,0.7333333333333333,0.19999999999999996,0.1,0.5,0.5166666666666667,77.88,Placed,B,C
0.0,0.7166666666666667,0.19999999999999996,0.30000000000000004,0.55,0.06666666666666665,66.34,Not Placed,C,F
0.30000000000000004,0.6833333333333335,0.19999999999999996,0.0,0.5,0.7166666666666667,90.46,Placed,A,B
0.6000000000000001,0.5666666666666668,1.0,0.30000000000000004,0.9500000000000001,0.7499999999999999,100.0,Placed,A,A
0.0,0.050000000000000044,0.6000000000000001,0.0,0.9,0.9499999999999998,100.0,Placed,A,A
0.7000000000000001,0.5333333333333333,0.0,0.30000000000000004,0.35000000000000003,0.08333333333333326,88.06,Placed,A,F
0.9,0.20000000000000007,0.19999999999999996,0.1,0.8500000000000001,0.033333333333333326,100.0,Placed,A,F
1.0,0.9166666666666666,1.0,0.5000000000000001,0.2,0.4666666666666667,100.0,Placed,A,C
0.5000000000000001,0.5833333333333334,0.6000000000000001,0.5000000000000001,0.55,0.29999999999999993,100.0,Placed,A,D
0.4,0.8833333333333334,0.19999999999999996,0.7000000000000001,0.45,0.1499999999999999,89.23,Placed,A,F
0.9,0.7000000000000001,0.40000000000000013,0.8,0.7000000000000001,0.09999999999999998,98.14,Placed,A,F
1.0,0.30000000000000004,0.8,0.7000000000000001,0.2,0.7333333333333333,100.0,Placed,A,B
0.8,0.7000000000000001,0.0,0.0,0.8,0.0,100.0,Placed,A,F
0.1,0.18333333333333335,0.8,0.20000000000000004,0.15000000000000002,0.0,64.94,Not Placed,C,F
0.4,0.16666666666666674,0.8,0.5000000000000001,0.55,0.2666666666666666,83.46,Placed,A,D
0.5000000000000001,0.08333333333333337,0.40000000000000013,0.0,0.8500000000000001,0.35,87.0,Placed,A,D
0.6000000000000001,0.18333333333333335,0.40000000000000013,0.7000000000000001,0.35000000000000003,0.5833333333333334,71.33,Placed,B,B
0.4,0.43333333333333346,0.40000000000000013,0.5000000000000001,0.9500000000000001,0.21666666666666667,79.77,Placed,B,F
0.8,0.6666666666666666,0.6000000000000001,0.0,0.8,0.08333333333333326,100.0,Placed,A,F
0.0,0.4,0.19999999999999996,0.9,0.35000000000000003,0.4833333333333333,47.82,Not Placed,F,C
0.6000000000000001,0.6833333333333335,0.0,0.1,0.6000000000000001,0.7499999999999999,95.83,Placed,A,A
0.9,0.033333333333333326,0.40000000000000013,0.5000000000000001,0.1,0.7666666666666667,100.0,Placed,A,A
0.6000000000000001,0.033333333333333326,1.0,0.9,0.1,0.5333333333333333,61.1,Not Placed,C,C
0.30000000000000004,0.31666666666666665,0.0,0.7000000000000001,0.30000000000000004,0.31666666666666665,66.75,Not Placed,C,D
0.8,0.45000000000000007,0.0,0.4,0.8500000000000001,0.25,100.0,Placed,A,D
1.0,0.3666666666666666,0.0,0.0,1.0,0.04999999999999993,100.0,Placed,A,F
0.4,0.7833333333333333,0.40000000000000013,0.9,0.30000000000000004,0.5499999999999999,83.2,Placed,A,C
0.30000000000000004,0.033333333333333326,0.40000000000000013,0.1,0.05,0.0,55.98,Not Placed,D,F
0.6000000000000001,0.6833333333333335,0.19999999999999996,0.30000000000000004,0.30000000000000004,0.19999999999999996,70.53,Placed,B,F
0.30000000000000004,0.3833333333333334,0.40000000000000013,0.30000000000000004,0.05,0.7833333333333333,80.73,Placed,A,A
0.20000000000000004,0.7000000000000001,0.40000000000000013,0.6000000000000001,0.30000000000000004,0.11666666666666659,69.35,Not Placed,C,F
0.8,0.65,0.0,0.1,0.65,0.35,100.0,Placed,A,D
1.0,0.08333333333333337,0.19999999999999996,0.6000000000000001,0.7000000000000001,0.04999999999999993,78.41,Placed,B,F
0.7000000000000001,0.31666666666666665,0.8,0.6000000000000001,0.75,0.5499999999999999,100.0,Placed,A,C
0.0,0.16666666666666674,0.40000000000000013,0.6000000000000001,0.35000000000000003,0.9833333333333333,73.07,Placed,B,A
0.6000000000000001,0.5166666666666667,1.0,0.20000000000000004,0.75,0.7333333333333333,100.0,Placed,A,B
0.8,0.9833333333333333,0.40000000000000013,0.5000000000000001,1.0,0.6,100.0,Placed,A,B
0.7000000000000001,0.43333333333333346,0.8,0.5000000000000001,0.30000000000000004,0.9333333333333332,98.23,Placed,A,A
0.7000000000000001,0.33333333333333337,0.0,0.30000000000000004,0.5,0.3666666666666666,100.0,Placed,A,D
0.5000000000000001,0.7166666666666667,0.19999999999999996,0.0,0.15000000000000002,0.31666666666666665,82.56,Placed,A,D
1.0,0.7833333333333333,0.0,0.8,0.8500000000000001,0.8666666666666666,100.0,Placed,A,A
0.30000000000000004,0.8166666666666668,0.6000000000000001,0.1,0.6000000000000001,0.3833333333333333,90.2,Placed,A,D
0.7000000000000001,0.20000000000000007,0.40000000000000013,0.8,0.8,0.43333333333333324,100.0,Placed,A,C
0.20000000000000004,0.35,1.0,0.7000000000000001,0.55,0.19999999999999996,84.78,Placed,A,F
0.8,0.5666666666666668,0.6000000000000001,0.0,0.8500000000000001,0.06666666666666665,96.97,Placed,A,F
0.1,0.7666666666666667,0.40000000000000013,1.0,0.45,0.25,65.09,Not Placed,C,D
0.1,0.35,0.6000000000000001,0.6000000000000001,0.30000000000000004,0.9833333333333333,76.35,Placed,B,A
0.6000000000000001,0.45000000000000007,0.8,0.9,0.55,0.6166666666666666,87.86,Placed,A,B
0.9,0.33333333333333337,0.40000000000000013,0.20000000000000004,0.55,0.7833333333333333,100.0,Placed,A,A
0.30000000000000004,0.7500000000000001,1.0,0.9,0.6000000000000001,0.4666666666666667,87.78,Placed,A,C
0.9,0.2833333333333333,0.40000000000000013,0.9,0.0,0.41666666666666663,71.02,Placed,B,C
0.7000000000000001,0.5000000000000001,0.6000000000000001,0.8,0.30000000000000004,0.35,90.52,Placed,A,D
0.8,0.9833333333333333,0.19999999999999996,0.4,0.75,0.3833333333333333,100.0,Placed,A,D
0.6000000000000001,1.0,0.6000000000000001,1.0,0.75,0.19999999999999996,100.0,Placed,A,F
0.4,0.7500000000000001,0.40000000000000013,0.20000000000000004,1.0,0.6999999999999998,100.0,Placed,A,B
0.7000000000000001,0.6,0.40000000000000013,0.7000000000000001,0.75,0.33333333333333326,80.21,Placed,A,D
0.30000000000000004,0.33333333333333337,0.19999999999999996,0.20000000000000004,0.75,0.0,69.76,Not Placed,C,F
0.1,0.21666666666666667,0.0,0.6000000000000001,0.65,0.04999999999999993,47.68,Not Placed,F,F
1.0,0.4,0.19999999999999996,0.6000000000000001,0.5,0.033333333333333326,92.9,Placed,A,F
0.5000000000000001,0.43333333333333346,0.0,0.6000000000000001,0.9,0.8166666666666665,100.0,Placed,A,A
0.8,0.65,1.0,0.0,0.5,0.3666666666666666,100.0,Placed,A,D
0.0,0.9833333333333333,0.40000000000000013,1.0,0.05,0.25,44.94,Not Placed,F,D
1.0,0.9833333333333333,0.8,0.4,0.30000000000000004,0.7333333333333333,100.0,Placed,A,B
0.9,0.3666666666666666,0.8,1.0,0.4,0.19999999999999996,93.95,Placed,A,F
0.6000000000000001,0.5000000000000001,0.6000000000000001,0.0,0.4,0.6333333333333332,100.0,Placed,A,B
0.9,0.7666666666666667,0.19999999999999996,0.6000000000000001,0.65,0.4999999999999999,100.0,Placed,A,C
0.8,0.9833333333333333,0.19999999999999996,0.7000000000000001,0.45,0.3833333333333333,99.16,Placed,A,D
0.9,0.4666666666666667,0.8,0.6000000000000001,0.75,0.7666666666666667,100.0,Placed,A,A
0.8,0.7666666666666667,0.0,0.0,0.8500000000000001,0.9499999999999998,100.0,Placed,A,A
0.9,0.4833333333333333,0.19999999999999996,0.20000000000000004,0.0,0.23333333333333328,94.09,Placed,A,F
1.0,0.8333333333333334,0.0,0.9,0.05,0.06666666666666665,100.0,Placed,A,F
0.20000000000000004,0.41666666666666663,0.0,0.20000000000000004,0.9500000000000001,0.7999999999999999,100.0,Placed,A,A
1.0,0.31666666666666665,0.0,0.6000000000000001,0.15000000000000002,0.35,80.57,Placed,A,D
0.4,0.6166666666666666,0.0,0.30000000000000004,0.05,0.35,55.16,Not Placed,D,D
0.7000000000000001,0.30000000000000004,0.6000000000000001,0.20000000000000004,0.15000000000000002,0.16666666666666663,69.81,Not Placed,C,F
0.7000000000000001,0.43333333333333346,0.6000000000000001,0.5000000000000001,0.25,0.3833333333333333,91.7,Placed,A,D
0.30000000000000004,0.4,0.8,0.9,0.15000000000000002,0.7333333333333333,86.57,Placed,A,B
1.0,0.65,0.6000000000000001,0.5000000000000001,0.8500000000000001,0.1499999999999999,100.0,Placed,A,F
1.0,0.6166666666666666,1.0,0.9,0.2,0.7666666666666667,100.0,Placed,A,A
0.0,0.85,0.19999999999999996,0.4,0.5,0.5499999999999999,62.84,Not Placed,C,C
0.0,0.3666666666666666,1.0,0.5000000000000001,0.6000000000000001,0.16666666666666663,85.26,Placed,A,F
0.30000000000000004,0.4666666666666667,0.6000000000000001,0.20000000000000004,0.1,0.9333333333333332,81.35,Placed,A,A
0.5000000000000001,0.2333333333333334,0.19999999999999996,0.9,0.9,0.6999999999999998,80.57,Placed,A,B
0.7000000000000001,0.9666666666666667,0.19999999999999996,0.4,0.9500000000000001,0.4666666666666667,100.0,Placed,A,C
0.5000000000000001,0.033333333333333326,0.0,0.8,0.5,0.35,71.23,Placed,B,D
0.8,0.15000000000000002,0.8,0.30000000000000004,0.5,0.5333333333333333,100.0,Placed,A,C
0.8,0.2333333333333334,0.0,1.0,1.0,0.9333333333333332,100.0,Placed,A,A
0.1,0.9166666666666666,0.0,0.1,0.05,0.11666666666666659,72.03,Placed,B,F
0.9,0.25,1.0,0.4,0.7000000000000001,0.9499999999999998,100.0,Placed,A,A
0.0,0.2666666666666667,0.6000000000000001,0.20000000000000004,0.35000000000000003,0.7999999999999999,75.82,Placed,B,A
0.1,0.30000000000000004,1.0,0.20000000000000004,0.05,0.5166666666666667,73.76,Placed,B,C
0.4,0.16666666666666674,0.6000000000000001,0.30000000000000004,0.35000000000000003,0.65,92.42,Placed,A,B
0.30000000000000004,0.7833333333333333,1.0,0.30000000000000004,0.9500000000000001,0.7333333333333333,100.0,Placed,A,B
0.30000000000000004,0.06666666666666665,0.19999999999999996,0.4,0.7000000000000001,0.3666666666666666,63.12,Not Placed,C,D
0.8,0.06666666666666665,0.6000000000000001,0.6000000000000001,0.75,0.06666666666666665,87.01,Placed,A,F
1.0,0.9500000000000001,0.6000000000000001,0.30000000000000004,0.6000000000000001,0.4999999999999999,100.0,Placed,A,C
0.7000000000000001,0.21666666666666667,1.0,1.0,0.8,0.4666666666666667,100.0,Placed,A,C
0.5000000000000001,0.8166666666666668,0.40000000000000013,0.6000000000000001,0.65,0.08333333333333326,100.0,Placed,A,F
0.0,0.41666666666666663,0.19999999999999996,0.8,0.65,0.85,68.0,Not Placed,C,A
0.1,0.1166666666666667,0.19999999999999996,0.20000000000000004,0.0,0.3999999999999999,47.48,Not Placed,F,D
0.5000000000000001,0.06666666666666665,0.40000000000000013,0.4,0.0,0.3999999999999999,64.28,Not Placed,C,D
1.0,0.09999999999999998,1.0,0.30000000000000004,0.1,0.9999999999999999,100.0,Placed,A,A
0.1,0.25,1.0,0.8,0.7000000000000001,0.4999999999999999,74.15,Placed,B,C
0.9,0.9,0.19999999999999996,0.4,0.2,0.9499999999999998,100.0,Placed,A,A
0.4,0.21666666666666667,1.0,0.9,0.2,0.21666666666666667,67.46,Not Placed,C,F
0.4,0.6,0.8,0.1,0.15000000000000002,0.2666666666666666,49.6,Not Placed,F,D
0.5000000000000001,0.9166666666666666,0.8,0.9,0.65,0.25,90.99,Placed,A,D
0.5000000000000001,0.6666666666666666,0.40000000000000013,0.0,0.9500000000000001,0.44999999999999984,100.0,Placed,A,C
0.5000000000000001,0.050000000000000044,0.6000000000000001,0.6000000000000001,0.30000000000000004,0.1333333333333333,63.74,Not Placed,C,F
0.1,0.5833333333333334,0.8,1.0,0.7000000000000001,0.8333333333333334,93.42,Placed,A,A
0.9,0.7833333333333333,1.0,0.0,0.5,0.9833333333333333,100.0,Placed,A,A
0.20000000000000004,0.9166666666666666,0.40000000000000013,0.7000000000000001,0.65,0.016666666666666607,81.98,Placed,A,F
0.5000000000000001,0.2666666666666667,0.8,0.8,0.25,0.04999999999999993,62.35,Not Placed,C,F
0.7000000000000001,0.7666666666666667,0.0,0.6000000000000001,0.45,0.31666666666666665,99.61,Placed,A,D
1.0,0.5833333333333334,0.40000000000000013,0.8,0.30000000000000004,0.6666666666666666,100.0,Placed,A,B
0.0,0.08333333333333337,0.19999999999999996,0.9,0.45,0.5833333333333334,66.71,Not Placed,C,B
0.0,0.25,0.8,0.5000000000000001,0.65,0.6,76.27,Placed,B,B
1.0,0.4666666666666667,0.19999999999999996,0.6000000000000001,0.2,0.08333333333333326,79.91,Placed,B,F
0.1,0.5833333333333334,0.40000000000000013,0.20000000000000004,0.0,0.85,78.68,Placed,B,A
1.0,0.6166666666666666,0.8,0.8,0.9,0.0,100.0,Placed,A,F
0.5000000000000001,0.6,0.19999999999999996,0.20000000000000004,0.35000000000000003,0.7333333333333333,89.99,Placed,A,B
0.8,0.7833333333333333,0.6000000000000001,0.5000000000000001,0.9,0.8166666666666665,100.0,Placed,A,A
0.30000000000000004,0.9333333333333335,0.6000000000000001,0.30000000000000004,0.8,0.033333333333333326,88.23,Placed,A,F
0.20000000000000004,0.7833333333333333,0.0,0.8,0.9,0.85,84.93,Placed,A,A
0.7000000000000001,0.15000000000000002,1.0,0.0,0.75,0.6,100.0,Placed,A,B
1.0,0.6666666666666666,0.40000000000000013,0.8,0.15000000000000002,0.7333333333333333,100.0,Placed,A,B
0.9,0.5833333333333334,1.0,0.30000000000000004,0.35000000000000003,0.6833333333333332,96.55,Placed,A,B
0.8,0.4666666666666667,1.0,0.9,0.15000000000000002,0.9499999999999998,100.0,Placed,A,A
1.0,0.21666666666666667,0.19999999999999996,0.4,0.6000000000000001,0.033333333333333326,100.0,Placed,A,F
0.4,0.050000000000000044,0.0,1.0,0.30000000000000004,0.6999999999999998,58.26,Not Placed,D,B
0.8,0.7166666666666667,0.40000000000000013,0.0,0.0,0.5333333333333333,100.0,Placed,A,C
0.1,0.9166666666666666,0.6000000000000001,0.0,0.4,0.9666666666666667,100.0,Placed,A,A
0.20000000000000004,0.6833333333333335,1.0,0.5000000000000001,0.15000000000000002,0.9666666666666667,93.12,Placed,A,A
0.6000000000000001,0.5833333333333334,0.19999999999999996,0.9,0.65,0.23333333333333328,100.0,Placed,A,F
0.6000000000000001,0.8166666666666668,1.0,0.0,0.4,0.9166666666666666,100.0,Placed,A,A
0.5000000000000001,0.7333333333333333,0.8,0.1,0.1,0.9166666666666666,100.0,Placed,A,A
0.5000000000000001,0.20000000000000007,0.6000000000000001,0.20000000000000004,0.7000000000000001,0.9999999999999999,100.0,Placed,A,A
0.1,0.7500000000000001,1.0,0.6000000000000001,0.2,0.04999999999999993,69.38,Not Placed,C,F
0.9,0.2833333333333333,0.8,0.1,0.0,0.23333333333333328,100.0,Placed,A,F
0.5000000000000001,0.5333333333333333,0.8,0.4,0.5,0.09999999999999998,91.57,Placed,A,F
0.30000000000000004,0.33333333333333337,0.19999999999999996,0.8,0.9,0.7666666666666667,100.0,Placed,A,A
0.20000000000000004,0.25,0.19999999999999996,0.9,0.2,0.04999999999999993,36.52,Not Placed,F,F
1.0,0.2333333333333334,0.8,0.7000000000000001,0.8,0.033333333333333326,100.0,Placed,A,F
0.1,0.8833333333333334,0.0,0.7000000000000001,0.9,0.3666666666666666,100.0,Placed,A,D
0.0,0.9333333333333335,1.0,1.0,0.8,0.21666666666666667,62.6,Not Placed,C,F
1.0,0.06666666666666665,0.8,0.1,0.2,0.08333333333333326,85.1,Placed,A,F
1.0,1.0,0.8,0.0,0.9500000000000001,0.5333333333333333,100.0,Placed,A,C
0.4,0.08333333333333337,0.19999999999999996,0.8,0.4,0.1333333333333333,60.83,Not Placed,C,F
0.1,0.6166666666666666,1.0,0.9,0.25,0.18333333333333324,61.92,Not Placed,C,F
0.1,0.033333333333333326,0.40000000000000013,0.30000000000000004,1.0,0.8166666666666665,100.0,Placed,A,A
0.6000000000000001,0.7833333333333333,0.6000000000000001,0.8,0.6000000000000001,0.9999999999999999,100.0,Placed,A,A
0.7000000000000001,0.18333333333333335,0.19999999999999996,1.0,1.0,0.5666666666666665,98.01,Placed,A,C
0.9,0.5833333333333334,1.0,1.0,0.5,0.8666666666666666,100.0,Placed,A,A
0.7000000000000001,0.5333333333333333,1.0,0.6000000000000001,0.0,0.4999999999999999,79.93,Placed,B,C
0.30000000000000004,0.5833333333333334,0.0,0.5000000000000001,0.8,0.8333333333333334,91.69,Placed,A,A
0.0,0.5333333333333333,0.6000000000000001,0.9,0.25,0.033333333333333326,38.15,Not Placed,F,F
1.0,0.5000000000000001,0.19999999999999996,0.8,0.1,0.9166666666666666,94.59,Placed,A,A
0.6000000000000001,0.33333333333333337,0.19999999999999996,0.9,0.75,0.7499999999999999,98.59,Placed,A,A
0.0,0.43333333333333346,0.40000000000000013,0.30000000000000004,0.6000000000000001,0.5833333333333334,68.51,Not Placed,C,B
1.0,0.43333333333333346,0.0,0.0,0.55,0.19999999999999996,100.0,Placed,A,F
0.30000000000000004,0.1166666666666667,0.0,0.4,0.5,0.19999999999999996,61.86,Not Placed,C,F
0.7000000000000001,0.9166666666666666,1.0,0.5000000000000001,0.05,0.9499999999999998,94.31,Placed,A,A
0.1,0.6,1.0,0.5000000000000001,0.9,0.5499999999999999,100.0,Placed,A,C
0.5000000000000001,0.5166666666666667,0.19999999999999996,0.0,0.35000000000000003,0.33333333333333326,100.0,Placed,A,D
0.5000000000000001,0.41666666666666663,0.40000000000000013,0.6000000000000001,0.6000000000000001,0.5499999999999999,89.0,Placed,A,C
0.8,0.01666666666666672,0.19999999999999996,0.7000000000000001,0.65,0.6833333333333332,100.0,Placed,A,B
0.4,0.18333333333333335,0.8,0.4,0.7000000000000001,0.6999999999999998,100.0,Placed,A,B
0.9,0.35,1.0,0.1,0.8,0.44999999999999984,100.0,Placed,A,C
0.30000000000000004,0.2666666666666667,0.8,0.1,0.7000000000000001,0.9166666666666666,100.0,Placed,A,A
0.4,0.09999999999999998,0.40000000000000013,1.0,1.0,0.7666666666666667,78.95,Placed,B,A
0.9,0.7000000000000001,0.19999999999999996,0.4,0.45,0.5666666666666665,100.0,Placed,A,C
1.0,0.050000000000000044,1.0,0.6000000000000001,0.0,0.21666666666666667,77.55,Placed,B,F
0.4,0.6,0.40000000000000013,0.6000000000000001,0.55,0.2833333333333333,72.39,Placed,B,D
0.7000000000000001,0.6166666666666666,0.19999999999999996,0.30000000000000004,0.4,0.29999999999999993,85.61,Placed,A,D
0.9,0.5166666666666667,0.19999999999999996,1.0,0.2,0.29999999999999993,90.43,Placed,A,D
0.7000000000000001,0.16666666666666674,0.8,0.20000000000000004,0.7000000000000001,0.5333333333333333,100.0,Placed,A,C
0.1,0.0,0.6000000000000001,0.8,0.1,0.8333333333333334,67.29,Not Placed,C,A
0.6000000000000001,0.4,0.0,0.6000000000000001,0.9,0.5666666666666665,86.68,Placed,A,C
0.7000000000000001,0.6833333333333335,1.0,0.1,0.30000000000000004,0.31666666666666665,100.0,Placed,A,D
1.0,0.85,0.0,0.0,0.30000000000000004,0.4666666666666667,100.0,Placed,A,C
0.5000000000000001,0.3833333333333334,0.40000000000000013,1.0,0.30000000000000004,0.11666666666666659,61.68,Not Placed,C,F
0.4,0.8666666666666666,0.0,0.1,0.05,0.3999999999999999,76.12,Placed,B,D
1.0,0.7000000000000001,0.8,0.20000000000000004,0.05,0.2666666666666666,100.0,Placed,A,D
0.8,0.9166666666666666,0.6000000000000001,0.4,0.55,0.0,100.0,Placed,A,F
0.20000000000000004,0.2666666666666667,1.0,0.20000000000000004,0.2,0.6166666666666666,85.64,Placed,A,B
0.9,0.1166666666666667,0.19999999999999996,0.9,0.15000000000000002,0.7999999999999999,100.0,Placed,A,A
0.30000000000000004,0.9666666666666667,0.19999999999999996,0.8,0.30000000000000004,0.9833333333333333,100.0,Placed,A,A
0.8,0.7333333333333333,0.8,0.9,0.75,0.8666666666666666,100.0,Placed,A,A
0.5000000000000001,0.43333333333333346,1.0,0.30000000000000004,0.1,0.4833333333333333,81.57,Placed,A,C
0.7000000000000001,0.85,0.0,0.6000000000000001,1.0,0.44999999999999984,100.0,Placed,A,C
0.6000000000000001,0.2833333333333333,0.19999999999999996,0.30000000000000004,0.05,0.5333333333333333,73.06,Placed,B,C
1.0,0.43333333333333346,0.0,0.20000000000000004,0.8,0.19999999999999996,100.0,Placed,A,F
0.1,0.35,0.8,0.9,0.4,0.3833333333333333,66.49,Not Placed,C,D
0.20000000000000004,0.25,0.19999999999999996,0.0,0.9500000000000001,0.7166666666666667,88.94,Placed,A,B
0.0,0.01666666666666672,0.40000000000000013,0.8,0.35000000000000003,0.6,52.08,Not Placed,D,B
0.8,0.06666666666666665,0.6000000000000001,1.0,0.55,0.35,86.16,Placed,A,D
0.6000000000000001,0.2833333333333333,0.0,0.0,0.30000000000000004,0.85,89.75,Placed,A,A
0.0,0.033333333333333326,1.0,1.0,0.65,0.19999999999999996,57.14,Not Placed,D,F
0.20000000000000004,0.43333333333333346,0.0,0.0,0.75,0.65,86.39,Placed,A,B
0.30000000000000004,0.8833333333333334,0.0,0.0,0.0,0.18333333333333324,89.53,Placed,A,F
0.30000000000000004,0.2666666666666667,0.0,0.4,0.45,0.9333333333333332,100.0,Placed,A,A
0.4,0.25,0.8,0.6000000000000001,0.5,0.6666666666666666,84.84,Placed,A,B
0.20000000000000004,0.08333333333333337,0.8,0.6000000000000001,0.30000000000000004,0.7999999999999999,70.73,Placed,B,A
0.20000000000000004,0.8333333333333334,1.0,0.9,0.8500000000000001,0.7499999999999999,100.0,Placed,A,A
0.0,0.09999999999999998,0.8,0.0,0.9,0.09999999999999998,78.39,Placed,B,F
0.6000000000000001,0.8166666666666668,1.0,0.5000000000000001,0.65,0.5833333333333334,100.0,Placed,A,B
1.0,0.21666666666666667,1.0,0.8,0.8,0.4666666666666667,100.0,Placed,A,C
0.9,0.6166666666666666,0.8,0.5000000000000001,0.9,0.4666666666666667,100.0,Placed,A,C
0.0,0.65,0.19999999999999996,0.30000000000000004,0.6000000000000001,0.41666666666666663,66.22,Not Placed,C,C
0.1,0.2333333333333334,0.8,0.9,0.1,0.43333333333333324,49.66,Not Placed,F,C
0.30000000000000004,0.7666666666666667,0.19999999999999996,0.8,0.05,0.3833333333333333,51.29,Not Placed,D,D
0.30000000000000004,0.7666666666666667,0.40000000000000013,0.20000000000000004,0.4,0.4999999999999999,84.19,Placed,A,C
0.4,0.7833333333333333,0.8,0.9,0.30000000000000004,0.09999999999999998,75.87,Placed,B,F
1.0,0.5333333333333333,0.40000000000000013,0.30000000000000004,0.65,0.2666666666666666,100.0,Placed,A,D
0.1,0.7000000000000001,0.8,0.30000000000000004,0.2,0.7999999999999999,95.53,Placed,A,A
0.30000000000000004,0.43333333333333346,0.40000000000000013,0.30000000000000004,0.9500000000000001,0.5333333333333333,89.56,Placed,A,C
0.0,0.4666666666666667,0.6000000000000001,0.5000000000000001,0.7000000000000001,0.5499999999999999,63.08,Not Placed,C,C
0.1,0.9333333333333335,0.40000000000000013,1.0,0.9500000000000001,0.9499999999999998,100.0,Placed,A,A
0.0,0.6,0.19999999999999996,1.0,0.0,0.2833333333333333,42.56,Not Placed,F,D
0.9,0.06666666666666665,0.0,0.6000000000000001,0.9500000000000001,0.6666666666666666,100.0,Placed,A,B
0.9,0.4666666666666667,1.0,0.8,0.30000000000000004,0.06666666666666665,93.02,Placed,A,F
0.30000000000000004,0.5166666666666667,0.40000000000000013,1.0,0.2,0.0,68.9,Not Placed,C,F
0.30000000000000004,0.9833333333333333,0.0,0.20000000000000004,0.15000000000000002,0.09999999999999998,69.6,Not Placed,C,F
0.6000000000000001,0.8666666666666666,0.6000000000000001,0.7000000000000001,0.5,0.9499999999999998,100.0,Placed,A,A
0.9,0.08333333333333337,0.6000000000000001,0.7000000000000001,0.9,0.5499999999999999,100.0,Placed,A,C
1.0,0.01666666666666672,0.19999999999999996,0.0,0.25,0.033333333333333326,92.22,Placed,A,F
1.0,0.08333333333333337,0.19999999999999996,0.4,0.9500000000000001,0.5833333333333334,100.0,Placed,A,B
0.8,0.7500000000000001,0.40000000000000013,0.9,0.8500000000000001,0.5666666666666665,100.0,Placed,A,C
0.8,0.7000000000000001,0.8,0.4,0.2,0.8333333333333334,100.0,Placed,A,A
0.4,0.050000000000000044,0.6000000000000001,0.7000000000000001,0.9500000000000001,0.9333333333333332,100.0,Placed,A,A
0.9,0.9166666666666666,0.0,0.7000000000000001,0.7000000000000001,0.18333333333333324,100.0,Placed,A,F
0.0,0.4666666666666667,0.8,0.1,1.0,0.23333333333333328,100.0,Placed,A,F
0.0,0.9666666666666667,0.6000000000000001,0.20000000000000004,0.9500000000000001,0.04999999999999993,81.7,Placed,A,F
0.5000000000000001,0.4,0.40000000000000013,0.1,0.25,0.9166666666666666,100.0,Placed,A,A
0.1,0.13333333333333341,0.6000000000000001,0.0,0.15000000000000002,0.5333333333333333,67.23,Not Placed,C,C
0.7000000000000001,0.9166666666666666,0.19999999999999996,0.1,0.8,0.25,100.0,Placed,A,D
0.8,0.033333333333333326,0.0,0.9,0.7000000000000001,0.4666666666666667,89.58,Placed,A,C
0.30000000000000004,0.41666666666666663,0.0,0.5000000000000001,0.8500000000000001,0.08333333333333326,60.14,Not Placed,C,F
0.4,0.7833333333333333,0.19999999999999996,0.0,0.25,0.7999999999999999,100.0,Placed,A,A
1.0,0.7000000000000001,0.8,0.5000000000000001,0.9500000000000001,0.6,100.0,Placed,A,B
0.7000000000000001,0.43333333333333346,0.19999999999999996,0.0,0.9,0.3666666666666666,91.18,Placed,A,D
0.20000000000000004,0.5833333333333334,0.0,0.1,0.55,0.19999999999999996,73.54,Placed,B,F
0.4,0.5166666666666667,0.40000000000000013,0.7000000000000001,0.4,0.7166666666666667,90.26,Placed,A,B
0.20000000000000004,0.0,0.8,0.5000000000000001,0.35000000000000003,0.0,65.85,Not Placed,C,F
0.9,0.9333333333333335,1.0,0.8,0.7000000000000001,0.9333333333333332,100.0,Placed,A,A
0.20000000000000004,0.8666666666666666,0.6000000000000001,0.0,0.0,0.18333333333333324,68.33,Not Placed,C,F
0.20000000000000004,0.8833333333333334,1.0,0.4,0.05,0.43333333333333324,81.48,Placed,A,C
0.6000000000000001,0.25,0.40000000000000013,0.6000000000000001,0.1,0.3999999999999999,67.89,Not Placed,C,D
0.6000000000000001,0.8333333333333334,1.0,0.8,0.9,0.35,100.0,Placed,A,D
0.6000000000000001,0.7833333333333333,0.8,1.0,0.45,0.5499999999999999,98.63,Placed,A,C
0.9,0.16666666666666674,0.0,0.8,0.65,0.2833333333333333,94.44,Placed,A,D
0.7000000000000001,0.41666666666666663,0.0,0.30000000000000004,0.9,0.6666666666666666,100.0,Placed,A,B
0.4,0.65,0.40000000000000013,0.30000000000000004,0.5,0.25,85.66,Placed,A,D
0.4,0.9,1.0,0.30000000000000004,1.0,0.4666666666666667,100.0,Placed,A,C
0.30000000000000004,0.0,0.8,0.20000000000000004,0.25,0.4833333333333333,57.46,Not Placed,D,C
0.6000000000000001,0.41666666666666663,0.6000000000000001,0.7000000000000001,0.9,0.4833333333333333,100.0,Placed,A,C
0.9,0.45000000000000007,1.0,0.4,0.65,0.31666666666666665,100.0,Placed,A,D
0.30000000000000004,0.8666666666666666,1.0,0.6000000000000001,0.35000000000000003,0.7666666666666667,75.57,Placed,B,A
0.1,0.9500000000000001,0.6000000000000001,0.9,0.05,0.35,59.77,Not Placed,D,D
0.30000000000000004,0.13333333333333341,0.19999999999999996,0.5000000000000001,0.8500000000000001,0.9999999999999999,100.0,Placed,A,A
0.7000000000000001,0.9833333333333333,0.40000000000000013,0.8,0.15000000000000002,0.6833333333333332,100.0,Placed,A,B
0.8,0.9666666666666667,0.8,0.20000000000000004,0.1,0.5499999999999999,100.0,Placed,A,C
0.20000000000000004,0.7166666666666667,0.40000000000000013,0.5000000000000001,0.05,0.04999999999999993,43.43,Not Placed,F,F
0.6000000000000001,0.35,0.6000000000000001,0.20000000000000004,0.15000000000000002,0.8166666666666665,95.6,Placed,A,A
0.8,0.1166666666666667,0.8,0.1,0.8500000000000001,0.4999999999999999,100.0,Placed,A,C
1.0,0.9500000000000001,0.0,0.20000000000000004,0.5,0.8333333333333334,100.0,Placed,A,A
0.30000000000000004,0.7999999999999999,0.0,0.1,0.4,0.8166666666666665,100.0,Placed,A,A
0.9,0.6833333333333335,0.8,0.1,0.35000000000000003,0.21666666666666667,99.64,Placed,A,F
0.20000000000000004,0.43333333333333346,0.40000000000000013,0.9,1.0,0.11666666666666659,78.63,Placed,B,F
0.4,0.6333333333333334,0.40000000000000013,1.0,0.35000000000000003,0.6,76.66,Placed,B,B
0.0,0.30000000000000004,0.0,0.6000000000000001,0.2,0.06666666666666665,52.63,Not Placed,D,F
0.20000000000000004,0.4,0.0,0.9,0.6000000000000001,0.11666666666666659,43.66,Not Placed,F,F
0.7000000000000001,0.6166666666666666,0.6000000000000001,0.20000000000000004,0.30000000000000004,0.16666666666666663,100.0,Placed,A,F
1.0,0.33333333333333337,0.8,0.7000000000000001,1.0,0.9166666666666666,100.0,Placed,A,A
0.7000000000000001,0.3833333333333334,0.40000000000000013,0.1,0.2,0.4666666666666667,97.65,Placed,A,C
0.30000000000000004,0.3833333333333334,0.6000000000000001,1.0,0.6000000000000001,0.9,91.57,Placed,A,A
0.1,0.9833333333333333,0.40000000000000013,1.0,0.9500000000000001,0.33333333333333326,66.59,Not Placed,C,D
0.7000000000000001,0.9833333333333333,0.0,0.6000000000000001,0.75,0.6333333333333332,100.0,Placed,A,B
0.7000000000000001,0.30000000000000004,0.8,0.20000000000000004,0.65,0.19999999999999996,100.0,Placed,A,F
0.9,0.8166666666666668,0.19999999999999996,0.8,0.2,0.7999999999999999,100.0,Placed,A,A
0.30000000000000004,0.7666666666666667,0.8,0.6000000000000001,0.9,0.29999999999999993,91.07,Placed,A,D
0.20000000000000004,0.01666666666666672,1.0,0.8,0.15000000000000002,0.033333333333333326,65.43,Not Placed,C,F
0.1,0.21666666666666667,0.19999999999999996,0.1,0.5,0.5499999999999999,65.03,Not Placed,C,C
0.8,0.8666666666666666,0.6000000000000001,0.5000000000000001,0.05,0.6166666666666666,100.0,Placed,A,B
0.0,0.5166666666666667,0.19999999999999996,0.4,0.6000000000000001,0.29999999999999993,73.78,Placed,B,D
0.6000000000000001,0.6833333333333335,0.19999999999999996,0.1,0.75,0.5166666666666667,100.0,Placed,A,C
0.4,0.5166666666666667,0.6000000000000001,0.30000000000000004,0.4,0.7666666666666667,100.0,Placed,A,A
0.7000000000000001,0.45000000000000007,0.8,0.30000000000000004,0.75,0.5833333333333334,100.0,Placed,A,B
0.30000000000000004,0.7833333333333333,0.6000000000000001,0.7000000000000001,0.30000000000000004,0.8333333333333334,95.33,Placed,A,A
0.6000000000000001,0.6333333333333334,1.0,0.6000000000000001,0.75,0.6333333333333332,100.0,Placed,A,B
0.4,0.65,0.0,0.4,0.6000000000000001,0.85,100.0,Placed,A,A
0.4,0.6833333333333335,0.0,0.8,0.2,0.8666666666666666,81.33,Placed,A,A
0.8,0.7666666666666667,0.19999999999999996,0.0,0.7000000000000001,0.21666666666666667,100.0,Placed,A,F
0.8,0.65,0.6000000000000001,0.30000000000000004,0.30000000000000004,0.09999999999999998,95.29,Placed,A,F
0.8,0.20000000000000007,0.6000000000000001,0.4,0.8500000000000001,0.31666666666666665,88.48,Placed,A,D
0.5000000000000001,0.18333333333333335,0.6000000000000001,0.7000000000000001,0.9500000000000001,0.5166666666666667,90.35,Placed,A,C
0.5000000000000001,0.1166666666666667,1.0,0.20000000000000004,0.05,0.7499999999999999,97.51,Placed,A,A
0.4,0.2333333333333334,1.0,0.4,0.35000000000000003,0.8833333333333332,100.0,Placed,A,A
0.8,0.41666666666666663,0.8,0.20000000000000004,0.45,0.9333333333333332,100.0,Placed,A,A
0.9,0.18333333333333335,0.40000000000000013,0.6000000000000001,0.45,0.4999999999999999,92.97,Placed,A,C
0.7000000000000001,0.7000000000000001,0.40000000000000013,0.9,0.5,0.35,87.86,Placed,A,D
0.6000000000000001,0.8333333333333334,0.40000000000000013,0.20000000000000004,1.0,0.06666666666666665,100.0,Placed,A,F
0.6000000000000001,0.7500000000000001,0.8,0.6000000000000001,1.0,0.4999999999999999,100.0,Placed,A,C
0.5000000000000001,0.43333333333333346,0.6000000000000001,0.1,0.35000000000000003,0.23333333333333328,79.36,Placed,B,F
0.4,0.2833333333333333,0.40000000000000013,0.6000000000000001,0.75,0.7166666666666667,95.19,Placed,A,B
0.30000000000000004,0.7333333333333333,0.6000000000000001,0.8,0.75,0.9999999999999999,90.46,Placed,A,A
0.20000000000000004,0.5833333333333334,0.19999999999999996,0.4,0.8,0.2666666666666666,83.72,Placed,A,D
0.20000000000000004,0.7999999999999999,0.40000000000000013,0.5000000000000001,0.25,0.9166666666666666,76.26,Placed,B,A
0.5000000000000001,0.8333333333333334,0.19999999999999996,0.9,0.8500000000000001,0.8666666666666666,100.0,Placed,A,A
0.30000000000000004,0.43333333333333346,0.8,1.0,0.8,0.6,85.8,Placed,A,B
0.5000000000000001,0.13333333333333341,0.0,0.20000000000000004,0.55,0.29999999999999993,78.69,Placed,B,D
0.20000000000000004,0.9,1.0,0.9,0.7000000000000001,0.1499999999999999,79.16,Placed,B,F
0.30000000000000004,0.6333333333333334,0.8,0.4,0.30000000000000004,0.7166666666666667,90.55,Placed,A,B
0.8,0.0,0.8,0.4,0.65,0.5499999999999999,100.0,Placed,A,C
0.4,0.09999999999999998,0.8,0.20000000000000004,0.15000000000000002,0.7999999999999999,92.57,Placed,A,A
0.6000000000000001,0.41666666666666663,0.40000000000000013,0.7000000000000001,0.8,0.3999999999999999,100.0,Placed,A,D
0.9,0.09999999999999998,0.19999999999999996,0.5000000000000001,0.5,0.6,99.25,Placed,A,B
0.1,0.85,1.0,0.20000000000000004,0.25,0.9499999999999998,93.29,Placed,A,A
0.4,0.09999999999999998,0.40000000000000013,0.0,0.45,0.44999999999999984,84.98,Placed,A,C
0.8,0.1166666666666667,0.0,0.9,0.7000000000000001,0.23333333333333328,71.37,Placed,B,F
1.0,0.25,1.0,0.0,0.25,0.31666666666666665,100.0,Placed,A,D
0.20000000000000004,0.033333333333333326,0.8,1.0,0.75,0.9,81.75,Placed,A,A
0.8,0.7333333333333333,0.6000000000000001,0.9,0.55,0.19999999999999996,98.06,Placed,A,F
1.0,0.15000000000000002,0.0,0.1,0.9,0.31666666666666665,100.0,Placed,A,D
0.5000000000000001,0.8166666666666668,0.19999999999999996,0.9,0.75,0.6999999999999998,94.28,Placed,A,B
0.30000000000000004,0.09999999999999998,0.0,0.4,0.65,0.4999999999999999,69.89,Not Placed,C,C
0.6000000000000001,0.33333333333333337,0.40000000000000013,0.6000000000000001,0.25,0.2833333333333333,81.8,Placed,A,D
0.7000000000000001,0.8666666666666666,0.6000000000000001,0.0,0.4,0.6666666666666666,100.0,Placed,A,B
0.5000000000000001,0.6,0.40000000000000013,0.0,0.0,0.7833333333333333,100.0,Placed,A,A
0.4,0.5000000000000001,1.0,0.30000000000000004,0.35000000000000003,0.9166666666666666,100.0,Placed,A,A
0.5000000000000001,0.3666666666666666,0.8,0.9,0.30000000000000004,0.44999999999999984,85.75,Placed,A,C
0.4,0.9333333333333335,0.8,0.5000000000000001,0.65,0.7666666666666667,100.0,Placed,A,A
0.7000000000000001,0.43333333333333346,0.0,0.8,0.35000000000000003,0.04999999999999993,78.16,Placed,B,F
0.0,0.9166666666666666,0.8,0.0,0.5,0.3833333333333333,89.83,Placed,A,D
1.0,0.35,0.8,1.0,0.4,0.7166666666666667,79.17,Placed,B,B
0.6000000000000001,0.6333333333333334,1.0,0.9,0.9,0.7333333333333333,100.0,Placed,A,B
0.9,0.9333333333333335,0.19999999999999996,0.4,0.30000000000000004,0.1333333333333333,100.0,Placed,A,F
0.9,0.43333333333333346,0.19999999999999996,0.8,0.25,0.7666666666666667,91.28,Placed,A,A
1.0,0.8833333333333334,0.40000000000000013,0.7000000000000001,0.8500000000000001,0.8166666666666665,100.0,Placed,A,A
0.1,0.7999999999999999,0.40000000000000013,0.6000000000000001,0.2,0.85,85.59,Placed,A,A
0.8,0.050000000000000044,0.19999999999999996,0.9,0.9,0.5166666666666667,100.0,Placed,A,C
0.0,0.3833333333333334,0.0,0.1,0.5,0.9666666666666667,79.61,Placed,B,A
1.0,0.3666666666666666,0.19999999999999996,0.8,0.2,0.5166666666666667,78.62,Placed,B,C
0.9,0.7833333333333333,0.40000000000000013,0.7000000000000001,0.4,0.8833333333333332,100.0,Placed,A,A
0.5000000000000001,0.30000000000000004,0.6000000000000001,1.0,0.35000000000000003,0.6333333333333332,77.7,Placed,B,B
0.8,0.6833333333333335,0.8,0.9,0.5,0.33333333333333326,93.63,Placed,A,D
0.0,0.033333333333333326,1.0,0.9,0.25,0.9499999999999998,64.08,Not Placed,C,A
0.30000000000000004,0.43333333333333346,0.6000000000000001,0.8,0.7000000000000001,0.7166666666666667,87.73,Placed,A,B
0.30000000000000004,0.033333333333333326,0.6000000000000001,0.8,0.25,0.6833333333333332,67.52,Not Placed,C,B
0.8,0.45000000000000007,0.8,0.8,0.5,0.9999999999999999,100.0,Placed,A,A
1.0,0.2666666666666667,0.19999999999999996,0.20000000000000004,0.7000000000000001,0.6333333333333332,100.0,Placed,A,B
0.4,0.5000000000000001,0.0,0.6000000000000001,0.55,0.7499999999999999,91.76,Placed,A,A
0.4,0.15000000000000002,0.6000000000000001,0.0,0.4,0.43333333333333324,86.6,Placed,A,C
0.5000000000000001,0.7999999999999999,0.0,0.8,0.45,0.7666666666666667,97.66,Placed,A,A
0.0,0.35,1.0,0.8,0.7000000000000001,0.5833333333333334,64.76,Not Placed,C,B
0.0,0.4833333333333333,1.0,0.20000000000000004,0.8,0.11666666666666659,90.04,Placed,A,F
0.8,0.7999999999999999,1.0,0.4,0.75,0.29999999999999993,100.0,Placed,A,D
0.20000000000000004,0.33333333333333337,0.40000000000000013,0.7000000000000001,0.35000000000000003,0.4666666666666667,58.48,Not Placed,D,C
0.30000000000000004,0.5833333333333334,0.6000000000000001,0.5000000000000001,0.8,0.29999999999999993,83.75,Placed,A,D
0.0,0.8666666666666666,1.0,0.9,0.5,0.06666666666666665,62.71,Not Placed,C,F
0.8,0.3666666666666666,0.40000000000000013,0.9,0.5,0.35,94.99,Placed,A,D
0.7000000000000001,0.6166666666666666,1.0,0.8,0.25,0.5666666666666665,96.04,Placed,A,C
0.1,0.18333333333333335,0.19999999999999996,0.20000000000000004,0.05,0.1499999999999999,43.65,Not Placed,F,F
0.7000000000000001,0.4,0.6000000000000001,0.6000000000000001,0.0,0.23333333333333328,82.26,Placed,A,F
0.6000000000000001,0.8833333333333334,0.40000000000000013,0.5000000000000001,0.9500000000000001,0.016666666666666607,100.0,Placed,A,F
1.0,0.9333333333333335,1.0,0.4,0.25,0.8666666666666666,100.0,Placed,A,A
0.5000000000000001,0.31666666666666665,0.40000000000000013,0.30000000000000004,0.2,0.6833333333333332,86.74,Placed,A,B
0.0,0.7999999999999999,1.0,0.4,0.4,0.35,76.39,Placed,B,D
0.6000000000000001,0.7999999999999999,0.19999999999999996,0.30000000000000004,0.2,0.7833333333333333,94.06,Placed,A,A
0.9,0.6833333333333335,0.0,0.20000000000000004,0.8500000000000001,0.5666666666666665,100.0,Placed,A,C
0.6000000000000001,0.09999999999999998,1.0,0.6000000000000001,0.9,0.6333333333333332,97.18,Placed,A,B
0.8,0.4666666666666667,0.0,0.5000000000000001,0.7000000000000001,0.29999999999999993,100.0,Placed,A,D
0.0,0.7833333333333333,0.6000000000000001,0.30000000000000004,0.7000000000000001,0.7666666666666667,98.96,Placed,A,A
0.1,0.4666666666666667,0.19999999999999996,0.8,0.4,0.18333333333333324,60.24,Not Placed,C,F
1.0,0.20000000000000007,0.6000000000000001,0.0,0.65,0.9999999999999999,100.0,Placed,A,A
0.8,0.033333333333333326,0.0,0.0,0.2,0.5499999999999999,100.0,Placed,A,C
0.8,0.01666666666666672,0.19999999999999996,0.8,0.8,0.7333333333333333,97.62,Placed,A,B
0.5000000000000001,0.25,0.8,0.6000000000000001,0.7000000000000001,0.9499999999999998,97.4,Placed,A,A
0.5000000000000001,0.4833333333333333,0.19999999999999996,0.1,0.9500000000000001,0.31666666666666665,99.31,Placed,A,D
0.30000000000000004,0.6166666666666666,0.19999999999999996,1.0,0.8,0.8333333333333334,100.0,Placed,A,A
0.30000000000000004,0.08333333333333337,0.8,0.9,0.4,0.09999999999999998,76.23,Placed,B,F
0.4,0.7333333333333333,0.40000000000000013,0.4,0.6000000000000001,0.3833333333333333,100.0,Placed,A,D
0.20000000000000004,0.09999999999999998,0.40000000000000013,0.30000000000000004,0.6000000000000001,0.033333333333333326,52.71,Not Placed,D,F
0.0,0.06666666666666665,0.40000000000000013,0.0,0.2,0.08333333333333326,49.41,Not Placed,F,F
0.0,0.9166666666666666,0.0,0.8,0.65,0.5333333333333333,71.19,Placed,B,C
0.6000000000000001,0.09999999999999998,0.19999999999999996,0.5000000000000001,0.30000000000000004,0.8666666666666666,92.37,Placed,A,A
0.0,0.5499999999999999,1.0,1.0,0.2,0.5499999999999999,60.98,Not Placed,C,C
0.0,0.5166666666666667,0.8,0.5000000000000001,0.55,0.5333333333333333,85.15,Placed,A,C
0.20000000000000004,0.7999999999999999,1.0,0.30000000000000004,0.1,0.4666666666666667,75.25,Placed,B,C
0.9,0.20000000000000007,0.0,0.1,0.4,0.3666666666666666,87.56,Placed,A,D
0.30000000000000004,0.4833333333333333,0.8,0.7000000000000001,0.45,0.9499999999999998,100.0,Placed,A,A
0.30000000000000004,0.4,1.0,0.7000000000000001,0.0,0.04999999999999993,58.48,Not Placed,D,F
0.1,0.33333333333333337,0.0,0.20000000000000004,0.65,0.06666666666666665,74.35,Placed,B,F
0.0,0.9833333333333333,0.0,0.6000000000000001,0.0,0.5499999999999999,48.98,Not Placed,F,C
0.20000000000000004,0.9666666666666667,0.0,0.6000000000000001,0.45,0.25,64.97,Not Placed,C,D
1.0,0.33333333333333337,0.8,0.4,0.5,0.65,100.0,Placed,A,B
0.30000000000000004,0.45000000000000007,1.0,0.4,0.9500000000000001,0.7666666666666667,100.0,Placed,A,A
0.20000000000000004,0.7833333333333333,1.0,0.7000000000000001,0.05,0.6999999999999998,72.03,Placed,B,B
0.7000000000000001,0.9500000000000001,0.6000000000000001,0.30000000000000004,0.05,0.9999999999999999,100.0,Placed,A,A
0.9,0.31666666666666665,0.0,0.0,0.5,0.6833333333333332,100.0,Placed,A,B
0.0,0.5499999999999999,0.40000000000000013,0.0,0.35000000000000003,0.033333333333333326,52.0,Not Placed,D,F
0.1,0.06666666666666665,0.19999999999999996,0.8,0.1,0.9,51.43,Not Placed,D,A
0.6000000000000001,0.2833333333333333,0.6000000000000001,0.30000000000000004,0.4,0.6999999999999998,99.27,Placed,A,B
0.30000000000000004,0.9833333333333333,0.6000000000000001,0.0,0.75,0.7999999999999999,100.0,Placed,A,A
0.7000000000000001,0.6333333333333334,0.8,0.1,0.75,0.6833333333333332,100.0,Placed,A,B
1.0,0.7000000000000001,0.6000000000000001,0.9,0.45,0.7999999999999999,100.0,Placed,A,A
0.20000000000000004,0.9333333333333335,1.0,0.6000000000000001,0.25,0.21666666666666667,74.42,Placed,B,F
0.5000000000000001,0.9333333333333335,0.8,0.1,0.9500000000000001,0.9,100.0,Placed,A,A
0.8,0.16666666666666674,0.8,0.0,0.9500000000000001,0.5333333333333333,100.0,Placed,A,C
0.0,0.8833333333333334,0.40000000000000013,0.9,0.9500000000000001,0.44999999999999984,74.98,Placed,B,C
0.0,0.2666666666666667,0.0,0.8,0.5,0.9333333333333332,79.63,Placed,B,A
0.7000000000000001,0.7833333333333333,0.6000000000000001,0.4,0.35000000000000003,0.6666666666666666,100.0,Placed,A,B
0.20000000000000004,0.7333333333333333,0.0,0.30000000000000004,0.9500000000000001,0.9166666666666666,95.8,Placed,A,A
0.4,0.35,0.0,0.30000000000000004,0.0,0.9166666666666666,77.29,Placed,B,A
0.0,0.6,0.0,1.0,0.25,0.23333333333333328,35.1,Not Placed,F,F
0.4,0.31666666666666665,0.8,0.0,0.35000000000000003,0.04999999999999993,86.48,Placed,A,F
1.0,0.7833333333333333,0.0,0.20000000000000004,0.65,0.31666666666666665,100.0,Placed,A,D
0.5000000000000001,0.9833333333333333,0.6000000000000001,0.0,0.1,0.8666666666666666,100.0,Placed,A,A
0.7000000000000001,0.8833333333333334,0.8,0.4,0.05,0.3999999999999999,98.2,Placed,A,D
0.20000000000000004,0.8833333333333334,0.6000000000000001,0.4,0.0,0.5666666666666665,75.06,Placed,B,C
0.20000000000000004,0.7833333333333333,0.8,0.8,0.5,0.85,97.64,Placed,A,A
1.0,0.7833333333333333,0.19999999999999996,0.7000000000000001,1.0,0.9499999999999998,100.0,Placed,A,A
1.0,0.7500000000000001,0.19999999999999996,0.4,0.25,0.8666666666666666,100.0,Placed,A,A
0.9,0.08333333333333337,0.19999999999999996,0.4,0.35000000000000003,0.6333333333333332,100.0,Placed,A,B
0.8,0.5499999999999999,0.19999999999999996,0.6000000000000001,0.30000000000000004,0.8666666666666666,100.0,Placed,A,A
0.30000000000000004,0.21666666666666667,0.8,0.1,0.25,0.9333333333333332,83.7,Placed,A,A
0.30000000000000004,0.7833333333333333,0.0,0.6000000000000001,0.8500000000000001,0.35,100.0,Placed,A,D
0.6000000000000001,0.3666666666666666,0.40000000000000013,0.0,0.55,0.5666666666666665,94.54,Placed,A,C
0.1,0.31666666666666665,1.0,0.4,0.35000000000000003,0.8833333333333332,100.0,Placed,A,A
0.7000000000000001,0.20000000000000007,0.40000000000000013,0.5000000000000001,1.0,0.8833333333333332,100.0,Placed,A,A
0.5000000000000001,0.7666666666666667,0.19999999999999996,1.0,0.9,0.7666666666666667,100.0,Placed,A,A
0.20000000000000004,0.7166666666666667,0.0,0.9,0.2,0.44999999999999984,68.25,Not Placed,C,C
0.8,0.6666666666666666,0.6000000000000001,0.0,0.9,0.1499999999999999,100.0,Placed,A,F
0.4,0.5166666666666667,0.0,0.8,0.4,0.25,72.33,Placed,B,D
0.7000000000000001,0.41666666666666663,0.6000000000000001,0.8,0.55,0.7999999999999999,100.0,Placed,A,A
0.6000000000000001,0.8166666666666668,0.40000000000000013,0.0,0.7000000000000001,0.3666666666666666,100.0,Placed,A,D
0.7000000000000001,0.8666666666666666,0.0,0.30000000000000004,0.6000000000000001,0.29999999999999993,100.0,Placed,A,D
0.6000000000000001,0.21666666666666667,0.0,0.7000000000000001,0.6000000000000001,0.0,68.24,Not Placed,C,F
0.20000000000000004,0.85,1.0,0.1,1.0,0.0,100.0,Placed,A,F
0.1,0.9333333333333335,0.40000000000000013,1.0,1.0,0.8666666666666666,95.98,Placed,A,A
0.6000000000000001,0.5833333333333334,0.0,0.7000000000000001,0.2,0.7499999999999999,98.3,Placed,A,A
0.20000000000000004,0.1166666666666667,0.6000000000000001,0.9,0.05,0.9499999999999998,80.82,Placed,A,A
0.20000000000000004,0.65,0.0,0.8,0.9,0.41666666666666663,84.69,Placed,A,C
0.1,0.35,0.6000000000000001,0.8,0.35000000000000003,0.5499999999999999,72.44,Placed,B,C
0.30000000000000004,0.35,0.19999999999999996,0.0,0.65,0.016666666666666607,79.84,Placed,B,F
0.7000000000000001,0.25,0.0,0.8,0.25,0.44999999999999984,77.3,Placed,B,C
0.0,0.43333333333333346,0.6000000000000001,0.30000000000000004,0.30000000000000004,0.31666666666666665,61.4,Not Placed,C,D
0.0,0.9166666666666666,0.40000000000000013,0.7000000000000001,0.65,0.6833333333333332,73.47,Placed,B,B
0.4,0.9833333333333333,0.19999999999999996,0.8,0.25,0.7666666666666667,82.19,Placed,A,A
1.0,1.0,0.0,0.20000000000000004,0.75,0.43333333333333324,100.0,Placed,A,C
0.4,0.9833333333333333,1.0,0.5000000000000001,0.15000000000000002,0.44999999999999984,100.0,Placed,A,C
1.0,0.15000000000000002,0.6000000000000001,0.20000000000000004,0.30000000000000004,0.9833333333333333,100.0,Placed,A,A
0.0,0.4,1.0,0.0,0.75,0.4999999999999999,99.88,Placed,A,C
0.5000000000000001,0.5000000000000001,0.0,0.9,0.15000000000000002,0.7666666666666667,60.47,Not Placed,C,A
0.0,0.33333333333333337,0.6000000000000001,0.5000000000000001,0.30000000000000004,0.09999999999999998,67.83,Not Placed,C,F
0.4,0.43333333333333346,0.0,0.4,1.0,0.11666666666666659,95.17,Placed,A,F
0.8,0.2666666666666667,0.19999999999999996,0.20000000000000004,0.05,0.5166666666666667,97.49,Placed,A,C
0.4,0.5333333333333333,0.19999999999999996,0.30000000000000004,0.35000000000000003,0.16666666666666663,55.87,Not Placed,D,F
0.5000000000000001,0.5000000000000001,0.0,0.1,0.45,0.7833333333333333,92.96,Placed,A,A
0.7000000000000001,0.8166666666666668,0.0,0.9,0.05,0.41666666666666663,69.71,Not Placed,C,C
1.0,0.6833333333333335,0.8,0.9,0.25,0.9,100.0,Placed,A,A
0.0,0.41666666666666663,0.0,0.30000000000000004,0.15000000000000002,0.3999999999999999,59.9,Not Placed,D,D
0.1,0.33333333333333337,0.0,0.30000000000000004,1.0,0.09999999999999998,84.95,Placed,A,F
0.8,0.5833333333333334,1.0,0.20000000000000004,0.0,0.31666666666666665,90.71,Placed,A,D
0.20000000000000004,0.0,1.0,0.5000000000000001,0.25,0.6666666666666666,80.5,Placed,A,B
0.5000000000000001,0.050000000000000044,0.19999999999999996,0.0,0.55,0.9333333333333332,98.63,Placed,A,A
0.4,0.050000000000000044,1.0,0.8,0.65,0.8333333333333334,100.0,Placed,A,A
1.0,0.41666666666666663,0.0,1.0,0.7000000000000001,0.9499999999999998,100.0,Placed,A,A
0.1,0.050000000000000044,0.40000000000000013,0.9,0.8500000000000001,0.4833333333333333,64.74,Not Placed,C,C
0.6000000000000001,0.7999999999999999,0.0,0.20000000000000004,0.8,0.9166666666666666,100.0,Placed,A,A
0.30000000000000004,0.13333333333333341,0.8,0.20000000000000004,0.4,0.0,54.96,Not Placed,D,F
0.0,0.4833333333333333,0.6000000000000001,0.20000000000000004,0.7000000000000001,0.2833333333333333,88.84,Placed,A,D
0.30000000000000004,0.8333333333333334,0.19999999999999996,0.6000000000000001,0.8500000000000001,0.11666666666666659,93.55,Placed,A,F
0.5000000000000001,0.7333333333333333,1.0,0.7000000000000001,1.0,0.4666666666666667,100.0,Placed,A,C
0.6000000000000001,0.050000000000000044,0.40000000000000013,0.1,0.8500000000000001,0.65,100.0,Placed,A,B
0.6000000000000001,0.06666666666666665,0.6000000000000001,0.0,0.2,0.35,84.61,Placed,A,D
0.6000000000000001,1.0,0.40000000000000013,0.4,0.75,0.5166666666666667,98.31,Placed,A,C
0.20000000000000004,0.7333333333333333,0.19999999999999996,0.7000000000000001,0.4,0.65,88.85,Placed,A,B
0.5000000000000001,0.3666666666666666,1.0,0.20000000000000004,0.1,0.21666666666666667,71.84,Placed,B,F
0.7000000000000001,0.25,0.8,0.5000000000000001,0.55,0.9166666666666666,100.0,Placed,A,A
0.30000000000000004,0.35,0.19999999999999996,0.20000000000000004,0.65,0.016666666666666607,82.12,Placed,A,F
0.7000000000000001,0.6,0.40000000000000013,0.5000000000000001,0.0,0.5666666666666665,81.97,Placed,A,C
0.1,0.1166666666666667,0.40000000000000013,0.30000000000000004,0.4,0.09999999999999998,59.38,Not Placed,D,F
0.9,0.7833333333333333,0.19999999999999996,1.0,0.4,0.033333333333333326,96.97,Placed,A,F
0.8,0.5333333333333333,0.0,0.6000000000000001,0.9500000000000001,0.9999999999999999,100.0,Placed,A,A
0.8,0.9,0.19999999999999996,1.0,0.6000000000000001,0.23333333333333328,100.0,Placed,A,F
0.7000000000000001,0.9833333333333333,1.0,0.9,0.35000000000000003,0.6999999999999998,100.0,Placed,A,B
0.9,0.6166666666666666,1.0,0.0,0.5,0.5499999999999999,100.0,Placed,A,C
0.9,0.7000000000000001,0.8,0.0,0.65,0.35,100.0,Placed,A,D
0.0,0.25,0.19999999999999996,0.4,0.75,0.2833333333333333,54.95,Not Placed,D,D
0.1,0.06666666666666665,0.6000000000000001,0.8,0.5,0.7499999999999999,63.38,Not Placed,C,A
0.5000000000000001,0.25,1.0,0.4,0.9,0.2833333333333333,91.43,Placed,A,D
0.9,0.09999999999999998,1.0,0.30000000000000004,0.45,0.9666666666666667,96.7,Placed,A,A
0.4,0.8333333333333334,1.0,0.7000000000000001,0.35000000000000003,0.5499999999999999,87.71,Placed,A,C
0.8,0.0,0.0,0.4,0.5,0.5833333333333334,93.12,Placed,A,B
0.4,0.13333333333333341,0.6000000000000001,0.0,0.35000000000000003,0.7499999999999999,91.31,Placed,A,A
0.1,0.2833333333333333,0.19999999999999996,0.6000000000000001,0.9500000000000001,0.6333333333333332,79.8,Placed,B,B
0.9,0.7333333333333333,0.0,1.0,0.45,0.7666666666666667,97.31,Placed,A,A
0.30000000000000004,0.9500000000000001,1.0,0.30000000000000004,0.8,0.6166666666666666,100.0,Placed,A,B
0.8,0.7666666666666667,0.6000000000000001,0.9,0.5,0.6,100.0,Placed,A,B
0.0,0.033333333333333326,0.6000000000000001,0.4,0.55,0.85,51.89,Not Placed,D,A
1.0,0.3833333333333334,0.0,0.5000000000000001,0.45,0.2833333333333333,89.35,Placed,A,D
0.0,0.45000000000000007,1.0,0.6000000000000001,0.9500000000000001,0.6999999999999998,96.07,Placed,A,B
0.6000000000000001,0.15000000000000002,0.0,1.0,0.8,0.65,91.0,Placed,A,B
1.0,0.13333333333333341,0.40000000000000013,0.1,0.1,0.4666666666666667,98.11,Placed,A,C
0.20000000000000004,0.20000000000000007,1.0,0.0,0.30000000000000004,0.18333333333333324,77.95,Placed,B,F
0.9,0.7833333333333333,0.0,0.20000000000000004,0.1,0.2833333333333333,97.03,Placed,A,D
0.1,0.5666666666666668,0.19999999999999996,0.9,0.8,0.4999999999999999,79.08,Placed,B,C
0.8,0.8833333333333334,1.0,0.0,0.35000000000000003,0.23333333333333328,100.0,Placed,A,F
0.20000000000000004,0.3666666666666666,0.8,0.30000000000000004,1.0,0.9666666666666667,100.0,Placed,A,A
0.1,0.7666666666666667,1.0,0.5000000000000001,0.9,0.65,100.0,Placed,A,B
0.7000000000000001,0.2666666666666667,0.40000000000000013,0.4,0.65,0.9499999999999998,100.0,Placed,A,A
0.9,0.7500000000000001,0.0,1.0,0.2,0.4833333333333333,98.98,Placed,A,C
0.5000000000000001,0.09999999999999998,0.8,0.30000000000000004,0.9,0.5833333333333334,94.47,Placed,A,B
0.5000000000000001,0.85,0.40000000000000013,0.6000000000000001,0.6000000000000001,0.44999999999999984,100.0,Placed,A,C
0.9,0.25,0.19999999999999996,1.0,0.8500000000000001,0.8666666666666666,100.0,Placed,A,A
1.0,0.8666666666666666,1.0,1.0,0.5,0.23333333333333328,100.0,Placed,A,F
0.6000000000000001,0.65,0.8,0.5000000000000001,0.55,0.6999999999999998,97.06,Placed,A,B
0.6000000000000001,0.5833333333333334,0.0,0.20000000000000004,0.35000000000000003,0.5333333333333333,100.0,Placed,A,C
1.0,0.31666666666666665,0.0,0.8,0.55,0.016666666666666607,78.96,Placed,B,F
0.5000000000000001,0.3833333333333334,0.19999999999999996,0.4,0.0,0.9666666666666667,83.56,Placed,A,A
0.30000000000000004,0.7666666666666667,0.40000000000000013,0.9,0.8500000000000001,0.11666666666666659,71.06,Placed,B,F
1.0,0.06666666666666665,0.8,0.0,0.05,0.7833333333333333,100.0,Placed,A,A
0.8,0.7333333333333333,0.19999999999999996,0.5000000000000001,0.55,0.5333333333333333,100.0,Placed,A,C
0.5000000000000001,0.08333333333333337,0.40000000000000013,0.4,0.9,0.5666666666666665,75.23,Placed,B,C
0.30000000000000004,0.45000000000000007,0.6000000000000001,0.9,0.30000000000000004,0.2833333333333333,69.35,Not Placed,C,D
0.20000000000000004,0.9666666666666667,0.6000000000000001,0.7000000000000001,0.30000000000000004,0.41666666666666663,84.0,Placed,A,C
0.30000000000000004,0.06666666666666665,0.40000000000000013,0.30000000000000004,0.0,0.7833333333333333,60.62,Not Placed,C,A
0.20000000000000004,0.7999999999999999,0.0,0.0,0.8500000000000001,0.33333333333333326,89.86,Placed,A,D
0.1,0.6333333333333334,0.0,1.0,0.35000000000000003,0.44999999999999984,59.28,Not Placed,D,C
0.4,0.6166666666666666,0.6000000000000001,0.1,0.45,0.31666666666666665,100.0,Placed,A,D
0.1,0.01666666666666672,0.0,0.7000000000000001,0.0,0.85,55.09,Not Placed,D,A
0.5000000000000001,0.7000000000000001,0.0,0.9,0.7000000000000001,0.7333333333333333,91.73,Placed,A,B
0.20000000000000004,0.6333333333333334,0.40000000000000013,0.7000000000000001,0.7000000000000001,0.31666666666666665,69.43,Not Placed,C,D
0.5000000000000001,0.8833333333333334,1.0,0.4,0.15000000000000002,0.9666666666666667,88.49,Placed,A,A
1.0,0.33333333333333337,0.40000000000000013,0.5000000000000001,0.45,0.04999999999999993,94.25,Placed,A,F
0.9,0.65,0.0,0.1,0.35000000000000003,0.5833333333333334,100.0,Placed,A,B
0.8,0.6,0.40000000000000013,1.0,0.65,0.8833333333333332,100.0,Placed,A,A
0.0,0.9666666666666667,0.8,0.8,0.6000000000000001,0.5499999999999999,69.63,Not Placed,C,C
0.5000000000000001,0.2833333333333333,0.6000000000000001,0.5000000000000001,1.0,0.7333333333333333,100.0,Placed,A,B
0.8,0.8833333333333334,1.0,0.8,0.8,0.19999999999999996,100.0,Placed,A,F
1.0,0.7833333333333333,0.8,1.0,0.30000000000000004,0.4999999999999999,100.0,Placed,A,C
0.30000000000000004,0.7500000000000001,0.8,0.9,0.25,0.85,92.48,Placed,A,A
1.0,0.18333333333333335,0.0,0.20000000000000004,0.4,0.6333333333333332,100.0,Placed,A,B
0.1,0.2666666666666667,0.0,0.5000000000000001,0.9500000000000001,0.09999999999999998,96.49,Placed,A,F
0.30000000000000004,0.6,0.8,0.9,0.9500000000000001,0.2666666666666666,90.87,Placed,A,D
0.0,0.7500000000000001,0.8,0.4,0.35000000000000003,0.6833333333333332,94.16,Placed,A,B
0.20000000000000004,0.6166666666666666,0.19999999999999996,0.8,0.65,0.18333333333333324,77.86,Placed,B,F
0.9,0.2333333333333334,0.19999999999999996,0.9,0.9500000000000001,0.9333333333333332,100.0,Placed,A,A
0.8,0.09999999999999998,0.6000000000000001,0.0,0.1,0.9,100.0,Placed,A,A
0.9,0.21666666666666667,0.8,0.8,0.6000000000000001,0.9666666666666667,100.0,Placed,A,A
0.4,0.8166666666666668,0.40000000000000013,0.4,1.0,0.8833333333333332,100.0,Placed,A,A
1.0,0.0,1.0,0.0,0.4,0.4833333333333333,100.0,Placed,A,C
0.5000000000000001,0.6166666666666666,0.19999999999999996,0.9,1.0,0.7833333333333333,100.0,Placed,A,A
0.20000000000000004,0.033333333333333326,0.0,0.7000000000000001,0.4,0.5499999999999999,61.71,Not Placed,C,C
0.4,0.6,0.8,0.6000000000000001,0.5,0.35,87.1,Placed,A,D
1.0,0.7166666666666667,0.40000000000000013,0.5000000000000001,0.25,0.33333333333333326,100.0,Placed,A,D
0.7000000000000001,0.5000000000000001,1.0,0.1,0.55,0.1333333333333333,92.76,Placed,A,F
0.5000000000000001,0.7000000000000001,0.40000000000000013,0.4,0.15000000000000002,0.18333333333333324,89.71,Placed,A,F
0.30000000000000004,0.20000000000000007,0.40000000000000013,0.20000000000000004,0.15000000000000002,0.2666666666666666,64.17,Not Placed,C,D
0.1,0.7833333333333333,0.0,0.1,0.8,0.25,85.91,Placed,A,D
0.8,0.2833333333333333,0.19999999999999996,0.9,0.30000000000000004,0.06666666666666665,73.72,Placed,B,F
0.0,0.2666666666666667,0.40000000000000013,0.0,0.25,0.29999999999999993,56.24,Not Placed,D,D
0.0,0.2666666666666667,1.0,0.8,0.9500000000000001,0.9333333333333332,94.89,Placed,A,A
0.30000000000000004,1.0,0.19999999999999996,0.1,0.35000000000000003,0.44999999999999984,100.0,Placed,A,C
0.6000000000000001,0.16666666666666674,0.6000000000000001,1.0,0.30000000000000004,0.2666666666666666,57.61,Not Placed,D,D
0.0,0.31666666666666665,0.0,0.0,0.35000000000000003,0.35,50.49,Not Placed,D,D
0.8,0.15000000000000002,0.19999999999999996,0.6000000000000001,0.4,0.5666666666666665,88.61,Placed,A,C
0.30000000000000004,0.4666666666666667,0.19999999999999996,0.8,0.0,0.7999999999999999,60.92,Not Placed,C,A
0.20000000000000004,0.7833333333333333,0.40000000000000013,0.5000000000000001,0.1,0.9666666666666667,100.0,Placed,A,A
0.0,0.5499999999999999,1.0,0.7000000000000001,0.8500000000000001,0.23333333333333328,75.92,Placed,B,F
0.9,0.2666666666666667,0.40000000000000013,1.0,0.9,0.29999999999999993,100.0,Placed,A,D
0.30000000000000004,0.8833333333333334,1.0,0.6000000000000001,0.5,0.7666666666666667,98.06,Placed,A,A
0.8,0.85,0.0,0.8,0.75,0.8166666666666665,91.24,Placed,A,A
0.9,0.6833333333333335,0.19999999999999996,0.6000000000000001,0.8500000000000001,0.41666666666666663,100.0,Placed,A,C
0.5000000000000001,0.20000000000000007,0.8,0.5000000000000001,0.25,0.7166666666666667,75.39,Placed,B,B
0.5000000000000001,0.7166666666666667,1.0,0.0,0.05,0.9833333333333333,100.0,Placed,A,A
0.0,0.7666666666666667,1.0,0.8,0.15000000000000002,0.7166666666666667,69.71,Not Placed,C,B
0.9,0.6333333333333334,0.40000000000000013,0.9,0.2,0.9166666666666666,97.74,Placed,A,A
0.1,0.43333333333333346,0.40000000000000013,0.4,1.0,0.5666666666666665,90.26,Placed,A,C
1.0,0.8833333333333334,0.6000000000000001,0.1,0.65,0.6999999999999998,100.0,Placed,A,B
0.5000000000000001,0.8666666666666666,1.0,1.0,0.0,0.3666666666666666,89.41,Placed,A,D
0.1,0.41666666666666663,0.0,0.7000000000000001,0.65,0.1499999999999999,68.61,Not Placed,C,F
0.20000000000000004,0.45000000000000007,0.19999999999999996,0.30000000000000004,1.0,0.35,100.0,Placed,A,D
0.30000000000000004,0.20000000000000007,0.19999999999999996,0.20000000000000004,0.6000000000000001,0.7666666666666667,95.62,Placed,A,A
1.0,0.18333333333333335,0.19999999999999996,0.0,0.75,0.9,100.0,Placed,A,A
0.4,0.7166666666666667,1.0,0.4,0.15000000000000002,0.16666666666666663,85.37,Placed,A,F
0.8,0.45000000000000007,0.40000000000000013,0.20000000000000004,0.25,0.9,100.0,Placed,A,A
0.30000000000000004,0.01666666666666672,0.0,0.30000000000000004,0.4,0.41666666666666663,49.5,Not Placed,F,C
1.0,0.6,0.19999999999999996,0.8,0.0,0.0,85.18,Placed,A,F
0.8,0.9333333333333335,1.0,1.0,0.8,0.85,100.0,Placed,A,A
1.0,0.9333333333333335,0.8,0.6000000000000001,0.15000000000000002,0.5833333333333334,93.78,Placed,A,B
0.9,0.5499999999999999,0.6000000000000001,1.0,0.25,0.8666666666666666,93.88,Placed,A,A
0.20000000000000004,0.3666666666666666,0.6000000000000001,0.4,0.75,0.9499999999999998,100.0,Placed,A,A
0.7000000000000001,0.9500000000000001,0.19999999999999996,0.7000000000000001,0.30000000000000004,0.33333333333333326,79.5,Placed,B,D
0.0,0.85,0.40000000000000013,0.5000000000000001,0.2,0.11666666666666659,63.98,Not Placed,C,F
1.0,0.7333333333333333,0.6000000000000001,0.9,0.4,0.31666666666666665,100.0,Placed,A,D
0.8,0.4666666666666667,0.6000000000000001,0.1,0.9,0.7333333333333333,100.0,Placed,A,B
0.8,0.5666666666666668,0.6000000000000001,0.6000000000000001,0.0,0.2666666666666666,86.23,Placed,A,D
0.9,0.16666666666666674,0.6000000000000001,0.0,0.35000000000000003,0.23333333333333328,90.88,Placed,A,F
0.1,0.7833333333333333,0.19999999999999996,0.20000000000000004,0.9500000000000001,0.33333333333333326,78.75,Placed,B,D
0.30000000000000004,0.5333333333333333,1.0,0.0,0.15000000000000002,0.0,70.95,Placed,B,F
0.7000000000000001,0.8333333333333334,0.0,0.0,0.8,0.9833333333333333,100.0,Placed,A,A
0.6000000000000001,0.16666666666666674,0.0,0.4,0.0,0.033333333333333326,55.18,Not Placed,D,F
0.0,0.13333333333333341,0.40000000000000013,0.5000000000000001,0.05,0.4999999999999999,43.39,Not Placed,F,C
0.4,0.21666666666666667,1.0,0.20000000000000004,1.0,0.9166666666666666,100.0,Placed,A,A
0.6000000000000001,0.13333333333333341,0.8,0.20000000000000004,0.65,0.9499999999999998,100.0,Placed,A,A
0.30000000000000004,0.6333333333333334,0.0,0.20000000000000004,0.05,0.4999999999999999,52.03,Not Placed,D,C
0.0,0.7833333333333333,0.8,0.0,0.0,0.33333333333333326,71.95,Placed,B,D
0.8,0.033333333333333326,0.0,0.4,0.6000000000000001,0.3666666666666666,74.5,Placed,B,D
0.4,0.4666666666666667,0.0,0.0,0.35000000000000003,0.2666666666666666,72.17,Placed,B,D
1.0,0.30000000000000004,0.40000000000000013,0.9,0.4,0.35,100.0,Placed,A,D
0.1,0.5833333333333334,0.6000000000000001,0.9,0.9500000000000001,0.9833333333333333,100.0,Placed,A,A
0.7000000000000001,0.5166666666666667,0.40000000000000013,0.20000000000000004,1.0,0.9166666666666666,100.0,Placed,A,A
1.0,0.09999999999999998,0.0,0.5000000000000001,0.05,0.35,100.0,Placed,A,D
0.1,0.9,1.0,1.0,0.8,0.5833333333333334,93.94,Placed,A,B
0.20000000000000004,0.45000000000000007,0.6000000000000001,0.5000000000000001,0.25,0.9666666666666667,94.18,Placed,A,A
0.9,0.7166666666666667,1.0,0.20000000000000004,0.1,0.11666666666666659,92.84,Placed,A,F
0.0,0.2833333333333333,1.0,0.8,0.9500000000000001,0.7666666666666667,60.34,Not Placed,C,A
1.0,0.9833333333333333,1.0,0.7000000000000001,0.8,0.11666666666666659,100.0,Placed,A,F
0.1,0.06666666666666665,0.6000000000000001,1.0,0.25,0.21666666666666667,53.14,Not Placed,D,F
0.6000000000000001,0.3666666666666666,1.0,0.20000000000000004,0.35000000000000003,0.6166666666666666,100.0,Placed,A,B
0.9,0.9,0.6000000000000001,0.4,0.65,0.3833333333333333,100.0,Placed,A,D
0.1,0.35,0.8,0.4,0.45,0.9833333333333333,100.0,Placed,A,A
0.5000000000000001,0.41666666666666663,0.0,0.4,0.9500000000000001,0.35,85.35,Placed,A,D
0.20000000000000004,0.6833333333333335,0.19999999999999996,0.20000000000000004,0.45,0.23333333333333328,76.82,Placed,B,F
0.30000000000000004,0.18333333333333335,1.0,0.4,0.7000000000000001,0.31666666666666665,88.41,Placed,A,D
1.0,0.65,0.40000000000000013,0.4,0.35000000000000003,0.43333333333333324,100.0,Placed,A,C
0.7000000000000001,0.30000000000000004,0.8,0.30000000000000004,0.5,0.44999999999999984,93.5,Placed,A,C
0.20000000000000004,0.7666666666666667,0.40000000000000013,0.30000000000000004,0.75,0.35,95.13,Placed,A,D
0.9,0.0,0.19999999999999996,0.1,0.1,0.4999999999999999,100.0,Placed,A,C
0.5000000000000001,0.033333333333333326,0.6000000000000001,0.8,0.7000000000000001,0.1333333333333333,73.42,Placed,B,F
0.0,0.43333333333333346,0.19999999999999996,0.6000000000000001,0.6000000000000001,0.9166666666666666,74.34,Placed,B,A
0.6000000000000001,0.2833333333333333,0.40000000000000013,0.0,0.5,0.3666666666666666,83.6,Placed,A,D
0.7000000000000001,0.8166666666666668,0.19999999999999996,0.4,0.65,0.06666666666666665,100.0,Placed,A,F
1.0,0.4833333333333333,0.0,0.1,0.30000000000000004,0.7333333333333333,100.0,Placed,A,B
0.7000000000000001,0.01666666666666672,0.19999999999999996,0.9,0.9,0.6333333333333332,100.0,Placed,A,B
0.20000000000000004,0.06666666666666665,1.0,0.5000000000000001,0.7000000000000001,0.2666666666666666,72.57,Placed,B,D
0.9,0.4666666666666667,0.0,0.6000000000000001,0.25,0.65,94.71,Placed,A,B
0.0,0.5333333333333333,1.0,0.1,0.9500000000000001,0.06666666666666665,75.34,Placed,B,F
0.8,0.6833333333333335,0.19999999999999996,1.0,0.30000000000000004,0.9,100.0,Placed,A,A
0.5000000000000001,0.31666666666666665,0.0,0.5000000000000001,0.65,0.09999999999999998,79.42,Placed,B,F
1.0,0.4833333333333333,0.0,0.20000000000000004,0.15000000000000002,0.11666666666666659,78.87,Placed,B,F
0.8,0.6833333333333335,0.19999999999999996,0.8,0.4,0.09999999999999998,90.67,Placed,A,F
0.6000000000000001,0.06666666666666665,0.8,0.30000000000000004,0.30000000000000004,0.35,66.85,Not Placed,C,D
0.0,0.8166666666666668,0.6000000000000001,0.20000000000000004,0.7000000000000001,0.7166666666666667,86.72,Placed,A,B
0.0,0.33333333333333337,0.6000000000000001,1.0,0.1,0.6166666666666666,58.86,Not Placed,D,B
0.5000000000000001,0.9500000000000001,0.6000000000000001,0.20000000000000004,0.2,0.8666666666666666,100.0,Placed,A,A
0.4,0.2333333333333334,0.0,0.1,0.8,0.33333333333333326,96.75,Placed,A,D
0.8,0.31666666666666665,0.6000000000000001,0.8,0.0,0.04999999999999993,85.13,Placed,A,F
0.1,0.1166666666666667,0.0,0.7000000000000001,0.0,0.5166666666666667,45.14,Not Placed,F,C
0.7000000000000001,0.7999999999999999,0.8,0.4,0.75,0.9,100.0,Placed,A,A
1.0,0.5000000000000001,0.19999999999999996,0.8,0.65,0.4666666666666667,100.0,Placed,A,C
0.4,0.18333333333333335,0.19999999999999996,0.1,0.5,0.9833333333333333,100.0,Placed,A,A
0.1,0.33333333333333337,0.0,0.5000000000000001,0.65,0.9666666666666667,68.67,Not Placed,C,A
0.9,0.4833333333333333,0.0,0.6000000000000001,0.35000000000000003,0.4833333333333333,98.99,Placed,A,C
1.0,0.43333333333333346,0.8,0.5000000000000001,0.9,0.033333333333333326,100.0,Placed,A,F
1.0,0.7166666666666667,0.6000000000000001,0.20000000000000004,0.05,0.06666666666666665,100.0,Placed,A,F
0.5000000000000001,0.41666666666666663,0.8,0.9,0.45,0.29999999999999993,83.27,Placed,A,D
0.9,0.5333333333333333,0.19999999999999996,0.9,0.2,0.11666666666666659,78.42,Placed,B,F
0.7000000000000001,0.41666666666666663,0.19999999999999996,0.9,0.7000000000000001,0.6,95.79,Placed,A,B
0.30000000000000004,0.41666666666666663,1.0,0.8,0.0,0.4999999999999999,65.02,Not Placed,C,C
0.1,0.5833333333333334,0.6000000000000001,0.7000000000000001,0.05,0.43333333333333324,62.38,Not Placed,C,C
1.0,0.65,0.19999999999999996,0.7000000000000001,0.9,0.19999999999999996,100.0,Placed,A,F
0.4,0.0,1.0,0.7000000000000001,0.8,0.6833333333333332,92.78,Placed,A,B
0.1,0.9666666666666667,0.0,0.8,0.7000000000000001,0.08333333333333326,68.36,Not Placed,C,F
0.1,0.2333333333333334,0.19999999999999996,0.0,0.8500000000000001,0.0,62.95,Not Placed,C,F
0.5000000000000001,0.8166666666666668,0.40000000000000013,0.7000000000000001,1.0,0.4833333333333333,100.0,Placed,A,C
1.0,0.0,0.6000000000000001,0.1,0.35000000000000003,0.16666666666666663,93.35,Placed,A,F
0.9,0.16666666666666674,1.0,0.30000000000000004,1.0,0.85,100.0,Placed,A,A
0.8,0.9,0.6000000000000001,0.0,0.65,0.6666666666666666,100.0,Placed,A,B
0.30000000000000004,0.01666666666666672,0.6000000000000001,0.5000000000000001,0.35000000000000003,0.4999999999999999,74.33,Placed,B,C
0.5000000000000001,0.0,0.40000000000000013,0.9,0.35000000000000003,0.25,61.9,Not Placed,C,D
0.6000000000000001,0.5000000000000001,0.8,0.0,0.9,0.23333333333333328,100.0,Placed,A,F
1.0,0.7166666666666667,0.0,0.4,0.6000000000000001,0.06666666666666665,100.0,Placed,A,F
0.5000000000000001,0.25,0.6000000000000001,0.8,0.2,0.23333333333333328,76.05,Placed,B,F
0.7000000000000001,0.8833333333333334,0.19999999999999996,0.0,0.45,0.0,100.0,Placed,A,F
0.30000000000000004,0.35,0.0,0.8,0.30000000000000004,0.23333333333333328,66.58,Not Placed,C,F
0.0,0.6833333333333335,0.19999999999999996,0.30000000000000004,0.4,0.5833333333333334,74.16,Placed,B,B
0.6000000000000001,0.2833333333333333,0.0,0.20000000000000004,0.65,0.9833333333333333,100.0,Placed,A,A
0.20000000000000004,0.7666666666666667,0.0,0.7000000000000001,0.25,0.7833333333333333,95.64,Placed,A,A
0.5000000000000001,0.2666666666666667,1.0,0.5000000000000001,0.45,0.8833333333333332,100.0,Placed,A,A
0.1,0.4833333333333333,0.19999999999999996,0.6000000000000001,0.0,0.6333333333333332,54.69,Not Placed,D,B
0.8,0.15000000000000002,0.19999999999999996,0.8,0.5,0.9,100.0,Placed,A,A
0.0,0.5666666666666668,0.0,0.4,0.35000000000000003,0.11666666666666659,60.16,Not Placed,C,F
0.5000000000000001,0.9500000000000001,0.6000000000000001,0.1,0.25,0.8666666666666666,100.0,Placed,A,A
0.5000000000000001,0.33333333333333337,0.19999999999999996,0.20000000000000004,0.8,0.35,100.0,Placed,A,D
0.4,0.25,0.40000000000000013,0.20000000000000004,0.15000000000000002,0.43333333333333324,74.97,Placed,B,C
0.4,0.08333333333333337,0.40000000000000013,0.30000000000000004,0.25,0.9666666666666667,87.95,Placed,A,A
0.0,0.033333333333333326,0.0,0.9,0.7000000000000001,0.5499999999999999,65.69,Not Placed,C,C
0.9,0.6666666666666666,0.8,0.6000000000000001,0.45,0.4833333333333333,98.35,Placed,A,C
0.4,0.7000000000000001,0.0,0.9,0.8,0.18333333333333324,85.73,Placed,A,F
0.1,0.33333333333333337,0.0,0.5000000000000001,0.45,0.9499999999999998,63.26,Not Placed,C,A
0.6000000000000001,0.20000000000000007,0.6000000000000001,0.20000000000000004,0.2,0.9833333333333333,100.0,Placed,A,A
0.20000000000000004,0.2833333333333333,0.6000000000000001,0.6000000000000001,0.9,0.016666666666666607,81.53,Placed,A,F
0.30000000000000004,0.9500000000000001,1.0,0.30000000000000004,0.30000000000000004,0.7499999999999999,100.0,Placed,A,A
0.20000000000000004,0.8833333333333334,0.8,0.9,0.9,0.8333333333333334,100.0,Placed,A,A
0.20000000000000004,0.9833333333333333,0.8,1.0,0.45,0.85,100.0,Placed,A,A
0.30000000000000004,0.3833333333333334,0.8,1.0,0.9,0.6166666666666666,79.38,Placed,B,B
0.4,0.43333333333333346,0.8,0.7000000000000001,0.5,0.35,83.41,Placed,A,D
0.0,0.8833333333333334,0.8,0.6000000000000001,0.1,0.8333333333333334,86.99,Placed,A,A
0.30000000000000004,0.050000000000000044,0.0,0.6000000000000001,0.5,0.2666666666666666,75.33,Placed,B,D
1.0,0.35,0.0,0.8,0.25,0.5666666666666665,88.87,Placed,A,C
0.7000000000000001,0.3833333333333334,1.0,0.7000000000000001,0.25,0.85,100.0,Placed,A,A
0.9,0.65,0.40000000000000013,0.0,0.7000000000000001,0.9333333333333332,100.0,Placed,A,A
0.6000000000000001,0.7333333333333333,0.40000000000000013,0.6000000000000001,0.1,0.6833333333333332,82.15,Placed,A,B
0.8,0.15000000000000002,1.0,0.20000000000000004,0.5,0.9166666666666666,100.0,Placed,A,A
0.4,0.01666666666666672,1.0,0.30000000000000004,0.35000000000000003,0.7333333333333333,90.4,Placed,A,B
0.9,0.65,0.19999999999999996,0.5000000000000001,0.35000000000000003,0.85,100.0,Placed,A,A
0.30000000000000004,0.08333333333333337,0.0,0.4,0.75,0.3666666666666666,85.72,Placed,A,D
0.7000000000000001,0.7833333333333333,0.8,0.7000000000000001,0.1,0.4666666666666667,88.32,Placed,A,C
0.8,0.2833333333333333,0.19999999999999996,0.1,0.35000000000000003,0.4666666666666667,100.0,Placed,A,C
0.6000000000000001,0.2666666666666667,0.6000000000000001,0.4,0.35000000000000003,0.9333333333333332,100.0,Placed,A,A
0.6000000000000001,0.6166666666666666,0.0,0.4,0.6000000000000001,0.8166666666666665,100.0,Placed,A,A
0.4,0.7333333333333333,1.0,0.20000000000000004,0.0,0.29999999999999993,88.82,Placed,A,D
0.30000000000000004,0.3666666666666666,0.40000000000000013,0.9,0.45,0.2666666666666666,66.07,Not Placed,C,D
0.9,0.7500000000000001,0.0,0.4,0.2,0.11666666666666659,100.0,Placed,A,F
0.0,0.4833333333333333,1.0,0.30000000000000004,0.2,0.8166666666666665,80.93,Placed,A,A
0.9,0.9500000000000001,0.0,1.0,0.8,0.09999999999999998,100.0,Placed,A,F
0.9,0.33333333333333337,0.0,0.4,0.65,0.9,100.0,Placed,A,A
0.6000000000000001,0.15000000000000002,0.0,0.9,0.25,0.16666666666666663,63.24,Not Placed,C,F
0.0,0.9166666666666666,0.6000000000000001,0.8,0.65,0.033333333333333326,80.41,Placed,A,F
0.0,0.7000000000000001,0.40000000000000013,0.6000000000000001,0.55,0.016666666666666607,59.68,Not Placed,D,F
0.4,0.20000000000000007,0.0,0.0,0.9500000000000001,0.29999999999999993,87.46,Placed,A,D
0.8,0.18333333333333335,1.0,0.20000000000000004,0.0,0.44999999999999984,90.42,Placed,A,C
0.5000000000000001,0.13333333333333341,0.6000000000000001,0.8,0.2,0.9166666666666666,83.5,Placed,A,A
0.20000000000000004,0.050000000000000044,0.19999999999999996,0.30000000000000004,0.8500000000000001,0.44999999999999984,85.04,Placed,A,C
0.20000000000000004,0.6333333333333334,0.0,0.30000000000000004,0.65,0.3999999999999999,70.42,Placed,B,D
0.6000000000000001,0.3833333333333334,0.6000000000000001,0.9,0.30000000000000004,0.16666666666666663,81.53,Placed,A,F
0.5000000000000001,1.0,0.8,0.5000000000000001,0.7000000000000001,0.65,100.0,Placed,A,B
0.8,0.8833333333333334,0.19999999999999996,0.20000000000000004,0.4,0.6999999999999998,94.18,Placed,A,B
0.5000000000000001,0.5499999999999999,0.40000000000000013,0.20000000000000004,0.7000000000000001,0.016666666666666607,93.7,Placed,A,F
0.4,0.6333333333333334,0.0,0.8,0.75,0.18333333333333324,95.64,Placed,A,F
0.9,1.0,0.0,0.4,0.4,0.9999999999999999,100.0,Placed,A,A
0.6000000000000001,0.6666666666666666,0.6000000000000001,0.6000000000000001,0.30000000000000004,0.6666666666666666,96.59,Placed,A,B
0.0,0.06666666666666665,0.40000000000000013,0.4,0.30000000000000004,0.6166666666666666,56.72,Not Placed,D,B
0.6000000000000001,0.2333333333333334,0.8,0.5000000000000001,0.8,0.18333333333333324,100.0,Placed,A,F
0.20000000000000004,0.8166666666666668,0.19999999999999996,0.7000000000000001,0.5,0.8166666666666665,83.43,Placed,A,A
0.8,0.050000000000000044,1.0,0.7000000000000001,0.25,0.3999999999999999,87.96,Placed,A,D
0.5000000000000001,0.8333333333333334,0.40000000000000013,0.1,0.65,0.6,100.0,Placed,A,B
0.8,0.85,0.0,1.0,0.7000000000000001,0.4999999999999999,100.0,Placed,A,C
0.4,0.9500000000000001,0.6000000000000001,0.8,1.0,0.8833333333333332,100.0,Placed,A,A
0.6000000000000001,0.6333333333333334,0.8,0.9,0.35000000000000003,0.2666666666666666,93.15,Placed,A,D
0.30000000000000004,0.9500000000000001,0.6000000000000001,0.5000000000000001,0.15000000000000002,0.7833333333333333,100.0,Placed,A,A
0.6000000000000001,0.1166666666666667,0.19999999999999996,0.6000000000000001,0.0,0.18333333333333324,66.78,Not Placed,C,F
0.0,0.7999999999999999,0.40000000000000013,0.20000000000000004,0.25,0.9999999999999999,73.39,Placed,B,A
0.6000000000000001,0.7333333333333333,0.6000000000000001,0.30000000000000004,0.0,0.4833333333333333,91.44,Placed,A,C
0.7000000000000001,0.3833333333333334,1.0,0.5000000000000001,1.0,0.016666666666666607,100.0,Placed,A,F
0.4,0.8666666666666666,1.0,0.6000000000000001,0.2,0.25,81.14,Placed,A,D
0.1,0.45000000000000007,0.6000000000000001,0.5000000000000001,0.9,0.0,69.21,Not Placed,C,F
0.4,0.9,0.0,0.4,0.2,0.85,79.6,Placed,B,A
0.5000000000000001,0.7000000000000001,0.6000000000000001,0.1,0.2,0.5499999999999999,87.74,Placed,A,C
0.1,0.43333333333333346,0.8,0.6000000000000001,0.8,0.7333333333333333,98.64,Placed,A,B
0.5000000000000001,0.0,0.40000000000000013,0.4,0.55,0.7833333333333333,100.0,Placed,A,A
0.5000000000000001,0.5499999999999999,0.19999999999999996,0.8,0.30000000000000004,0.0,89.44,Placed,A,F
0.0,0.2666666666666667,1.0,1.0,0.7000000000000001,0.8333333333333334,75.82,Placed,B,A
0.0,0.6,0.6000000000000001,0.30000000000000004,0.9,0.5833333333333334,83.23,Placed,A,B
1.0,0.6166666666666666,0.8,0.9,1.0,0.85,100.0,Placed,A,A
0.9,0.41666666666666663,1.0,0.1,0.6000000000000001,0.033333333333333326,93.2,Placed,A,F
0.20000000000000004,0.9333333333333335,1.0,0.6000000000000001,0.55,0.5499999999999999,74.26,Placed,B,C
0.9,0.3833333333333334,0.19999999999999996,0.6000000000000001,0.9,0.18333333333333324,100.0,Placed,A,F
0.9,0.6333333333333334,1.0,0.0,0.6000000000000001,0.9166666666666666,100.0,Placed,A,A
0.20000000000000004,0.9833333333333333,0.8,1.0,0.25,0.9499999999999998,82.04,Placed,A,A
0.30000000000000004,0.33333333333333337,1.0,0.4,0.0,0.7333333333333333,84.06,Placed,A,B
0.1,0.4833333333333333,1.0,0.20000000000000004,0.25,0.43333333333333324,75.83,Placed,B,C
0.8,0.7666666666666667,0.6000000000000001,0.8,0.6000000000000001,0.8166666666666665,100.0,Placed,A,A
0.9,0.8333333333333334,0.6000000000000001,0.8,0.6000000000000001,0.6,100.0,Placed,A,B
1.0,0.7833333333333333,0.40000000000000013,0.6000000000000001,0.6000000000000001,0.9,100.0,Placed,A,A
0.6000000000000001,0.9333333333333335,0.0,0.8,0.9500000000000001,0.3999999999999999,100.0,Placed,A,D
0.6000000000000001,0.20000000000000007,0.8,0.1,0.15000000000000002,0.18333333333333324,76.11,Placed,B,F
0.5000000000000001,0.6,0.0,1.0,0.2,0.8333333333333334,87.74,Placed,A,A
0.20000000000000004,0.033333333333333326,0.0,0.9,0.6000000000000001,0.5333333333333333,68.75,Not Placed,C,C
0.5000000000000001,0.5166666666666667,1.0,0.7000000000000001,0.4,0.1333333333333333,80.84,Placed,A,F
0.7000000000000001,0.5666666666666668,0.19999999999999996,0.9,0.8,0.0,91.58,Placed,A,F
0.7000000000000001,0.30000000000000004,0.19999999999999996,0.9,0.1,0.9166666666666666,100.0,Placed,A,A
1.0,0.21666666666666667,1.0,0.9,0.9500000000000001,0.8166666666666665,100.0,Placed,A,A
0.8,0.7833333333333333,0.8,0.0,0.8500000000000001,0.3666666666666666,100.0,Placed,A,D
0.0,0.35,0.0,0.20000000000000004,0.7000000000000001,0.44999999999999984,66.91,Not Placed,C,C
0.0,0.2666666666666667,0.40000000000000013,0.7000000000000001,0.0,0.033333333333333326,36.08,Not Placed,F,F
0.20000000000000004,0.9666666666666667,0.0,1.0,0.4,0.6166666666666666,73.82,Placed,B,B
0.20000000000000004,0.050000000000000044,0.19999999999999996,0.7000000000000001,0.25,0.8833333333333332,71.97,Placed,B,A
0.9,0.7333333333333333,0.0,0.9,0.8500000000000001,0.5833333333333334,100.0,Placed,A,B
0.7000000000000001,0.65,0.6000000000000001,0.7000000000000001,0.0,0.9166666666666666,100.0,Placed,A,A
0.9,0.30000000000000004,0.6000000000000001,1.0,0.30000000000000004,0.7166666666666667,75.04,Placed,B,B
0.0,0.6,0.40000000000000013,1.0,0.45,0.7166666666666667,61.45,Not Placed,C,B
0.1,0.01666666666666672,0.8,0.6000000000000001,0.25,0.06666666666666665,53.63,Not Placed,D,F
0.1,0.2333333333333334,0.0,0.1,0.30000000000000004,0.9,93.09,Placed,A,A
0.20000000000000004,0.01666666666666672,0.6000000000000001,0.20000000000000004,0.25,0.4666666666666667,62.37,Not Placed,C,C
0.5000000000000001,0.16666666666666674,0.8,0.8,0.35000000000000003,0.8666666666666666,100.0,Placed,A,A
0.0,0.7333333333333333,0.6000000000000001,0.1,0.05,0.19999999999999996,47.78,Not Placed,F,F
0.1,0.3666666666666666,0.8,0.6000000000000001,0.4,0.7166666666666667,79.85,Placed,B,B
0.0,0.15000000000000002,0.8,0.0,0.4,0.04999999999999993,59.1,Not Placed,D,F
0.4,0.033333333333333326,0.6000000000000001,0.20000000000000004,0.30000000000000004,0.08333333333333326,63.06,Not Placed,C,F
0.6000000000000001,0.06666666666666665,1.0,0.0,0.4,0.8333333333333334,100.0,Placed,A,A
0.7000000000000001,0.033333333333333326,0.19999999999999996,0.5000000000000001,0.8,0.6166666666666666,99.44,Placed,A,B
0.9,0.6166666666666666,0.8,0.30000000000000004,0.1,0.08333333333333326,78.24,Placed,B,F
0.0,0.20000000000000007,1.0,0.0,0.75,0.16666666666666663,57.29,Not Placed,D,F
0.6000000000000001,0.6833333333333335,0.0,0.4,0.75,0.43333333333333324,90.59,Placed,A,C
0.4,0.30000000000000004,1.0,0.30000000000000004,0.05,0.8833333333333332,93.63,Placed,A,A
0.9,0.65,0.6000000000000001,1.0,0.5,0.7499999999999999,100.0,Placed,A,A
0.0,0.8166666666666668,1.0,0.9,0.75,0.9666666666666667,100.0,Placed,A,A
0.20000000000000004,0.5666666666666668,0.19999999999999996,1.0,0.7000000000000001,0.5666666666666665,78.12,Placed,B,C
0.6000000000000001,0.3833333333333334,0.6000000000000001,0.9,0.0,0.9999999999999999,89.68,Placed,A,A
0.9,0.3833333333333334,0.40000000000000013,0.1,1.0,0.65,100.0,Placed,A,B
0.0,0.2666666666666667,0.0,0.6000000000000001,0.8,0.04999999999999993,57.73,Not Placed,D,F
0.6000000000000001,0.65,0.40000000000000013,0.7000000000000001,0.1,0.43333333333333324,100.0,Placed,A,C
0.4,0.15000000000000002,1.0,0.30000000000000004,0.9,0.25,100.0,Placed,A,D
0.0,0.01666666666666672,0.8,0.8,0.9500000000000001,0.2833333333333333,61.37,Not Placed,C,D
0.0,0.7166666666666667,1.0,0.20000000000000004,0.30000000000000004,0.09999999999999998,56.65,Not Placed,D,F
0.0,0.3666666666666666,0.8,0.5000000000000001,0.5,0.16666666666666663,50.0,Not Placed,D,F
1.0,0.08333333333333337,0.40000000000000013,1.0,0.8500000000000001,0.11666666666666659,98.97,Placed,A,F
0.8,0.01666666666666672,0.40000000000000013,0.6000000000000001,0.65,0.9666666666666667,92.3,Placed,A,A
1.0,0.33333333333333337,0.8,0.6000000000000001,0.75,0.85,100.0,Placed,A,A
0.20000000000000004,0.9,0.19999999999999996,0.5000000000000001,0.25,0.08333333333333326,88.89,Placed,A,F
0.4,0.9166666666666666,0.0,0.8,0.05,0.9166666666666666,67.18,Not Placed,C,A
1.0,0.5666666666666668,0.6000000000000001,0.0,0.5,0.7833333333333333,100.0,Placed,A,A
0.9,0.7999999999999999,0.40000000000000013,0.8,0.5,0.06666666666666665,78.58,Placed,B,F
0.8,0.4666666666666667,0.0,0.8,0.45,0.9333333333333332,100.0,Placed,A,A
0.5000000000000001,0.09999999999999998,0.6000000000000001,0.30000000000000004,0.15000000000000002,0.08333333333333326,76.93,Placed,B,F
0.8,0.4666666666666667,1.0,0.4,0.8,0.6166666666666666,100.0,Placed,A,B
0.7000000000000001,0.8666666666666666,0.6000000000000001,0.20000000000000004,0.45,0.9833333333333333,100.0,Placed,A,A
0.7000000000000001,0.6,0.40000000000000013,0.6000000000000001,0.4,0.9999999999999999,100.0,Placed,A,A
0.0,0.3666666666666666,0.19999999999999996,0.1,0.6000000000000001,0.016666666666666607,63.04,Not Placed,C,F
0.8,0.5333333333333333,0.19999999999999996,0.7000000000000001,0.5,0.4999999999999999,100.0,Placed,A,C
0.5000000000000001,0.1166666666666667,0.0,0.8,0.45,0.6333333333333332,76.13,Placed,B,B
0.8,0.18333333333333335,1.0,0.5000000000000001,0.2,0.5166666666666667,100.0,Placed,A,C
0.20000000000000004,0.7500000000000001,0.0,0.8,0.1,0.1333333333333333,48.02,Not Placed,F,F
0.20000000000000004,0.7833333333333333,0.8,0.5000000000000001,0.15000000000000002,0.23333333333333328,67.81,Not Placed,C,F
0.5000000000000001,0.15000000000000002,0.19999999999999996,0.20000000000000004,0.1,0.33333333333333326,49.46,Not Placed,F,D
0.8,0.2333333333333334,0.0,0.9,0.45,0.7499999999999999,100.0,Placed,A,A
0.6000000000000001,0.8666666666666666,0.8,0.20000000000000004,0.6000000000000001,0.8666666666666666,100.0,Placed,A,A
0.20000000000000004,0.3833333333333334,1.0,0.1,0.2,0.44999999999999984,88.43,Placed,A,C
0.20000000000000004,0.41666666666666663,0.6000000000000001,0.4,0.6000000000000001,0.7333333333333333,93.37,Placed,A,B
0.1,0.7666666666666667,0.0,0.30000000000000004,0.0,0.43333333333333324,61.34,Not Placed,C,C
0.8,0.6833333333333335,0.8,0.5000000000000001,0.5,0.06666666666666665,90.8,Placed,A,F
0.20000000000000004,0.8666666666666666,0.19999999999999996,0.4,0.1,0.2666666666666666,62.38,Not Placed,C,D
1.0,0.9833333333333333,0.6000000000000001,0.5000000000000001,0.8,0.6,100.0,Placed,A,B
0.4,0.6333333333333334,0.0,0.30000000000000004,0.9,0.9499999999999998,100.0,Placed,A,A
0.8,0.9500000000000001,0.19999999999999996,0.20000000000000004,0.6000000000000001,0.3833333333333333,91.45,Placed,A,D
0.7000000000000001,0.033333333333333326,0.6000000000000001,0.0,0.75,0.4999999999999999,100.0,Placed,A,C
0.1,0.01666666666666672,0.40000000000000013,0.4,0.8500000000000001,0.5666666666666665,85.94,Placed,A,C
0.20000000000000004,0.08333333333333337,0.19999999999999996,0.5000000000000001,0.9500000000000001,0.6666666666666666,83.32,Placed,A,B
0.1,0.33333333333333337,0.40000000000000013,0.4,0.9,0.6666666666666666,88.56,Placed,A,B
0.7000000000000001,0.13333333333333341,1.0,0.4,0.25,0.8833333333333332,100.0,Placed,A,A
0.5000000000000001,0.15000000000000002,0.0,0.5000000000000001,0.30000000000000004,0.04999999999999993,49.88,Not Placed,F,F
0.5000000000000001,0.5833333333333334,0.8,0.30000000000000004,0.7000000000000001,0.31666666666666665,84.12,Placed,A,D
0.8,0.9666666666666667,0.0,0.30000000000000004,0.2,0.6999999999999998,100.0,Placed,A,B
0.7000000000000001,0.033333333333333326,0.19999999999999996,1.0,0.75,0.2666666666666666,81.02,Placed,A,D
0.30000000000000004,0.6666666666666666,0.40000000000000013,0.7000000000000001,0.25,0.7499999999999999,77.64,Placed,B,A
0.30000000000000004,0.3833333333333334,0.40000000000000013,1.0,0.1,0.1499999999999999,60.34,Not Placed,C,F
0.8,0.35,0.6000000000000001,0.7000000000000001,0.55,0.6,99.65,Placed,A,B
0.0,0.7999999999999999,0.0,0.20000000000000004,0.15000000000000002,0.33333333333333326,65.72,Not Placed,C,D
0.1,0.21666666666666667,0.0,0.6000000000000001,0.1,0.33333333333333326,66.25,Not Placed,C,D
0.1,0.6833333333333335,0.19999999999999996,0.4,0.75,0.9833333333333333,100.0,Placed,A,A
0.5000000000000001,0.7333333333333333,0.40000000000000013,0.4,0.75,0.7999999999999999,100.0,Placed,A,A
0.30000000000000004,0.7166666666666667,0.19999999999999996,0.20000000000000004,0.9,0.25,70.48,Placed,B,D
1.0,0.43333333333333346,0.19999999999999996,0.1,0.7000000000000001,0.5333333333333333,100.0,Placed,A,C
0.9,0.5333333333333333,1.0,0.20000000000000004,0.4,0.1499999999999999,100.0,Placed,A,F
0.20000000000000004,0.9833333333333333,0.40000000000000013,0.6000000000000001,0.9500000000000001,0.7166666666666667,100.0,Placed,A,B
0.20000000000000004,0.35,0.19999999999999996,0.20000000000000004,0.05,0.2833333333333333,52.34,Not Placed,D,D
0.20000000000000004,0.4666666666666667,0.40000000000000013,1.0,0.25,0.5333333333333333,61.4,Not Placed,C,C
0.5000000000000001,0.30000000000000004,0.19999999999999996,0.1,0.65,0.4666666666666667,100.0,Placed,A,C
0.7000000000000001,0.30000000000000004,0.8,0.30000000000000004,0.4,0.4999999999999999,93.28,Placed,A,C
1.0,0.08333333333333337,0.19999999999999996,0.4,0.45,0.3833333333333333,88.68,Placed,A,D
0.6000000000000001,0.7333333333333333,0.19999999999999996,0.6000000000000001,0.8500000000000001,0.9833333333333333,100.0,Placed,A,A
0.30000000000000004,0.30000000000000004,0.8,0.0,0.7000000000000001,0.18333333333333324,88.18,Placed,A,F
1.0,0.20000000000000007,0.0,0.7000000000000001,0.15000000000000002,0.31666666666666665,81.88,Placed,A,D
0.30000000000000004,0.9666666666666667,0.40000000000000013,0.9,0.2,0.08333333333333326,51.29,Not Placed,D,F
1.0,0.41666666666666663,0.6000000000000001,0.20000000000000004,1.0,0.11666666666666659,100.0,Placed,A,F
0.9,0.35,0.8,1.0,0.25,0.21666666666666667,100.0,Placed,A,F
1.0,0.33333333333333337,0.0,0.5000000000000001,0.7000000000000001,0.06666666666666665,100.0,Placed,A,F
1.0,0.5833333333333334,0.19999999999999996,0.30000000000000004,0.9500000000000001,0.8833333333333332,100.0,Placed,A,A
1.0,0.9166666666666666,1.0,0.4,0.05,0.5833333333333334,99.8,Placed,A,B
0.1,0.01666666666666672,0.0,0.9,0.75,0.8833333333333332,80.65,Placed,A,A
0.0,0.7666666666666667,0.8,0.5000000000000001,0.2,0.7833333333333333,92.45,Placed,A,A
0.8,0.7166666666666667,1.0,0.1,0.15000000000000002,0.6166666666666666,100.0,Placed,A,B
0.1,0.4833333333333333,0.19999999999999996,0.20000000000000004,0.0,0.033333333333333326,37.84,Not Placed,F,F
0.7000000000000001,0.43333333333333346,0.0,0.7000000000000001,0.35000000000000003,0.5833333333333334,95.1,Placed,A,B
0.8,0.09999999999999998,0.6000000000000001,0.7000000000000001,1.0,0.35,100.0,Placed,A,D
0.30000000000000004,0.31666666666666665,0.40000000000000013,0.0,0.45,0.11666666666666659,67.8,Not Placed,C,F
0.7000000000000001,0.8166666666666668,0.40000000000000013,0.9,0.7000000000000001,0.9999999999999999,100.0,Placed,A,A
0.8,0.5000000000000001,0.8,0.7000000000000001,0.05,0.21666666666666667,88.61,Placed,A,F
0.9,0.3666666666666666,0.19999999999999996,1.0,0.9,0.09999999999999998,78.87,Placed,B,F
0.9,0.20000000000000007,0.19999999999999996,0.1,0.55,0.04999999999999993,89.02,Placed,A,F
0.4,0.2666666666666667,0.40000000000000013,0.9,0.45,0.29999999999999993,68.14,Not Placed,C,D
0.6000000000000001,0.050000000000000044,0.0,0.9,0.55,0.6999999999999998,83.63,Placed,A,B
0.9,0.9333333333333335,0.19999999999999996,0.7000000000000001,1.0,0.7666666666666667,100.0,Placed,A,A
0.30000000000000004,0.21666666666666667,0.6000000000000001,0.9,0.9500000000000001,0.3833333333333333,93.49,Placed,A,D
0.0,0.31666666666666665,0.6000000000000001,0.4,0.4,0.25,69.94,Not Placed,C,D
0.20000000000000004,0.9833333333333333,0.19999999999999996,0.0,0.35000000000000003,0.08333333333333326,93.16,Placed,A,F
0.4,0.20000000000000007,0.19999999999999996,0.7000000000000001,0.05,0.7166666666666667,72.09,Placed,B,B
0.20000000000000004,0.033333333333333326,0.40000000000000013,0.4,1.0,0.11666666666666659,92.16,Placed,A,F
1.0,0.41666666666666663,0.8,0.0,0.30000000000000004,0.3999999999999999,100.0,Placed,A,D
0.6000000000000001,0.41666666666666663,0.40000000000000013,0.30000000000000004,0.15000000000000002,0.5166666666666667,97.87,Placed,A,C
0.8,0.2833333333333333,0.8,0.0,0.9,0.3999999999999999,100.0,Placed,A,D
0.5000000000000001,0.5166666666666667,0.6000000000000001,0.8,0.35000000000000003,0.1499999999999999,73.22,Placed,B,F
0.9,0.21666666666666667,0.8,0.9,0.6000000000000001,0.6999999999999998,100.0,Placed,A,B
0.0,0.7666666666666667,0.40000000000000013,0.1,1.0,0.6666666666666666,78.4,Placed,B,B
0.6000000000000001,0.033333333333333326,0.19999999999999996,0.7000000000000001,0.1,0.9499999999999998,91.85,Placed,A,A
0.20000000000000004,0.0,0.8,0.30000000000000004,0.2,0.2666666666666666,71.85,Placed,B,D
0.4,0.41666666666666663,0.40000000000000013,0.8,0.9500000000000001,0.9833333333333333,100.0,Placed,A,A
0.9,0.3833333333333334,0.6000000000000001,0.1,0.35000000000000003,0.7499999999999999,100.0,Placed,A,A
0.30000000000000004,0.7999999999999999,1.0,0.20000000000000004,0.05,0.033333333333333326,83.79,Placed,A,F
0.9,0.5666666666666668,0.8,0.1,0.45,0.1333333333333333,100.0,Placed,A,F
0.4,0.21666666666666667,0.6000000000000001,0.9,0.75,0.85,99.1,Placed,A,A
0.4,0.033333333333333326,0.6000000000000001,0.4,0.15000000000000002,0.9499999999999998,81.76,Placed,A,A
0.5000000000000001,0.20000000000000007,0.0,1.0,0.65,0.9833333333333333,90.51,Placed,A,A
0.9,0.7666666666666667,1.0,0.0,0.1,0.2833333333333333,99.61,Placed,A,D
0.9,0.8166666666666668,0.8,0.20000000000000004,0.45,0.7999999999999999,100.0,Placed,A,A
1.0,0.21666666666666667,0.40000000000000013,0.0,0.6000000000000001,0.4833333333333333,100.0,Placed,A,C
0.5000000000000001,0.33333333333333337,0.8,0.9,0.2,0.06666666666666665,66.88,Not Placed,C,F
0.7000000000000001,0.41666666666666663,0.8,0.7000000000000001,0.8,0.85,100.0,Placed,A,A
0.7000000000000001,0.033333333333333326,1.0,0.30000000000000004,0.8,0.5166666666666667,98.76,Placed,A,C
1.0,0.8333333333333334,0.6000000000000001,0.20000000000000004,0.5,0.8666666666666666,100.0,Placed,A,A
0.8,0.65,0.6000000000000001,0.7000000000000001,0.9,0.43333333333333324,100.0,Placed,A,C
0.7000000000000001,0.050000000000000044,0.6000000000000001,0.8,0.8500000000000001,0.33333333333333326,100.0,Placed,A,D
1.0,0.5833333333333334,0.6000000000000001,0.7000000000000001,0.8,0.3833333333333333,96.74,Placed,A,D
0.1,0.8333333333333334,1.0,0.5000000000000001,0.5,0.6166666666666666,90.08,Placed,A,B
0.9,0.7000000000000001,0.40000000000000013,0.20000000000000004,0.7000000000000001,0.033333333333333326,99.56,Placed,A,F
1.0,0.0,0.19999999999999996,0.7000000000000001,0.35000000000000003,0.25,86.44,Placed,A,D
0.0,0.65,0.0,0.4,0.55,0.23333333333333328,59.58,Not Placed,D,F
0.9,0.7666666666666667,0.6000000000000001,0.4,0.8,0.3999999999999999,100.0,Placed,A,D
0.1,0.5333333333333333,0.6000000000000001,0.8,0.2,0.11666666666666659,40.16,Not Placed,F,F
0.1,0.09999999999999998,0.0,0.0,0.15000000000000002,0.6666666666666666,67.21,Not Placed,C,B
0.20000000000000004,0.8666666666666666,0.6000000000000001,0.6000000000000001,0.5,0.04999999999999993,76.02,Placed,B,F
0.9,0.85,0.19999999999999996,0.7000000000000001,0.35000000000000003,0.5166666666666667,100.0,Placed,A,C
0.6000000000000001,0.85,0.8,1.0,0.75,0.7333333333333333,100.0,Placed,A,B
0.1,0.9166666666666666,0.0,0.9,0.75,0.9166666666666666,76.9,Placed,B,A
0.0,0.16666666666666674,0.40000000000000013,0.20000000000000004,0.1,0.9666666666666667,56.69,Not Placed,D,A
0.5000000000000001,0.43333333333333346,0.0,0.7000000000000001,0.55,0.5666666666666665,100.0,Placed,A,C
0.8,1.0,0.19999999999999996,0.0,0.6000000000000001,0.8666666666666666,100.0,Placed,A,A
0.20000000000000004,0.21666666666666667,1.0,0.7000000000000001,0.0,0.4833333333333333,42.65,Not Placed,F,C
0.5000000000000001,0.35,0.40000000000000013,0.6000000000000001,0.15000000000000002,0.6333333333333332,77.8,Placed,B,B
0.20000000000000004,0.25,0.8,0.30000000000000004,1.0,0.7833333333333333,100.0,Placed,A,A
0.0,0.7500000000000001,0.6000000000000001,1.0,0.25,0.7999999999999999,91.83,Placed,A,A
0.4,0.18333333333333335,0.0,0.6000000000000001,0.2,0.4833333333333333,82.08,Placed,A,C
0.9,0.7999999999999999,0.40000000000000013,0.9,0.2,0.2666666666666666,88.24,Placed,A,D
1.0,0.7500000000000001,0.0,1.0,1.0,0.29999999999999993,100.0,Placed,A,D
0.30000000000000004,0.15000000000000002,0.8,0.6000000000000001,0.45,0.85,68.04,Not Placed,C,A
0.6000000000000001,0.3833333333333334,0.0,0.9,0.9,0.4999999999999999,96.93,Placed,A,C
0.5000000000000001,1.0,0.40000000000000013,0.0,0.8500000000000001,0.2666666666666666,100.0,Placed,A,D
0.9,0.7500000000000001,0.19999999999999996,0.20000000000000004,0.05,0.9166666666666666,100.0,Placed,A,A
0.6000000000000001,0.2833333333333333,1.0,0.6000000000000001,0.75,0.016666666666666607,69.59,Not Placed,C,F
0.4,0.35,0.40000000000000013,1.0,0.7000000000000001,0.9666666666666667,86.06,Placed,A,A
0.30000000000000004,0.13333333333333341,0.0,0.4,0.2,0.6,64.55,Not Placed,C,B
0.6000000000000001,0.2666666666666667,0.8,0.8,1.0,0.7833333333333333,100.0,Placed,A,A
0.6000000000000001,0.6166666666666666,0.6000000000000001,0.6000000000000001,0.4,0.4666666666666667,89.89,Placed,A,C
0.5000000000000001,0.65,0.6000000000000001,0.20000000000000004,0.2,0.4833333333333333,100.0,Placed,A,C
0.7000000000000001,0.9500000000000001,0.8,0.0,0.2,0.8833333333333332,100.0,Placed,A,A
0.30000000000000004,0.20000000000000007,0.0,0.4,0.4,0.6999999999999998,71.48,Placed,B,B
0.9,0.8166666666666668,1.0,0.9,0.4,0.35,96.19,Placed,A,D
0.4,0.6,0.8,0.4,0.05,0.6166666666666666,81.05,Placed,A,B
0.30000000000000004,0.08333333333333337,0.0,0.6000000000000001,0.30000000000000004,0.16666666666666663,60.84,Not Placed,C,F
0.0,0.33333333333333337,0.40000000000000013,0.0,0.0,0.5333333333333333,61.42,Not Placed,C,C
0.7000000000000001,0.8333333333333334,1.0,0.9,0.9500000000000001,0.29999999999999993,100.0,Placed,A,D
0.0,0.5833333333333334,0.19999999999999996,0.1,0.05,0.033333333333333326,62.62,Not Placed,C,F
0.4,0.09999999999999998,0.0,1.0,0.55,0.65,88.51,Placed,A,B
0.5000000000000001,0.5833333333333334,0.6000000000000001,0.5000000000000001,0.25,0.35,76.2,Placed,B,D
0.5000000000000001,0.4,0.6000000000000001,0.7000000000000001,0.9500000000000001,0.2833333333333333,100.0,Placed,A,D
0.4,0.16666666666666674,1.0,0.30000000000000004,0.9,0.7333333333333333,95.75,Placed,A,B
0.20000000000000004,0.7166666666666667,0.19999999999999996,0.20000000000000004,0.75,0.4833333333333333,91.79,Placed,A,C
0.4,0.21666666666666667,0.0,0.20000000000000004,0.15000000000000002,0.0,59.2,Not Placed,D,F
0.7000000000000001,0.7333333333333333,0.19999999999999996,0.20000000000000004,0.8500000000000001,0.31666666666666665,99.46,Placed,A,D
0.1,0.4666666666666667,0.40000000000000013,0.1,0.2,0.7999999999999999,79.19,Placed,B,A
0.5000000000000001,0.15000000000000002,0.19999999999999996,0.0,0.8500000000000001,0.06666666666666665,87.39,Placed,A,F
0.8,0.8166666666666668,0.40000000000000013,0.4,0.25,0.18333333333333324,98.8,Placed,A,F
0.7000000000000001,0.7833333333333333,0.6000000000000001,0.9,0.65,0.16666666666666663,97.59,Placed,A,F
1.0,0.06666666666666665,0.40000000000000013,0.4,0.9500000000000001,0.3833333333333333,100.0,Placed,A,D
0.7000000000000001,0.1166666666666667,0.0,0.4,0.8,0.9499999999999998,100.0,Placed,A,A
0.7000000000000001,0.7500000000000001,1.0,0.30000000000000004,0.8500000000000001,0.2833333333333333,100.0,Placed,A,D
0.6000000000000001,0.06666666666666665,1.0,0.20000000000000004,1.0,0.11666666666666659,99.39,Placed,A,F
0.7000000000000001,0.9500000000000001,0.0,0.20000000000000004,0.45,0.4666666666666667,96.03,Placed,A,C
0.5000000000000001,0.9833333333333333,0.0,0.1,0.9,0.9166666666666666,100.0,Placed,A,A
0.1,0.3833333333333334,0.0,0.4,0.8500000000000001,0.35,86.35,Placed,A,D
0.1,0.65,0.8,0.30000000000000004,0.15000000000000002,0.9166666666666666,86.7,Placed,A,A
0.7000000000000001,0.9333333333333335,0.40000000000000013,0.5000000000000001,0.9500000000000001,0.7333333333333333,100.0,Placed,A,B
1.0,0.41666666666666663,0.0,0.1,0.7000000000000001,0.016666666666666607,100.0,Placed,A,F
0.0,0.08333333333333337,1.0,0.1,0.25,0.3666666666666666,64.94,Not Placed,C,D
0.5000000000000001,0.25,0.19999999999999996,0.7000000000000001,0.25,0.25,60.92,Not Placed,C,D
0.5000000000000001,0.9833333333333333,0.19999999999999996,0.5000000000000001,0.1,0.7166666666666667,84.07,Placed,A,B
1.0,0.5833333333333334,0.8,0.20000000000000004,0.4,0.11666666666666659,100.0,Placed,A,F
0.30000000000000004,0.18333333333333335,0.40000000000000013,0.4,0.5,0.04999999999999993,56.73,Not Placed,D,F
1.0,0.16666666666666674,0.40000000000000013,0.20000000000000004,0.2,0.21666666666666667,85.57,Placed,A,F
1.0,0.033333333333333326,0.40000000000000013,1.0,0.65,0.1333333333333333,89.83,Placed,A,F
0.9,0.7166666666666667,1.0,0.1,0.05,0.16666666666666663,84.9,Placed,A,F
0.20000000000000004,0.6,1.0,0.20000000000000004,0.9,0.7833333333333333,100.0,Placed,A,A
1.0,0.08333333333333337,0.8,0.0,0.35000000000000003,0.6166666666666666,100.0,Placed,A,B
0.20000000000000004,0.30000000000000004,0.40000000000000013,0.6000000000000001,0.6000000000000001,0.7166666666666667,86.49,Placed,A,B
0.0,0.2833333333333333,0.40000000000000013,0.5000000000000001,0.9,0.8333333333333334,83.01,Placed,A,A
0.20000000000000004,0.25,0.0,0.4,0.2,0.25,68.24,Not Placed,C,D
0.30000000000000004,0.3666666666666666,0.40000000000000013,0.5000000000000001,0.7000000000000001,0.19999999999999996,83.29,Placed,A,F
1.0,0.7000000000000001,1.0,0.7000000000000001,0.15000000000000002,0.5833333333333334,100.0,Placed,A,B
1.0,0.6,0.0,0.20000000000000004,0.15000000000000002,0.7166666666666667,100.0,Placed,A,B
0.4,0.13333333333333341,0.0,0.20000000000000004,0.8500000000000001,0.5833333333333334,87.53,Placed,A,B
0.20000000000000004,0.033333333333333326,0.40000000000000013,0.4,0.9,0.2666666666666666,69.14,Not Placed,C,D
0.5000000000000001,0.1166666666666667,0.19999999999999996,0.4,0.9500000000000001,0.21666666666666667,79.75,Placed,B,F
1.0,0.6166666666666666,0.6000000000000001,1.0,0.4,0.4666666666666667,100.0,Placed,A,C
0.4,0.050000000000000044,1.0,0.0,0.7000000000000001,0.9499999999999998,80.27,Placed,A,A
0.20000000000000004,0.18333333333333335,0.19999999999999996,0.30000000000000004,0.55,0.2666666666666666,58.69,Not Placed,D,D
0.5000000000000001,0.7166666666666667,0.40000000000000013,0.8,0.15000000000000002,0.0,61.65,Not Placed,C,F
0.5000000000000001,0.5000000000000001,0.40000000000000013,0.7000000000000001,0.1,0.31666666666666665,65.8,Not Placed,C,D
0.7000000000000001,0.4,0.19999999999999996,0.20000000000000004,0.2,0.5333333333333333,96.37,Placed,A,C
0.1,0.8666666666666666,0.40000000000000013,0.4,0.8,0.8833333333333332,86.46,Placed,A,A
0.0,0.25,1.0,0.4,0.2,0.016666666666666607,35.96,Not Placed,F,F
0.30000000000000004,0.6833333333333335,0.0,0.6000000000000001,0.15000000000000002,0.2666666666666666,48.05,Not Placed,F,D
0.6000000000000001,0.8833333333333334,0.8,0.7000000000000001,1.0,0.3666666666666666,100.0,Placed,A,D
1.0,0.21666666666666667,0.40000000000000013,0.8,0.30000000000000004,0.35,86.68,Placed,A,D
0.9,0.20000000000000007,0.40000000000000013,0.6000000000000001,0.30000000000000004,0.0,76.03,Placed,B,F
0.20000000000000004,0.6666666666666666,0.19999999999999996,0.1,0.30000000000000004,0.18333333333333324,88.44,Placed,A,F
0.20000000000000004,0.09999999999999998,0.0,0.7000000000000001,0.8,0.19999999999999996,71.38,Placed,B,F
0.4,0.18333333333333335,0.19999999999999996,0.7000000000000001,0.7000000000000001,0.21666666666666667,68.61,Not Placed,C,F
0.4,0.6,1.0,1.0,0.30000000000000004,0.1499999999999999,60.33,Not Placed,C,F
0.9,0.8166666666666668,0.19999999999999996,0.1,0.7000000000000001,0.18333333333333324,100.0,Placed,A,F
0.20000000000000004,0.050000000000000044,0.40000000000000013,0.5000000000000001,0.9500000000000001,0.9333333333333332,96.98,Placed,A,A
0.8,0.01666666666666672,0.0,0.9,0.15000000000000002,0.35,66.85,Not Placed,C,D
0.30000000000000004,0.5666666666666668,1.0,0.0,0.05,0.2833333333333333,79.27,Placed,B,D
0.20000000000000004,0.9500000000000001,0.40000000000000013,1.0,0.6000000000000001,0.6333333333333332,82.93,Placed,A,B
1.0,0.7166666666666667,1.0,0.6000000000000001,0.55,0.29999999999999993,100.0,Placed,A,D
0.1,0.033333333333333326,0.40000000000000013,0.9,0.45,0.4833333333333333,42.75,Not Placed,F,C
0.9,0.050000000000000044,0.40000000000000013,0.1,0.9,0.23333333333333328,100.0,Placed,A,F
1.0,0.6166666666666666,0.40000000000000013,0.4,0.7000000000000001,0.6333333333333332,100.0,Placed,A,B
0.8,0.18333333333333335,0.8,0.6000000000000001,0.8,0.21666666666666667,100.0,Placed,A,F
0.30000000000000004,0.30000000000000004,0.6000000000000001,0.9,1.0,0.1333333333333333,73.04,Placed,B,F
0.20000000000000004,0.15000000000000002,0.0,1.0,0.25,0.06666666666666665,38.61,Not Placed,F,F
0.6000000000000001,0.0,0.8,0.8,0.2,0.5333333333333333,72.5,Placed,B,C
0.7000000000000001,0.2666666666666667,0.6000000000000001,0.0,1.0,0.7833333333333333,100.0,Placed,A,A
1.0,0.25,1.0,0.8,0.6000000000000001,0.06666666666666665,97.48,Placed,A,F
0.1,0.13333333333333341,0.6000000000000001,1.0,0.65,0.3833333333333333,55.75,Not Placed,D,D
0.6000000000000001,0.9333333333333335,0.6000000000000001,0.4,0.65,0.11666666666666659,100.0,Placed,A,F
0.4,0.8666666666666666,0.8,0.5000000000000001,0.7000000000000001,0.29999999999999993,100.0,Placed,A,D
1.0,0.13333333333333341,0.0,0.7000000000000001,0.75,0.85,100.0,Placed,A,A
0.4,0.9666666666666667,0.19999999999999996,1.0,0.45,0.18333333333333324,91.13,Placed,A,F
0.20000000000000004,0.9,0.6000000000000001,0.1,0.0,0.11666666666666659,53.14,Not Placed,D,F
0.4,0.13333333333333341,0.19999999999999996,0.6000000000000001,0.5,0.11666666666666659,60.17,Not Placed,C,F
0.1,0.18333333333333335,0.19999999999999996,0.30000000000000004,0.30000000000000004,0.9,86.05,Placed,A,A
0.30000000000000004,0.9,0.40000000000000013,0.8,0.8,0.6166666666666666,100.0,Placed,A,B
0.5000000000000001,0.6666666666666666,0.19999999999999996,0.5000000000000001,0.15000000000000002,0.31666666666666665,69.72,Not Placed,C,D
0.0,0.2333333333333334,1.0,0.6000000000000001,0.30000000000000004,0.9499999999999998,83.96,Placed,A,A
0.9,0.01666666666666672,1.0,1.0,0.1,0.4666666666666667,74.94,Placed,B,C
0.30000000000000004,0.16666666666666674,0.40000000000000013,0.5000000000000001,0.9500000000000001,0.6666666666666666,94.95,Placed,A,B
0.5000000000000001,0.16666666666666674,0.0,1.0,0.65,0.5499999999999999,89.86,Placed,A,C
0.8,0.1166666666666667,0.0,0.7000000000000001,0.8500000000000001,0.2833333333333333,98.45,Placed,A,D
1.0,0.9,1.0,0.5000000000000001,0.8500000000000001,0.0,100.0,Placed,A,F
1.0,0.5166666666666667,0.40000000000000013,0.6000000000000001,0.0,0.16666666666666663,81.25,Placed,A,F
0.1,0.08333333333333337,0.0,0.7000000000000001,0.25,0.7666666666666667,66.74,Not Placed,C,A
1.0,0.8666666666666666,0.6000000000000001,0.0,0.4,0.7166666666666667,100.0,Placed,A,B
0.6000000000000001,0.31666666666666665,0.0,0.9,0.05,0.5666666666666665,68.61,Not Placed,C,C
0.5000000000000001,0.6333333333333334,0.40000000000000013,0.30000000000000004,0.35000000000000003,0.8333333333333334,89.76,Placed,A,A
0.1,0.5666666666666668,1.0,0.5000000000000001,0.9500000000000001,0.85,100.0,Placed,A,A
0.7000000000000001,0.1166666666666667,0.6000000000000001,0.0,0.15000000000000002,0.5166666666666667,84.75,Placed,A,C
0.6000000000000001,0.8166666666666668,0.19999999999999996,0.30000000000000004,1.0,0.8333333333333334,100.0,Placed,A,A
1.0,0.7999999999999999,0.19999999999999996,0.5000000000000001,0.45,0.6833333333333332,100.0,Placed,A,B
0.4,0.7000000000000001,0.19999999999999996,0.6000000000000001,0.0,0.25,67.46,Not Placed,C,D
0.4,0.5499999999999999,1.0,0.5000000000000001,0.5,0.08333333333333326,97.18,Placed,A,F
0.6000000000000001,0.9333333333333335,0.40000000000000013,1.0,0.4,0.1333333333333333,88.16,Placed,A,F
0.8,0.8666666666666666,0.19999999999999996,0.30000000000000004,0.9,0.65,100.0,Placed,A,B
1.0,0.9666666666666667,0.0,0.6000000000000001,0.5,0.35,100.0,Placed,A,D
0.8,0.9166666666666666,0.19999999999999996,0.9,0.15000000000000002,0.7833333333333333,100.0,Placed,A,A
0.8,0.30000000000000004,0.8,0.1,0.2,0.11666666666666659,85.99,Placed,A,F
0.5000000000000001,0.09999999999999998,1.0,0.5000000000000001,1.0,0.9166666666666666,100.0,Placed,A,A
0.9,0.5000000000000001,0.8,0.4,0.8,0.5166666666666667,100.0,Placed,A,C
0.5000000000000001,0.2833333333333333,0.19999999999999996,0.1,0.8500000000000001,0.41666666666666663,100.0,Placed,A,C
0.20000000000000004,0.65,0.19999999999999996,0.8,0.2,0.8833333333333332,82.07,Placed,A,A
0.0,0.21666666666666667,0.8,0.6000000000000001,0.8500000000000001,0.2833333333333333,100.0,Placed,A,D
0.6000000000000001,0.6333333333333334,1.0,0.20000000000000004,0.8,0.6,100.0,Placed,A,B
0.30000000000000004,0.9833333333333333,1.0,0.6000000000000001,0.1,0.85,76.85,Placed,B,A
0.0,0.8666666666666666,0.19999999999999996,1.0,0.5,0.18333333333333324,57.71,Not Placed,D,F
0.7000000000000001,0.9833333333333333,1.0,1.0,0.8,0.6166666666666666,100.0,Placed,A,B
0.5000000000000001,0.9666666666666667,0.6000000000000001,0.5000000000000001,0.35000000000000003,0.5499999999999999,100.0,Placed,A,C
0.5000000000000001,0.5833333333333334,1.0,0.6000000000000001,0.35000000000000003,0.04999999999999993,79.28,Placed,B,F
0.1,0.2666666666666667,0.8,0.30000000000000004,0.05,0.25,64.82,Not Placed,C,D
0.0,0.6,0.40000000000000013,0.9,0.30000000000000004,0.9999999999999999,66.13,Not Placed,C,A
0.1,0.7166666666666667,0.8,0.7000000000000001,1.0,0.3833333333333333,98.28,Placed,A,D
0.30000000000000004,0.13333333333333341,0.0,0.7000000000000001,0.9500000000000001,0.21666666666666667,61.96,Not Placed,C,F
0.1,0.9500000000000001,0.6000000000000001,0.6000000000000001,1.0,0.2666666666666666,93.05,Placed,A,D
0.0,0.31666666666666665,0.40000000000000013,0.6000000000000001,0.25,0.8333333333333334,58.69,Not Placed,D,A
0.6000000000000001,0.7333333333333333,0.19999999999999996,0.9,0.9500000000000001,0.4999999999999999,100.0,Placed,A,C
1.0,0.9333333333333335,0.0,0.7000000000000001,0.8500000000000001,0.04999999999999993,91.39,Placed,A,F
1.0,0.45000000000000007,0.0,0.0,0.30000000000000004,0.8166666666666665,100.0,Placed,A,A
0.7000000000000001,0.8166666666666668,0.6000000000000001,0.5000000000000001,0.8500000000000001,0.7166666666666667,100.0,Placed,A,B
0.5000000000000001,0.31666666666666665,0.40000000000000013,0.1,0.55,0.5499999999999999,93.89,Placed,A,C
0.30000000000000004,0.6666666666666666,0.0,0.0,0.30000000000000004,0.6166666666666666,88.77,Placed,A,B
0.5000000000000001,0.5833333333333334,0.40000000000000013,0.9,0.30000000000000004,0.6166666666666666,76.99,Placed,B,B
0.20000000000000004,0.8666666666666666,0.40000000000000013,0.6000000000000001,0.0,0.033333333333333326,53.07,Not Placed,D,F
0.7000000000000001,0.43333333333333346,1.0,0.5000000000000001,0.45,0.11666666666666659,75.23,Placed,B,F
0.9,0.1166666666666667,0.0,0.4,0.45,0.18333333333333324,84.76,Placed,A,F
0.1,0.5166666666666667,0.40000000000000013,0.4,0.55,0.5666666666666665,94.82,Placed,A,C
0.4,0.0,0.6000000000000001,0.8,0.1,0.016666666666666607,55.33,Not Placed,D,F
0.0,0.2666666666666667,0.0,0.8,0.1,0.8666666666666666,40.76,Not Placed,F,A
0.5000000000000001,0.9333333333333335,0.6000000000000001,0.5000000000000001,0.6000000000000001,0.4666666666666667,100.0,Placed,A,C
0.1,0.13333333333333341,0.6000000000000001,0.20000000000000004,0.6000000000000001,0.3666666666666666,86.41,Placed,A,D
0.30000000000000004,0.31666666666666665,0.40000000000000013,0.6000000000000001,0.25,0.5333333333333333,61.49,Not Placed,C,C
0.5000000000000001,0.7333333333333333,0.40000000000000013,0.30000000000000004,0.1,0.8166666666666665,90.84,Placed,A,A
0.9,0.5166666666666667,1.0,0.4,0.7000000000000001,0.2833333333333333,100.0,Placed,A,D
1.0,0.01666666666666672,1.0,0.6000000000000001,0.4,0.65,100.0,Placed,A,B
0.7000000000000001,0.5166666666666667,0.0,0.6000000000000001,1.0,0.9499999999999998,100.0,Placed,A,A
0.7000000000000001,0.7333333333333333,1.0,0.9,0.25,0.35,99.42,Placed,A,D
1.0,0.13333333333333341,0.19999999999999996,0.7000000000000001,0.25,0.21666666666666667,84.23,Placed,A,F
0.5000000000000001,0.4833333333333333,0.0,0.0,0.35000000000000003,0.4666666666666667,99.53,Placed,A,C
0.30000000000000004,0.31666666666666665,0.6000000000000001,0.4,0.5,0.7333333333333333,69.07,Not Placed,C,B
0.7000000000000001,0.6166666666666666,1.0,0.8,0.9,0.23333333333333328,97.41,Placed,A,F
0.7000000000000001,0.9833333333333333,1.0,0.6000000000000001,0.75,0.23333333333333328,100.0,Placed,A,F
0.9,0.0,1.0,1.0,0.4,0.7333333333333333,95.63,Placed,A,B
0.0,0.9833333333333333,0.40000000000000013,0.1,0.5,0.04999999999999993,79.06,Placed,B,F
0.30000000000000004,0.9333333333333335,0.6000000000000001,0.0,0.75,0.5833333333333334,100.0,Placed,A,B
0.30000000000000004,0.06666666666666665,1.0,0.7000000000000001,0.25,0.06666666666666665,70.15,Placed,B,F
0.6000000000000001,0.5666666666666668,0.8,0.8,0.8,0.033333333333333326,98.33,Placed,A,F
1.0,0.5833333333333334,0.8,0.9,0.75,0.18333333333333324,100.0,Placed,A,F
0.6000000000000001,0.0,0.6000000000000001,0.4,0.9500000000000001,0.31666666666666665,97.86,Placed,A,D
1.0,0.21666666666666667,1.0,1.0,1.0,0.7166666666666667,100.0,Placed,A,B
0.7000000000000001,0.13333333333333341,0.19999999999999996,0.5000000000000001,0.8500000000000001,0.31666666666666665,100.0,Placed,A,D
1.0,0.4833333333333333,0.19999999999999996,0.1,0.0,0.6333333333333332,100.0,Placed,A,B
0.4,0.3833333333333334,0.0,1.0,0.8500000000000001,0.6333333333333332,80.31,Placed,A,B
0.6000000000000001,0.050000000000000044,0.0,0.4,0.35000000000000003,0.0,76.14,Placed,B,F
0.7000000000000001,0.8166666666666668,1.0,0.30000000000000004,0.45,0.7166666666666667,100.0,Placed,A,B
0.8,0.21666666666666667,0.0,0.7000000000000001,0.05,0.033333333333333326,67.47,Not Placed,C,F
0.20000000000000004,0.4,0.40000000000000013,0.7000000000000001,0.4,0.7666666666666667,82.36,Placed,A,A
0.20000000000000004,0.050000000000000044,0.19999999999999996,0.4,0.15000000000000002,0.1333333333333333,58.71,Not Placed,D,F
0.30000000000000004,0.4,0.6000000000000001,1.0,0.5,0.8833333333333332,88.1,Placed,A,A
0.4,0.15000000000000002,1.0,0.7000000000000001,0.45,0.8833333333333332,89.16,Placed,A,A
0.9,0.5666666666666668,1.0,0.5000000000000001,0.65,0.31666666666666665,100.0,Placed,A,D
0.0,0.9,0.8,0.9,0.30000000000000004,0.9499999999999998,81.6,Placed,A,A
0.6000000000000001,0.09999999999999998,0.19999999999999996,0.5000000000000001,0.9,0.1333333333333333,100.0,Placed,A,F
0.8,0.6833333333333335,0.19999999999999996,0.30000000000000004,0.25,0.4999999999999999,93.38,Placed,A,C
0.7000000000000001,0.20000000000000007,0.19999999999999996,0.9,0.75,0.7499999999999999,91.64,Placed,A,A
0.4,0.050000000000000044,0.0,1.0,0.9,0.44999999999999984,89.2,Placed,A,C
0.30000000000000004,0.8166666666666668,0.40000000000000013,0.20000000000000004,0.9,0.5666666666666665,100.0,Placed,A,C
0.6000000000000001,0.7000000000000001,0.6000000000000001,0.8,0.6000000000000001,0.65,84.0,Placed,A,B
0.4,0.9333333333333335,0.0,0.4,0.55,0.9999999999999999,100.0,Placed,A,A
0.6000000000000001,0.5833333333333334,0.40000000000000013,0.9,0.7000000000000001,0.6166666666666666,100.0,Placed,A,B
0.0,0.9166666666666666,0.19999999999999996,0.9,0.35000000000000003,0.7166666666666667,65.24,Not Placed,C,B
0.0,0.21666666666666667,0.40000000000000013,0.30000000000000004,0.15000000000000002,0.016666666666666607,37.81,Not Placed,F,F
0.9,0.2833333333333333,0.0,0.5000000000000001,0.9500000000000001,0.033333333333333326,100.0,Placed,A,F
0.20000000000000004,0.1166666666666667,0.19999999999999996,0.30000000000000004,0.35000000000000003,0.21666666666666667,49.59,Not Placed,F,F
1.0,0.5166666666666667,0.0,0.5000000000000001,1.0,0.2666666666666666,100.0,Placed,A,D
0.1,0.43333333333333346,0.6000000000000001,0.9,0.75,0.5666666666666665,90.25,Placed,A,C
0.1,0.6833333333333335,0.19999999999999996,0.7000000000000001,0.75,0.04999999999999993,83.41,Placed,A,F
0.6000000000000001,0.6,0.40000000000000013,0.7000000000000001,0.05,0.7666666666666667,80.59,Placed,A,A
0.9,0.3666666666666666,0.0,0.5000000000000001,0.8,0.4833333333333333,100.0,Placed,A,C
0.1,0.09999999999999998,0.8,0.0,0.2,0.8833333333333332,83.67,Placed,A,A
1.0,0.18333333333333335,0.40000000000000013,0.0,0.2,0.9499999999999998,100.0,Placed,A,A
0.30000000000000004,0.4,0.40000000000000013,0.20000000000000004,0.55,0.6333333333333332,85.08,Placed,A,B
0.1,0.033333333333333326,0.19999999999999996,0.1,0.30000000000000004,0.8333333333333334,64.22,Not Placed,C,A
0.5000000000000001,0.41666666666666663,1.0,0.0,0.2,0.21666666666666667,64.97,Not Placed,C,F
0.7000000000000001,0.050000000000000044,0.40000000000000013,0.0,0.15000000000000002,0.7833333333333333,100.0,Placed,A,A
0.9,0.6833333333333335,0.0,0.5000000000000001,0.8,0.43333333333333324,100.0,Placed,A,C
0.30000000000000004,0.5833333333333334,0.8,0.6000000000000001,0.25,0.19999999999999996,78.9,Placed,B,F
0.4,0.2333333333333334,0.6000000000000001,0.7000000000000001,0.65,0.9,96.69,Placed,A,A
0.30000000000000004,0.5166666666666667,0.8,0.20000000000000004,0.4,0.9999999999999999,84.58,Placed,A,A
0.20000000000000004,0.4666666666666667,0.0,0.0,0.15000000000000002,0.31666666666666665,68.76,Not Placed,C,D
0.4,0.15000000000000002,0.19999999999999996,0.4,0.5,0.7999999999999999,96.46,Placed,A,A
0.8,0.33333333333333337,0.0,0.7000000000000001,0.9500000000000001,0.7999999999999999,100.0,Placed,A,A
0.7000000000000001,0.8833333333333334,1.0,1.0,1.0,0.3833333333333333,100.0,Placed,A,D
0.7000000000000001,0.25,1.0,1.0,0.75,0.1499999999999999,93.9,Placed,A,F
0.7000000000000001,0.7666666666666667,1.0,0.30000000000000004,0.75,0.09999999999999998,86.22,Placed,A,F
0.7000000000000001,0.30000000000000004,0.40000000000000013,0.1,0.75,0.85,100.0,Placed,A,A
0.6000000000000001,0.4666666666666667,0.19999999999999996,0.8,0.25,0.2666666666666666,76.21,Placed,B,D
0.7000000000000001,0.85,1.0,0.8,0.7000000000000001,0.35,100.0,Placed,A,D
1.0,0.8333333333333334,0.6000000000000001,0.20000000000000004,0.1,0.9666666666666667,100.0,Placed,A,A
0.7000000000000001,0.2833333333333333,0.6000000000000001,0.6000000000000001,0.4,0.7166666666666667,100.0,Placed,A,B
0.7000000000000001,0.9500000000000001,0.0,0.0,0.0,0.16666666666666663,72.13,Placed,B,F
0.9,0.7166666666666667,1.0,0.7000000000000001,0.5,0.6833333333333332,100.0,Placed,A,B
0.6000000000000001,0.9333333333333335,0.40000000000000013,0.7000000000000001,0.25,0.3666666666666666,94.72,Placed,A,D
0.0,0.25,0.6000000000000001,0.20000000000000004,0.2,0.8833333333333332,60.45,Not Placed,C,A
0.30000000000000004,0.0,0.8,0.4,0.8500000000000001,0.9833333333333333,100.0,Placed,A,A
0.30000000000000004,0.7833333333333333,0.19999999999999996,0.30000000000000004,1.0,0.35,100.0,Placed,A,D
0.4,0.01666666666666672,0.8,0.6000000000000001,0.55,0.65,100.0,Placed,A,B
0.9,0.9166666666666666,0.6000000000000001,1.0,0.30000000000000004,0.7666666666666667,100.0,Placed,A,A
0.5000000000000001,0.2333333333333334,0.6000000000000001,0.6000000000000001,0.05,0.8833333333333332,78.63,Placed,B,A
0.30000000000000004,0.6333333333333334,0.0,1.0,0.30000000000000004,0.2833333333333333,63.36,Not Placed,C,D
0.1,0.45000000000000007,0.0,0.7000000000000001,0.4,0.9,65.63,Not Placed,C,A
0.5000000000000001,0.0,1.0,0.4,0.9500000000000001,0.7333333333333333,100.0,Placed,A,B
0.7000000000000001,0.06666666666666665,0.19999999999999996,1.0,0.35000000000000003,0.41666666666666663,54.75,Not Placed,D,C
0.7000000000000001,0.6833333333333335,1.0,0.4,0.4,0.7833333333333333,100.0,Placed,A,A
0.6000000000000001,0.35,0.0,0.7000000000000001,0.45,0.4833333333333333,90.79,Placed,A,C
0.5000000000000001,0.8666666666666666,0.40000000000000013,0.4,0.55,0.19999999999999996,99.07,Placed,A,F
0.1,0.5833333333333334,0.19999999999999996,0.0,0.05,0.04999999999999993,64.68,Not Placed,C,F
0.6000000000000001,0.7500000000000001,0.40000000000000013,1.0,0.45,0.6999999999999998,86.01,Placed,A,B
1.0,0.20000000000000007,1.0,0.20000000000000004,0.1,0.43333333333333324,88.56,Placed,A,C
0.4,0.0,0.0,0.1,0.0,0.8333333333333334,77.56,Placed,B,A
0.5000000000000001,0.25,0.19999999999999996,0.9,0.8,0.65,82.55,Placed,A,B
0.9,0.9,1.0,0.4,0.0,0.1499999999999999,86.09,Placed,A,F
0.7000000000000001,0.6666666666666666,0.6000000000000001,0.7000000000000001,0.2,0.7166666666666667,99.74,Placed,A,B
0.7000000000000001,0.35,1.0,0.8,0.65,0.44999999999999984,100.0,Placed,A,C
0.20000000000000004,0.5166666666666667,0.8,0.8,0.25,0.33333333333333326,91.89,Placed,A,D
0.6000000000000001,0.25,0.6000000000000001,0.0,0.4,0.85,100.0,Placed,A,A
0.0,0.8333333333333334,0.40000000000000013,0.0,0.65,0.16666666666666663,81.03,Placed,A,F
0.0,0.2333333333333334,0.6000000000000001,0.0,0.15000000000000002,0.31666666666666665,53.52,Not Placed,D,D
0.6000000000000001,0.9500000000000001,1.0,0.0,0.0,0.8666666666666666,100.0,Placed,A,A
0.9,0.7500000000000001,0.6000000000000001,0.8,0.25,0.9833333333333333,100.0,Placed,A,A
0.8,0.85,0.8,0.0,0.30000000000000004,0.5833333333333334,100.0,Placed,A,B
0.6000000000000001,0.6833333333333335,1.0,0.6000000000000001,1.0,0.29999999999999993,100.0,Placed,A,D
0.9,0.8666666666666666,0.8,0.5000000000000001,0.25,0.85,100.0,Placed,A,A
0.4,0.18333333333333335,0.6000000000000001,0.8,0.0,0.1499999999999999,55.3,Not Placed,D,F
0.7000000000000001,0.9833333333333333,0.8,1.0,0.35000000000000003,0.23333333333333328,100.0,Placed,A,F
0.1,0.0,0.6000000000000001,0.8,0.55,0.7333333333333333,77.72,Placed,B,B
0.8,0.8666666666666666,0.19999999999999996,0.30000000000000004,0.5,0.7333333333333333,100.0,Placed,A,B
0.5000000000000001,0.2666666666666667,0.6000000000000001,0.8,0.05,0.8666666666666666,79.73,Placed,B,A
0.8,0.6666666666666666,0.0,0.5000000000000001,0.05,0.9833333333333333,85.96,Placed,A,A
0.1,0.9,0.8,0.4,0.05,0.2833333333333333,50.44,Not Placed,D,D
0.20000000000000004,0.8333333333333334,0.8,0.8,0.35000000000000003,0.09999999999999998,78.55,Placed,B,F
0.7000000000000001,0.9333333333333335,0.40000000000000013,0.6000000000000001,1.0,0.4833333333333333,100.0,Placed,A,C
0.0,0.8166666666666668,0.40000000000000013,0.8,0.30000000000000004,0.21666666666666667,64.15,Not Placed,C,F
0.9,0.45000000000000007,0.0,0.4,0.75,0.6,100.0,Placed,A,B
0.6000000000000001,0.09999999999999998,0.8,0.30000000000000004,0.4,0.6666666666666666,97.19,Placed,A,B
0.6000000000000001,0.13333333333333341,0.8,0.9,0.75,0.4833333333333333,100.0,Placed,A,C
0.0,0.35,0.40000000000000013,0.20000000000000004,0.05,0.8833333333333332,66.66,Not Placed,C,A
0.8,0.41666666666666663,0.40000000000000013,0.4,0.1,0.43333333333333324,63.91,Not Placed,C,C
0.7000000000000001,0.8666666666666666,0.6000000000000001,0.8,0.05,0.7999999999999999,100.0,Placed,A,A
0.30000000000000004,0.18333333333333335,1.0,0.20000000000000004,0.9,0.9333333333333332,99.4,Placed,A,A
0.9,0.09999999999999998,0.8,0.0,0.8,0.6,100.0,Placed,A,B
1.0,0.7500000000000001,0.8,0.1,0.9500000000000001,0.7833333333333333,100.0,Placed,A,A
0.4,0.7666666666666667,0.6000000000000001,0.9,1.0,0.6666666666666666,100.0,Placed,A,B
0.1,0.2333333333333334,0.8,0.4,0.55,0.2666666666666666,87.8,Placed,A,D
0.8,0.6166666666666666,0.0,0.20000000000000004,0.5,0.4833333333333333,100.0,Placed,A,C
0.5000000000000001,0.33333333333333337,0.40000000000000013,0.5000000000000001,0.9500000000000001,0.2833333333333333,100.0,Placed,A,D
0.20000000000000004,0.21666666666666667,0.40000000000000013,1.0,0.9,0.033333333333333326,66.75,Not Placed,C,F
0.6000000000000001,0.01666666666666672,1.0,0.7000000000000001,0.25,0.44999999999999984,78.15,Placed,B,C
0.8,0.1166666666666667,0.40000000000000013,0.5000000000000001,0.45,0.6,93.78,Placed,A,B
0.20000000000000004,0.7333333333333333,0.19999999999999996,0.9,0.65,0.4833333333333333,87.94,Placed,A,C
0.1,0.9,0.0,0.8,0.0,0.8833333333333332,68.9,Not Placed,C,A
0.6000000000000001,0.08333333333333337,0.0,0.5000000000000001,0.7000000000000001,0.33333333333333326,92.22,Placed,A,D
0.6000000000000001,0.6,0.6000000000000001,0.4,0.25,0.7999999999999999,97.73,Placed,A,A
0.30000000000000004,0.6,0.19999999999999996,0.30000000000000004,0.6000000000000001,0.31666666666666665,93.75,Placed,A,D
1.0,0.9333333333333335,0.8,0.1,0.65,0.35,100.0,Placed,A,D
0.8,0.5333333333333333,1.0,0.5000000000000001,0.6000000000000001,0.5833333333333334,100.0,Placed,A,B
0.7000000000000001,0.6666666666666666,0.0,0.1,0.75,0.5833333333333334,100.0,Placed,A,B
0.0,0.08333333333333337,0.19999999999999996,0.4,0.0,0.33333333333333326,53.84,Not Placed,D,D
0.0,0.85,0.19999999999999996,0.0,0.65,0.3833333333333333,100.0,Placed,A,D
0.4,0.41666666666666663,0.0,0.20000000000000004,0.6000000000000001,0.33333333333333326,76.88,Placed,B,D
0.5000000000000001,0.6333333333333334,0.6000000000000001,0.9,0.45,0.09999999999999998,88.12,Placed,A,F
0.20000000000000004,0.6666666666666666,0.19999999999999996,0.4,0.45,0.11666666666666659,77.17,Placed,B,F
0.8,0.6,0.40000000000000013,0.6000000000000001,0.15000000000000002,0.35,98.56,Placed,A,D
0.9,0.21666666666666667,0.19999999999999996,0.7000000000000001,0.65,0.35,93.54,Placed,A,D
0.5000000000000001,0.6,0.8,0.6000000000000001,0.55,0.4833333333333333,97.53,Placed,A,C
0.30000000000000004,0.1166666666666667,0.0,0.6000000000000001,0.25,0.5499999999999999,59.7,Not Placed,D,C
0.6000000000000001,0.6333333333333334,0.8,1.0,0.7000000000000001,0.4666666666666667,100.0,Placed,A,C
0.7000000000000001,0.20000000000000007,0.6000000000000001,0.1,0.2,0.9999999999999999,94.56,Placed,A,A
0.8,0.20000000000000007,1.0,0.5000000000000001,0.45,0.1499999999999999,100.0,Placed,A,F
1.0,0.65,0.40000000000000013,0.4,0.4,0.06666666666666665,100.0,Placed,A,F
0.5000000000000001,0.7000000000000001,0.0,1.0,0.45,0.7999999999999999,100.0,Placed,A,A
0.5000000000000001,0.45000000000000007,0.19999999999999996,0.8,0.55,0.9333333333333332,89.6,Placed,A,A
0.7000000000000001,0.9500000000000001,0.40000000000000013,0.9,0.15000000000000002,0.6333333333333332,96.81,Placed,A,B
0.4,0.2833333333333333,0.19999999999999996,1.0,0.15000000000000002,0.5499999999999999,66.63,Not Placed,C,C
0.20000000000000004,0.9333333333333335,0.6000000000000001,0.30000000000000004,0.6000000000000001,0.6166666666666666,100.0,Placed,A,B
0.20000000000000004,0.30000000000000004,1.0,0.6000000000000001,0.65,0.1499999999999999,83.68,Placed,A,F
0.5000000000000001,0.6166666666666666,0.0,1.0,0.55,0.1333333333333333,62.3,Not Placed,C,F
0.1,0.5166666666666667,0.6000000000000001,0.7000000000000001,0.6000000000000001,0.9833333333333333,100.0,Placed,A,A
0.5000000000000001,0.35,0.6000000000000001,0.5000000000000001,0.9500000000000001,0.5166666666666667,100.0,Placed,A,C
0.5000000000000001,0.01666666666666672,1.0,0.20000000000000004,0.6000000000000001,0.06666666666666665,69.34,Not Placed,C,F
0.7000000000000001,0.9833333333333333,0.6000000000000001,1.0,0.05,0.5666666666666665,100.0,Placed,A,C
0.6000000000000001,0.20000000000000007,0.6000000000000001,0.4,1.0,0.16666666666666663,86.97,Placed,A,F
0.7000000000000001,0.3666666666666666,0.19999999999999996,0.0,0.9,0.6833333333333332,100.0,Placed,A,B
0.8,0.4,0.8,0.7000000000000001,0.4,0.25,90.64,Placed,A,D
0.5000000000000001,0.45000000000000007,0.19999999999999996,1.0,0.45,0.43333333333333324,77.0,Placed,B,C
0.20000000000000004,0.9500000000000001,1.0,0.1,0.8,0.31666666666666665,98.87,Placed,A,D
0.9,0.16666666666666674,0.40000000000000013,0.9,0.45,0.8333333333333334,100.0,Placed,A,A
0.20000000000000004,0.5333333333333333,1.0,0.6000000000000001,0.9500000000000001,0.0,76.84,Placed,B,F
1.0,0.3833333333333334,1.0,0.8,0.6000000000000001,0.41666666666666663,100.0,Placed,A,C
0.0,0.01666666666666672,1.0,0.0,0.9500000000000001,0.16666666666666663,84.95,Placed,A,F
1.0,0.4833333333333333,1.0,0.30000000000000004,0.0,0.9999999999999999,100.0,Placed,A,A
0.4,0.2666666666666667,0.6000000000000001,0.6000000000000001,0.05,0.23333333333333328,72.28,Placed,B,F
0.30000000000000004,0.65,1.0,0.8,0.8,0.6333333333333332,95.02,Placed,A,B
0.8,0.5499999999999999,0.40000000000000013,0.1,0.6000000000000001,0.65,100.0,Placed,A,B
0.8,0.6166666666666666,1.0,0.1,0.8,0.7833333333333333,100.0,Placed,A,A
0.4,0.35,0.19999999999999996,0.5000000000000001,0.6000000000000001,0.2833333333333333,74.32,Placed,B,D
0.9,0.06666666666666665,0.6000000000000001,0.20000000000000004,0.8,0.3833333333333333,100.0,Placed,A,D
0.30000000000000004,0.7833333333333333,0.19999999999999996,0.30000000000000004,0.9,0.44999999999999984,81.53,Placed,A,C
0.6000000000000001,0.65,0.6000000000000001,0.20000000000000004,0.65,0.3999999999999999,100.0,Placed,A,D
0.5000000000000001,0.8333333333333334,0.19999999999999996,0.0,0.9500000000000001,0.3666666666666666,100.0,Placed,A,D
0.30000000000000004,0.25,0.0,0.5000000000000001,0.45,0.16666666666666663,67.77,Not Placed,C,F
0.9,0.20000000000000007,0.8,1.0,0.05,0.5333333333333333,92.47,Placed,A,C
0.1,0.41666666666666663,0.8,1.0,0.65,0.25,67.54,Not Placed,C,D
0.0,0.5000000000000001,0.6000000000000001,0.1,0.8,0.5833333333333334,93.58,Placed,A,B
0.30000000000000004,0.85,0.0,0.1,0.2,0.3666666666666666,86.65,Placed,A,D
0.30000000000000004,0.6333333333333334,0.40000000000000013,0.6000000000000001,0.8500000000000001,0.08333333333333326,95.48,Placed,A,F
0.0,0.7833333333333333,0.0,0.4,0.1,0.6999999999999998,71.68,Placed,B,B
0.5000000000000001,0.3666666666666666,0.6000000000000001,0.7000000000000001,0.75,0.3833333333333333,97.59,Placed,A,D
0.30000000000000004,0.7833333333333333,0.0,0.1,0.9,0.6166666666666666,93.65,Placed,A,B
0.0,1.0,0.40000000000000013,0.9,0.8500000000000001,0.6833333333333332,97.99,Placed,A,B
0.0,0.18333333333333335,0.6000000000000001,0.7000000000000001,0.9500000000000001,0.08333333333333326,58.28,Not Placed,D,F
0.0,0.21666666666666667,0.8,0.6000000000000001,0.2,0.1499999999999999,54.32,Not Placed,D,F
0.7000000000000001,0.9166666666666666,1.0,0.9,0.35000000000000003,0.35,100.0,Placed,A,D
0.9,0.2833333333333333,0.0,0.7000000000000001,0.25,0.3666666666666666,90.11,Placed,A,D
0.7000000000000001,0.43333333333333346,0.8,1.0,0.7000000000000001,0.06666666666666665,64.88,Not Placed,C,F
0.1,0.45000000000000007,0.8,0.20000000000000004,0.1,0.44999999999999984,76.35,Placed,B,C
1.0,0.2833333333333333,0.19999999999999996,0.7000000000000001,0.4,0.9666666666666667,100.0,Placed,A,A
0.6000000000000001,0.25,0.40000000000000013,0.5000000000000001,0.5,0.1333333333333333,65.66,Not Placed,C,F
0.7000000000000001,0.85,1.0,0.1,0.9500000000000001,0.6333333333333332,100.0,Placed,A,B
0.7000000000000001,0.25,0.0,0.5000000000000001,0.65,0.7999999999999999,100.0,Placed,A,A
1.0,0.20000000000000007,0.8,0.4,0.4,0.9666666666666667,100.0,Placed,A,A
0.9,0.9500000000000001,0.8,0.20000000000000004,0.45,0.7166666666666667,100.0,Placed,A,B
1.0,0.4666666666666667,0.40000000000000013,0.0,0.7000000000000001,0.44999999999999984,100.0,Placed,A,C
0.6000000000000001,0.13333333333333341,1.0,0.6000000000000001,0.8500000000000001,0.3999999999999999,91.31,Placed,A,D
0.4,0.41666666666666663,1.0,0.1,1.0,0.6999999999999998,100.0,Placed,A,B
0.0,0.45000000000000007,0.8,0.0,0.9,0.6166666666666666,86.95,Placed,A,B
0.8,0.6666666666666666,0.8,0.0,0.30000000000000004,0.43333333333333324,89.51,Placed,A,C
0.6000000000000001,0.20000000000000007,0.8,0.6000000000000001,0.9,0.3833333333333333,95.91,Placed,A,D
0.1,1.0,0.8,0.0,0.2,0.9333333333333332,100.0,Placed,A,A
0.5000000000000001,0.5833333333333334,0.19999999999999996,0.8,1.0,0.6999999999999998,100.0,Placed,A,B
0.1,0.13333333333333341,0.19999999999999996,0.5000000000000001,0.8500000000000001,0.6999999999999998,83.21,Placed,A,B
0.0,0.7666666666666667,1.0,0.30000000000000004,0.0,0.7499999999999999,72.11,Placed,B,A
0.6000000000000001,0.21666666666666667,0.6000000000000001,0.30000000000000004,0.55,0.25,88.87,Placed,A,D
0.1,0.8333333333333334,0.0,0.4,0.25,0.016666666666666607,64.3,Not Placed,C,F
0.1,0.18333333333333335,0.40000000000000013,0.1,0.6000000000000001,0.016666666666666607,73.79,Placed,B,F
1.0,0.8666666666666666,0.6000000000000001,0.4,0.8,0.06666666666666665,100.0,Placed,A,F
0.4,0.9500000000000001,0.19999999999999996,0.1,0.4,0.7499999999999999,89.84,Placed,A,A
0.4,0.9333333333333335,0.19999999999999996,0.30000000000000004,1.0,0.33333333333333326,100.0,Placed,A,D
0.6000000000000001,0.5166666666666667,0.19999999999999996,0.9,0.0,0.9833333333333333,89.27,Placed,A,A
0.0,0.6166666666666666,0.6000000000000001,1.0,0.55,0.1499999999999999,55.36,Not Placed,D,F
0.7000000000000001,0.033333333333333326,0.19999999999999996,0.4,0.0,0.6833333333333332,72.83,Placed,B,B
0.20000000000000004,0.9500000000000001,0.6000000000000001,0.5000000000000001,0.15000000000000002,0.2833333333333333,80.2,Placed,A,D
0.30000000000000004,0.9333333333333335,0.19999999999999996,0.5000000000000001,0.30000000000000004,0.41666666666666663,88.51,Placed,A,C
0.8,0.8833333333333334,0.8,0.8,0.9500000000000001,0.31666666666666665,100.0,Placed,A,D
0.30000000000000004,0.85,0.8,0.30000000000000004,0.2,0.6666666666666666,76.97,Placed,B,B
0.9,0.25,0.0,0.4,0.9500000000000001,0.5833333333333334,100.0,Placed,A,B
0.4,0.31666666666666665,0.19999999999999996,0.5000000000000001,0.2,0.7999999999999999,86.39,Placed,A,A
0.6000000000000001,0.5166666666666667,0.0,0.30000000000000004,0.30000000000000004,0.33333333333333326,75.06,Placed,B,D
0.30000000000000004,0.9166666666666666,0.6000000000000001,0.5000000000000001,0.8,0.016666666666666607,84.34,Placed,A,F
0.0,0.3666666666666666,0.0,0.1,0.55,0.7499999999999999,64.37,Not Placed,C,A
0.8,0.2666666666666667,0.19999999999999996,0.6000000000000001,0.7000000000000001,0.8833333333333332,100.0,Placed,A,A
0.30000000000000004,0.25,0.6000000000000001,0.20000000000000004,0.1,0.5333333333333333,70.35,Placed,B,C
0.8,0.6166666666666666,0.6000000000000001,0.9,0.8,0.3666666666666666,100.0,Placed,A,D
0.5000000000000001,0.1166666666666667,0.8,0.30000000000000004,0.65,0.6333333333333332,100.0,Placed,A,B
0.0,0.30000000000000004,0.6000000000000001,0.8,0.7000000000000001,0.4999999999999999,52.14,Not Placed,D,C
0.20000000000000004,0.4833333333333333,0.6000000000000001,0.4,0.7000000000000001,0.04999999999999993,80.43,Placed,A,F
1.0,0.9333333333333335,0.0,0.8,0.7000000000000001,0.6666666666666666,100.0,Placed,A,B
0.1,0.9500000000000001,1.0,0.9,0.9,0.033333333333333326,97.22,Placed,A,F
0.8,0.5499999999999999,0.6000000000000001,0.9,0.5,0.6,95.07,Placed,A,B
0.0,0.21666666666666667,0.40000000000000013,0.9,0.8500000000000001,0.8666666666666666,85.7,Placed,A,A
0.8,0.35,1.0,0.9,1.0,0.9166666666666666,100.0,Placed,A,A
0.8,0.7166666666666667,0.8,0.5000000000000001,0.45,0.1499999999999999,92.25,Placed,A,F
0.7000000000000001,0.2666666666666667,0.8,0.7000000000000001,1.0,0.6833333333333332,100.0,Placed,A,B
0.7000000000000001,0.9833333333333333,0.6000000000000001,0.4,0.4,0.5166666666666667,100.0,Placed,A,C
1.0,0.9666666666666667,0.0,0.4,0.1,0.5833333333333334,100.0,Placed,A,B
0.0,0.2333333333333334,1.0,0.20000000000000004,0.0,0.7999999999999999,59.13,Not Placed,D,A
1.0,0.8166666666666668,0.8,0.6000000000000001,1.0,0.43333333333333324,100.0,Placed,A,C
0.7000000000000001,0.7833333333333333,0.8,0.1,0.5,0.8666666666666666,100.0,Placed,A,A
0.9,0.5166666666666667,0.40000000000000013,1.0,0.75,0.7999999999999999,100.0,Placed,A,A
0.20000000000000004,0.20000000000000007,0.6000000000000001,0.20000000000000004,0.1,0.29999999999999993,62.04,Not Placed,C,D
1.0,0.33333333333333337,1.0,0.1,1.0,0.6166666666666666,100.0,Placed,A,B
0.6000000000000001,0.7999999999999999,0.8,0.7000000000000001,0.4,0.0,100.0,Placed,A,F
1.0,0.65,0.8,0.30000000000000004,0.5,0.41666666666666663,100.0,Placed,A,C
0.0,0.5333333333333333,0.8,0.9,0.8,0.7499999999999999,94.65,Placed,A,A
0.0,1.0,0.8,0.7000000000000001,0.0,0.19999999999999996,79.4,Placed,B,F
0.9,0.9333333333333335,0.0,0.7000000000000001,0.4,0.5666666666666665,99.12,Placed,A,C
0.4,0.9500000000000001,0.19999999999999996,0.7000000000000001,0.1,0.9,83.13,Placed,A,A
0.4,0.43333333333333346,0.40000000000000013,0.7000000000000001,0.45,0.016666666666666607,62.21,Not Placed,C,F
0.7000000000000001,0.5666666666666668,0.0,0.7000000000000001,0.2,0.35,93.41,Placed,A,D
0.6000000000000001,0.25,0.40000000000000013,0.8,0.5,0.6333333333333332,91.2,Placed,A,B
0.7000000000000001,0.45000000000000007,0.8,0.1,0.2,0.44999999999999984,81.71,Placed,A,C
0.5000000000000001,0.5499999999999999,0.40000000000000013,0.8,0.55,0.7166666666666667,84.0,Placed,A,B
0.5000000000000001,0.7666666666666667,0.6000000000000001,0.7000000000000001,0.65,0.016666666666666607,94.73,Placed,A,F
0.1,0.0,0.6000000000000001,1.0,0.55,0.16666666666666663,47.95,Not Placed,F,F
0.5000000000000001,0.6666666666666666,0.19999999999999996,0.9,0.9,0.7833333333333333,88.15,Placed,A,A
0.4,0.7833333333333333,0.19999999999999996,0.0,0.4,0.9666666666666667,100.0,Placed,A,A
0.20000000000000004,0.5000000000000001,0.40000000000000013,0.4,0.30000000000000004,0.6,80.09,Placed,A,B
0.5000000000000001,0.5833333333333334,0.0,1.0,0.75,0.41666666666666663,80.21,Placed,A,C
0.7000000000000001,0.7166666666666667,0.0,0.1,0.30000000000000004,0.44999999999999984,92.8,Placed,A,C
0.8,0.5333333333333333,0.8,0.9,0.65,0.41666666666666663,100.0,Placed,A,C
0.0,0.5333333333333333,0.0,0.4,0.35000000000000003,0.2666666666666666,56.56,Not Placed,D,D
0.20000000000000004,0.6333333333333334,0.19999999999999996,0.7000000000000001,1.0,0.033333333333333326,94.25,Placed,A,F
0.20000000000000004,0.2833333333333333,0.0,0.8,0.8500000000000001,0.21666666666666667,78.39,Placed,B,F
1.0,0.3666666666666666,0.8,0.8,0.1,0.25,96.63,Placed,A,D
0.7000000000000001,0.9833333333333333,0.6000000000000001,0.0,0.05,0.7999999999999999,100.0,Placed,A,A
0.0,0.3666666666666666,0.0,0.6000000000000001,0.2,0.9833333333333333,58.18,Not Placed,D,A
0.4,0.2333333333333334,0.0,1.0,0.35000000000000003,0.8333333333333334,89.91,Placed,A,A
0.20000000000000004,0.41666666666666663,0.19999999999999996,0.7000000000000001,0.9,0.5833333333333334,86.75,Placed,A,B
0.1,0.4833333333333333,0.40000000000000013,0.9,0.4,0.44999999999999984,55.94,Not Placed,D,C
0.7000000000000001,0.4,0.6000000000000001,0.20000000000000004,0.05,0.44999999999999984,100.0,Placed,A,C
0.20000000000000004,0.7333333333333333,0.40000000000000013,0.5000000000000001,0.7000000000000001,0.8666666666666666,100.0,Placed,A,A
0.6000000000000001,0.25,0.8,1.0,0.35000000000000003,0.85,80.82,Placed,A,A
1.0,0.6333333333333334,0.8,0.20000000000000004,0.45,0.85,100.0,Placed,A,A
0.0,0.7833333333333333,0.40000000000000013,0.8,0.30000000000000004,0.3999999999999999,73.55,Placed,B,D
0.5000000000000001,0.7333333333333333,0.19999999999999996,0.20000000000000004,0.9,0.9333333333333332,100.0,Placed,A,A
0.20000000000000004,0.21666666666666667,1.0,0.1,0.0,0.1333333333333333,51.76,Not Placed,D,F
0.7000000000000001,0.2666666666666667,0.19999999999999996,0.8,0.05,0.16666666666666663,64.9,Not Placed,C,F
0.5000000000000001,0.18333333333333335,1.0,1.0,0.1,0.6,82.32,Placed,A,B
0.1,0.4666666666666667,1.0,0.7000000000000001,0.65,0.6999999999999998,95.06,Placed,A,B
0.5000000000000001,0.5166666666666667,0.19999999999999996,0.7000000000000001,0.7000000000000001,0.7333333333333333,92.21,Placed,A,B
0.6000000000000001,0.9166666666666666,1.0,0.1,1.0,0.33333333333333326,100.0,Placed,A,D
0.4,0.3833333333333334,1.0,0.5000000000000001,0.65,0.016666666666666607,68.37,Not Placed,C,F
0.20000000000000004,0.85,1.0,0.4,0.35000000000000003,0.8833333333333332,91.0,Placed,A,A
0.30000000000000004,0.20000000000000007,0.6000000000000001,0.1,0.8500000000000001,0.5499999999999999,94.7,Placed,A,C
0.30000000000000004,0.9166666666666666,0.8,0.4,0.8,0.6833333333333332,100.0,Placed,A,B
0.5000000000000001,0.31666666666666665,1.0,0.30000000000000004,0.30000000000000004,0.19999999999999996,77.55,Placed,B,F
0.9,0.2333333333333334,0.8,0.8,0.9500000000000001,0.06666666666666665,100.0,Placed,A,F
0.0,0.9166666666666666,0.8,0.0,0.0,0.16666666666666663,63.9,Not Placed,C,F
1.0,0.8666666666666666,0.6000000000000001,0.5000000000000001,0.4,0.4666666666666667,100.0,Placed,A,C
0.30000000000000004,0.050000000000000044,0.8,0.6000000000000001,0.4,0.7666666666666667,84.19,Placed,A,A
0.9,0.8833333333333334,0.40000000000000013,0.5000000000000001,0.5,0.44999999999999984,100.0,Placed,A,C
0.30000000000000004,0.5499999999999999,0.0,0.4,0.9,0.44999999999999984,90.02,Placed,A,C
0.9,0.45000000000000007,0.6000000000000001,0.30000000000000004,0.25,0.06666666666666665,74.37,Placed,B,F
0.0,0.8166666666666668,0.0,0.4,0.30000000000000004,0.31666666666666665,72.32,Placed,B,D
0.8,0.01666666666666672,0.40000000000000013,0.8,0.7000000000000001,0.6,98.07,Placed,A,B
0.30000000000000004,0.9333333333333335,0.19999999999999996,0.4,0.9500000000000001,0.6333333333333332,100.0,Placed,A,B
0.6000000000000001,0.7666666666666667,0.19999999999999996,0.9,0.25,0.1499999999999999,72.25,Placed,B,F
0.20000000000000004,0.4833333333333333,1.0,0.7000000000000001,0.4,0.5166666666666667,82.55,Placed,A,C
0.9,0.41666666666666663,0.19999999999999996,0.6000000000000001,0.7000000000000001,0.4666666666666667,100.0,Placed,A,C
0.20000000000000004,0.8333333333333334,0.6000000000000001,0.30000000000000004,0.25,0.016666666666666607,67.92,Not Placed,C,F
0.7000000000000001,0.7666666666666667,0.19999999999999996,0.9,0.30000000000000004,0.0,85.74,Placed,A,F
0.7000000000000001,0.41666666666666663,0.6000000000000001,0.4,0.8,0.31666666666666665,100.0,Placed,A,D
1.0,0.31666666666666665,0.6000000000000001,0.6000000000000001,0.25,0.9,100.0,Placed,A,A
0.0,0.6833333333333335,0.0,0.5000000000000001,0.4,0.0,60.6,Not Placed,C,F
0.9,0.45000000000000007,0.19999999999999996,0.20000000000000004,0.1,0.04999999999999993,81.69,Placed,A,F
0.1,0.9166666666666666,0.8,0.9,0.65,0.23333333333333328,88.02,Placed,A,F
0.7000000000000001,0.31666666666666665,0.19999999999999996,0.20000000000000004,0.25,0.7666666666666667,92.16,Placed,A,A
0.0,0.16666666666666674,0.19999999999999996,0.1,0.15000000000000002,0.4833333333333333,58.2,Not Placed,D,C
0.7000000000000001,0.9500000000000001,0.19999999999999996,0.20000000000000004,0.75,0.08333333333333326,100.0,Placed,A,F
0.7000000000000001,0.15000000000000002,1.0,1.0,0.75,0.6166666666666666,94.13,Placed,A,B
0.1,1.0,0.8,0.9,0.4,0.0,75.15,Placed,B,F
0.30000000000000004,0.3666666666666666,0.8,0.0,0.15000000000000002,0.09999999999999998,87.3,Placed,A,F
0.5000000000000001,0.6,0.6000000000000001,0.8,0.35000000000000003,0.06666666666666665,80.84,Placed,A,F
1.0,0.6666666666666666,0.8,0.1,0.35000000000000003,0.8833333333333332,100.0,Placed,A,A
0.8,0.85,0.6000000000000001,0.20000000000000004,0.25,0.7999999999999999,100.0,Placed,A,A
0.7000000000000001,0.30000000000000004,0.0,0.4,0.35000000000000003,0.09999999999999998,86.61,Placed,A,F
0.7000000000000001,0.7333333333333333,0.6000000000000001,0.9,0.25,0.5833333333333334,96.1,Placed,A,B
0.6000000000000001,0.2833333333333333,0.19999999999999996,0.30000000000000004,0.65,0.033333333333333326,75.19,Placed,B,F
0.8,0.7999999999999999,0.40000000000000013,0.4,0.65,0.18333333333333324,99.79,Placed,A,F
0.1,0.43333333333333346,0.40000000000000013,0.5000000000000001,0.8500000000000001,0.9666666666666667,91.66,Placed,A,A
0.20000000000000004,0.08333333333333337,1.0,0.4,0.6000000000000001,0.9999999999999999,80.78,Placed,A,A
0.9,0.15000000000000002,0.19999999999999996,0.9,0.7000000000000001,0.23333333333333328,100.0,Placed,A,F
0.7000000000000001,0.01666666666666672,0.6000000000000001,0.0,0.1,0.31666666666666665,72.36,Placed,B,D
0.5000000000000001,0.3833333333333334,0.19999999999999996,0.5000000000000001,0.25,0.6666666666666666,82.7,Placed,A,B
0.9,0.6166666666666666,1.0,0.8,0.9500000000000001,0.33333333333333326,100.0,Placed,A,D
0.8,0.45000000000000007,0.8,0.20000000000000004,0.8,0.5166666666666667,100.0,Placed,A,C
0.9,0.45000000000000007,0.6000000000000001,0.1,0.9500000000000001,0.18333333333333324,100.0,Placed,A,F
0.30000000000000004,0.8666666666666666,0.19999999999999996,0.5000000000000001,0.75,0.6,84.21,Placed,A,B
0.7000000000000001,0.7333333333333333,0.8,0.20000000000000004,0.25,0.65,100.0,Placed,A,B
0.9,0.8166666666666668,1.0,0.30000000000000004,0.35000000000000003,0.7666666666666667,100.0,Placed,A,A
0.20000000000000004,0.6333333333333334,0.8,0.5000000000000001,0.6000000000000001,0.09999999999999998,74.62,Placed,B,F
0.20000000000000004,0.01666666666666672,0.6000000000000001,0.5000000000000001,0.6000000000000001,0.8333333333333334,100.0,Placed,A,A
0.7000000000000001,1.0,1.0,0.1,0.9500000000000001,0.7333333333333333,100.0,Placed,A,B
0.4,0.7500000000000001,1.0,0.20000000000000004,0.8,0.4999999999999999,100.0,Placed,A,C
0.20000000000000004,0.06666666666666665,1.0,0.8,1.0,0.0,79.54,Placed,B,F
0.9,0.8166666666666668,0.0,0.1,0.1,0.9833333333333333,100.0,Placed,A,A
1.0,0.16666666666666674,1.0,0.20000000000000004,0.6000000000000001,0.16666666666666663,100.0,Placed,A,F
0.0,0.15000000000000002,0.0,0.8,0.30000000000000004,0.7333333333333333,71.31,Placed,B,B
0.20000000000000004,0.7000000000000001,0.8,0.30000000000000004,0.9500000000000001,0.5499999999999999,100.0,Placed,A,C
0.8,0.9666666666666667,0.0,0.0,0.2,0.29999999999999993,99.94,Placed,A,D
0.4,0.01666666666666672,0.8,1.0,0.5,0.16666666666666663,80.22,Placed,A,F
0.9,0.2333333333333334,0.0,0.1,0.8500000000000001,0.5333333333333333,100.0,Placed,A,C
0.1,0.6333333333333334,0.8,0.20000000000000004,0.15000000000000002,0.5333333333333333,73.21,Placed,B,C
0.6000000000000001,0.6666666666666666,0.8,0.8,0.9500000000000001,0.11666666666666659,100.0,Placed,A,F
0.1,0.6,1.0,0.8,0.30000000000000004,0.7333333333333333,74.24,Placed,B,B
0.30000000000000004,0.09999999999999998,1.0,1.0,0.15000000000000002,0.11666666666666659,76.33,Placed,B,F
0.6000000000000001,0.31666666666666665,0.8,0.5000000000000001,0.45,0.5499999999999999,100.0,Placed,A,C
0.30000000000000004,0.5499999999999999,1.0,1.0,0.0,0.65,72.61,Placed,B,B
0.6000000000000001,0.5666666666666668,0.8,0.5000000000000001,0.8,0.43333333333333324,100.0,Placed,A,C
0.6000000000000001,0.5499999999999999,1.0,0.20000000000000004,0.2,0.4666666666666667,100.0,Placed,A,C
0.0,0.8666666666666666,0.40000000000000013,0.4,0.8,0.21666666666666667,67.79,Not Placed,C,F
0.5000000000000001,0.35,0.0,1.0,0.1,0.5499999999999999,59.73,Not Placed,D,C
0.8,0.5000000000000001,0.8,0.30000000000000004,0.4,0.7333333333333333,100.0,Placed,A,B
0.1,0.3666666666666666,0.19999999999999996,0.9,0.1,0.9666666666666667,60.59,Not Placed,C,A
0.20000000000000004,0.30000000000000004,1.0,0.9,0.1,0.6,64.7,Not Placed,C,B
0.9,0.050000000000000044,1.0,0.8,0.4,0.0,92.89,Placed,A,F
0.4,0.3833333333333334,0.6000000000000001,0.8,0.2,0.1333333333333333,84.7,Placed,A,F
0.8,0.31666666666666665,0.19999999999999996,0.0,0.45,0.85,100.0,Placed,A,A
0.30000000000000004,0.6333333333333334,0.19999999999999996,0.7000000000000001,0.7000000000000001,0.1499999999999999,76.86,Placed,B,F
0.0,0.45000000000000007,0.40000000000000013,0.8,0.55,0.4833333333333333,77.46,Placed,B,C
0.30000000000000004,0.8833333333333334,0.0,0.4,0.25,0.6999999999999998,84.69,Placed,A,B
0.5000000000000001,0.6333333333333334,0.40000000000000013,0.30000000000000004,0.30000000000000004,0.2833333333333333,65.75,Not Placed,C,D
0.4,0.2666666666666667,0.0,0.9,0.30000000000000004,0.2666666666666666,74.17,Placed,B,D
0.0,0.30000000000000004,0.8,0.30000000000000004,0.15000000000000002,0.08333333333333326,41.24,Not Placed,F,F
0.30000000000000004,0.8833333333333334,0.40000000000000013,0.1,0.6000000000000001,0.16666666666666663,90.83,Placed,A,F
0.5000000000000001,0.7833333333333333,0.6000000000000001,0.8,0.7000000000000001,0.3833333333333333,89.52,Placed,A,D
0.9,0.5666666666666668,0.0,0.4,0.8500000000000001,0.5833333333333334,100.0,Placed,A,B
0.9,0.5166666666666667,0.40000000000000013,1.0,0.8500000000000001,0.5333333333333333,100.0,Placed,A,C
0.30000000000000004,0.7666666666666667,0.6000000000000001,0.20000000000000004,0.30000000000000004,0.5333333333333333,62.64,Not Placed,C,C
0.8,0.7500000000000001,0.19999999999999996,0.5000000000000001,0.45,0.8833333333333332,100.0,Placed,A,A
0.4,0.7666666666666667,1.0,0.8,0.75,0.2833333333333333,100.0,Placed,A,D
0.7000000000000001,0.7500000000000001,0.8,0.8,0.35000000000000003,0.06666666666666665,92.47,Placed,A,F
0.8,0.6333333333333334,0.8,0.4,0.9,0.4999999999999999,100.0,Placed,A,C
0.9,0.9333333333333335,0.19999999999999996,0.7000000000000001,0.5,0.25,100.0,Placed,A,D
0.4,0.5666666666666668,0.40000000000000013,0.30000000000000004,1.0,0.016666666666666607,100.0,Placed,A,F
0.5000000000000001,0.4833333333333333,1.0,0.4,0.25,0.1333333333333333,98.68,Placed,A,F
0.0,0.2666666666666667,0.19999999999999996,0.6000000000000001,0.45,0.016666666666666607,45.03,Not Placed,F,F
1.0,0.6833333333333335,0.6000000000000001,0.6000000000000001,0.9,0.6,100.0,Placed,A,B
0.6000000000000001,0.7666666666666667,1.0,0.6000000000000001,0.65,0.31666666666666665,95.53,Placed,A,D
0.30000000000000004,0.4666666666666667,0.0,0.7000000000000001,0.9500000000000001,0.9666666666666667,100.0,Placed,A,A
1.0,0.08333333333333337,0.40000000000000013,1.0,0.25,0.2666666666666666,79.02,Placed,B,D
0.1,0.9833333333333333,1.0,0.4,0.15000000000000002,0.9499999999999998,83.91,Placed,A,A
0.4,0.2666666666666667,0.0,0.0,0.9500000000000001,0.3999999999999999,100.0,Placed,A,D
0.20000000000000004,0.2666666666666667,0.19999999999999996,1.0,0.7000000000000001,0.29999999999999993,79.16,Placed,B,D
0.5000000000000001,0.21666666666666667,0.8,0.8,0.2,0.6833333333333332,91.24,Placed,A,B
0.7000000000000001,0.3833333333333334,1.0,0.8,0.75,0.11666666666666659,86.85,Placed,A,F
0.6000000000000001,0.9333333333333335,1.0,0.6000000000000001,0.30000000000000004,0.85,100.0,Placed,A,A
0.20000000000000004,0.8166666666666668,0.0,0.5000000000000001,0.05,0.16666666666666663,73.62,Placed,B,F
0.7000000000000001,0.9333333333333335,0.0,0.4,0.6000000000000001,0.19999999999999996,99.62,Placed,A,F
0.1,0.6,0.8,0.4,0.05,0.19999999999999996,64.05,Not Placed,C,F
0.9,1.0,0.0,0.20000000000000004,0.4,0.1333333333333333,100.0,Placed,A,F
0.8,0.65,0.0,0.9,0.9500000000000001,0.06666666666666665,97.1,Placed,A,F
0.30000000000000004,0.6333333333333334,1.0,0.0,0.2,0.2833333333333333,87.53,Placed,A,D
0.0,0.9,0.8,0.5000000000000001,0.1,0.65,82.49,Placed,A,B
0.7000000000000001,0.5166666666666667,0.8,0.7000000000000001,0.05,0.9999999999999999,100.0,Placed,A,A
0.6000000000000001,0.5833333333333334,1.0,0.1,0.65,0.85,100.0,Placed,A,A
1.0,0.8166666666666668,0.19999999999999996,0.7000000000000001,0.35000000000000003,0.21666666666666667,100.0,Placed,A,F
0.4,0.6,0.19999999999999996,0.7000000000000001,0.9500000000000001,0.5499999999999999,93.85,Placed,A,C
0.9,0.7833333333333333,1.0,0.9,0.55,0.35,100.0,Placed,A,D
0.4,0.21666666666666667,0.0,0.7000000000000001,0.8,0.7833333333333333,86.78,Placed,A,A
0.6000000000000001,0.43333333333333346,0.40000000000000013,0.9,0.75,0.5333333333333333,96.12,Placed,A,C
0.4,0.9666666666666667,0.19999999999999996,0.20000000000000004,0.25,0.3833333333333333,87.3,Placed,A,D
0.7000000000000001,0.30000000000000004,0.19999999999999996,0.9,0.25,0.9333333333333332,93.39,Placed,A,A
1.0,0.5000000000000001,1.0,0.7000000000000001,0.8500000000000001,0.9,100.0,Placed,A,A
0.5000000000000001,0.7500000000000001,1.0,1.0,0.05,0.4666666666666667,86.46,Placed,A,C
0.4,0.13333333333333341,0.40000000000000013,0.30000000000000004,0.35000000000000003,0.19999999999999996,75.35,Placed,B,F
0.8,0.6166666666666666,0.40000000000000013,0.20000000000000004,0.65,0.9333333333333332,100.0,Placed,A,A
1.0,0.2666666666666667,0.8,1.0,0.05,0.8166666666666665,100.0,Placed,A,A
0.1,0.30000000000000004,1.0,0.8,0.8,0.43333333333333324,80.45,Placed,A,C
0.0,0.7166666666666667,0.19999999999999996,0.7000000000000001,0.75,0.0,51.42,Not Placed,D,F
0.7000000000000001,0.050000000000000044,0.6000000000000001,0.9,0.8500000000000001,0.09999999999999998,99.74,Placed,A,F
0.20000000000000004,0.7833333333333333,0.6000000000000001,0.1,1.0,0.04999999999999993,80.38,Placed,A,F
1.0,0.9333333333333335,0.0,0.7000000000000001,0.25,0.1499999999999999,87.59,Placed,A,F
0.6000000000000001,0.16666666666666674,0.19999999999999996,1.0,0.8,0.65,100.0,Placed,A,B
0.9,0.35,0.6000000000000001,1.0,0.8500000000000001,0.5666666666666665,98.67,Placed,A,C
1.0,0.050000000000000044,0.19999999999999996,0.20000000000000004,0.65,0.9,100.0,Placed,A,A
0.7000000000000001,0.2666666666666667,1.0,0.9,0.45,0.6333333333333332,100.0,Placed,A,B
0.5000000000000001,0.1166666666666667,0.19999999999999996,0.5000000000000001,0.15000000000000002,0.9666666666666667,83.32,Placed,A,A
0.9,0.7500000000000001,0.6000000000000001,0.4,0.8500000000000001,0.9499999999999998,100.0,Placed,A,A
0.8,0.9666666666666667,0.19999999999999996,0.7000000000000001,0.5,0.9333333333333332,100.0,Placed,A,A
0.6000000000000001,0.5499999999999999,0.40000000000000013,0.8,0.75,0.25,98.1,Placed,A,D
0.9,0.16666666666666674,0.0,1.0,0.15000000000000002,0.43333333333333324,79.92,Placed,B,C
0.4,0.5000000000000001,0.8,0.6000000000000001,0.9,0.31666666666666665,76.81,Placed,B,D
0.7000000000000001,0.16666666666666674,0.6000000000000001,0.5000000000000001,0.25,0.1499999999999999,91.97,Placed,A,F
0.1,0.9166666666666666,1.0,0.5000000000000001,0.35000000000000003,0.7333333333333333,100.0,Placed,A,B
0.6000000000000001,0.8833333333333334,0.8,0.0,0.8500000000000001,0.5333333333333333,100.0,Placed,A,C
0.30000000000000004,0.9166666666666666,0.0,0.4,0.9,0.09999999999999998,83.27,Placed,A,F
0.8,0.6166666666666666,0.40000000000000013,0.7000000000000001,0.8500000000000001,0.6833333333333332,100.0,Placed,A,B
0.0,0.8666666666666666,0.40000000000000013,0.5000000000000001,0.75,0.7166666666666667,95.55,Placed,A,B
0.6000000000000001,0.33333333333333337,0.40000000000000013,0.0,0.30000000000000004,0.7499999999999999,100.0,Placed,A,A
0.5000000000000001,0.7500000000000001,0.40000000000000013,0.4,0.8,0.35,100.0,Placed,A,D
0.7000000000000001,0.4833333333333333,0.6000000000000001,1.0,0.1,0.6999999999999998,92.75,Placed,A,B
0.4,0.15000000000000002,0.6000000000000001,0.4,0.7000000000000001,0.2666666666666666,91.59,Placed,A,D
0.0,0.41666666666666663,0.19999999999999996,0.20000000000000004,0.15000000000000002,0.1333333333333333,77.24,Placed,B,F
0.0,0.43333333333333346,1.0,0.7000000000000001,0.75,0.9499999999999998,95.91,Placed,A,A
0.8,0.1166666666666667,0.19999999999999996,0.8,0.65,0.65,100.0,Placed,A,B
0.9,0.6333333333333334,1.0,0.5000000000000001,0.8,0.1499999999999999,100.0,Placed,A,F
0.5000000000000001,0.1166666666666667,0.0,0.5000000000000001,0.4,0.5833333333333334,64.58,Not Placed,C,B
0.9,0.9833333333333333,0.19999999999999996,0.1,0.30000000000000004,0.4999999999999999,100.0,Placed,A,C
0.4,0.1166666666666667,0.0,0.9,0.65,0.4999999999999999,74.8,Placed,B,C
0.0,0.9,0.0,0.1,0.55,0.06666666666666665,60.34,Not Placed,C,F
0.5000000000000001,0.5499999999999999,0.0,0.5000000000000001,0.8,0.9166666666666666,96.8,Placed,A,A
0.5000000000000001,0.9666666666666667,0.40000000000000013,0.7000000000000001,0.4,0.2833333333333333,94.64,Placed,A,D
0.20000000000000004,0.25,0.8,0.1,0.55,0.08333333333333326,68.82,Not Placed,C,F
0.7000000000000001,0.6666666666666666,0.8,0.8,0.55,0.6833333333333332,100.0,Placed,A,B
0.0,0.20000000000000007,0.6000000000000001,0.8,0.35000000000000003,0.8166666666666665,56.4,Not Placed,D,A
0.0,0.3666666666666666,0.0,0.30000000000000004,0.45,0.44999999999999984,55.94,Not Placed,D,C
0.5000000000000001,0.18333333333333335,0.40000000000000013,0.30000000000000004,0.55,0.6999999999999998,90.05,Placed,A,B
0.9,0.43333333333333346,0.19999999999999996,0.30000000000000004,0.2,0.3833333333333333,93.97,Placed,A,D
0.0,0.35,0.19999999999999996,1.0,0.9500000000000001,0.06666666666666665,65.53,Not Placed,C,F
0.5000000000000001,0.5166666666666667,0.6000000000000001,0.4,0.0,0.44999999999999984,73.9,Placed,B,C
0.0,0.9333333333333335,0.6000000000000001,0.7000000000000001,0.4,0.9499999999999998,68.16,Not Placed,C,A
0.5000000000000001,1.0,0.0,0.1,0.7000000000000001,0.033333333333333326,84.2,Placed,A,F
0.20000000000000004,0.7999999999999999,0.0,1.0,0.05,0.2833333333333333,50.37,Not Placed,D,D
0.7000000000000001,0.43333333333333346,0.19999999999999996,0.4,0.15000000000000002,0.04999999999999993,85.82,Placed,A,F
0.5000000000000001,0.01666666666666672,0.19999999999999996,0.1,0.15000000000000002,0.65,76.99,Placed,B,B
1.0,0.7333333333333333,0.19999999999999996,1.0,0.1,0.7999999999999999,100.0,Placed,A,A
0.0,0.5333333333333333,0.19999999999999996,1.0,0.75,0.6833333333333332,89.31,Placed,A,B
0.4,0.41666666666666663,0.8,0.7000000000000001,0.35000000000000003,0.5166666666666667,81.14,Placed,A,C
0.7000000000000001,0.45000000000000007,0.0,0.0,0.30000000000000004,0.5166666666666667,94.2,Placed,A,C
0.20000000000000004,0.30000000000000004,0.0,0.6000000000000001,0.55,0.29999999999999993,67.09,Not Placed,C,D
0.5000000000000001,0.7000000000000001,0.19999999999999996,0.20000000000000004,0.55,0.4666666666666667,97.33,Placed,A,C
0.4,0.06666666666666665,0.40000000000000013,0.30000000000000004,0.15000000000000002,0.5333333333333333,61.28,Not Placed,C,C
0.5000000000000001,0.5333333333333333,0.19999999999999996,0.7000000000000001,0.7000000000000001,0.016666666666666607,86.4,Placed,A,F
0.9,0.31666666666666665,1.0,0.20000000000000004,0.25,0.9499999999999998,100.0,Placed,A,A
0.0,0.4833333333333333,0.6000000000000001,0.6000000000000001,0.1,0.16666666666666663,43.02,Not Placed,F,F
0.6000000000000001,0.7333333333333333,1.0,0.0,0.30000000000000004,0.7666666666666667,100.0,Placed,A,A
0.8,0.1166666666666667,0.40000000000000013,0.8,1.0,0.9,98.32,Placed,A,A
0.1,0.6166666666666666,0.6000000000000001,0.5000000000000001,0.25,0.5333333333333333,56.86,Not Placed,D,C
0.9,1.0,0.40000000000000013,0.20000000000000004,0.0,0.6666666666666666,100.0,Placed,A,B
0.4,0.2666666666666667,0.6000000000000001,0.6000000000000001,0.35000000000000003,0.65,80.34,Placed,A,B
0.9,0.7166666666666667,0.19999999999999996,0.4,0.0,0.0,96.2,Placed,A,F
0.30000000000000004,0.0,0.19999999999999996,0.7000000000000001,0.75,0.6833333333333332,81.93,Placed,A,B
0.5000000000000001,0.033333333333333326,0.40000000000000013,0.7000000000000001,0.1,0.2666666666666666,64.6,Not Placed,C,D
0.5000000000000001,0.7500000000000001,0.6000000000000001,0.8,0.05,0.8166666666666665,87.58,Placed,A,A
1.0,0.41666666666666663,0.8,0.5000000000000001,0.25,0.25,89.7,Placed,A,D
0.1,0.5000000000000001,0.40000000000000013,0.30000000000000004,0.35000000000000003,0.016666666666666607,65.21,Not Placed,C,F
0.1,0.1166666666666667,0.40000000000000013,0.1,0.30000000000000004,0.8833333333333332,69.2,Not Placed,C,A
0.30000000000000004,0.7000000000000001,1.0,0.20000000000000004,0.30000000000000004,0.7999999999999999,100.0,Placed,A,A
0.0,0.9666666666666667,0.0,0.4,1.0,0.04999999999999993,72.25,Placed,B,F
0.8,0.7500000000000001,0.40000000000000013,0.7000000000000001,0.9,0.5166666666666667,100.0,Placed,A,C
0.6000000000000001,0.1166666666666667,0.8,0.9,0.8500000000000001,0.09999999999999998,92.35,Placed,A,F
0.6000000000000001,1.0,0.19999999999999996,0.1,0.1,0.4666666666666667,100.0,Placed,A,C
0.20000000000000004,0.5666666666666668,0.6000000000000001,0.4,0.5,0.9999999999999999,100.0,Placed,A,A
1.0,0.6333333333333334,0.0,0.8,0.5,0.9833333333333333,100.0,Placed,A,A
0.20000000000000004,0.45000000000000007,0.6000000000000001,0.1,0.1,0.1333333333333333,79.27,Placed,B,F
0.0,0.8333333333333334,0.19999999999999996,0.7000000000000001,0.0,0.9499999999999998,72.03,Placed,B,A
0.20000000000000004,0.050000000000000044,0.40000000000000013,0.20000000000000004,0.45,0.5666666666666665,51.29,Not Placed,D,C
0.20000000000000004,0.9333333333333335,1.0,0.7000000000000001,0.05,0.85,79.01,Placed,B,A
0.30000000000000004,0.25,0.8,0.30000000000000004,0.8,0.8666666666666666,100.0,Placed,A,A
0.30000000000000004,0.20000000000000007,0.0,0.30000000000000004,0.4,0.06666666666666665,75.48,Placed,B,F
0.20000000000000004,0.31666666666666665,0.8,0.6000000000000001,0.8500000000000001,0.8166666666666665,92.06,Placed,A,A
0.9,0.8333333333333334,0.8,0.4,0.9500000000000001,0.9999999999999999,100.0,Placed,A,A
0.7000000000000001,0.06666666666666665,0.8,0.30000000000000004,0.4,0.33333333333333326,69.9,Not Placed,C,D
0.7000000000000001,0.9,0.8,0.6000000000000001,0.5,0.9499999999999998,100.0,Placed,A,A
0.0,0.6,0.19999999999999996,0.20000000000000004,0.8,0.2666666666666666,92.0,Placed,A,D
0.6000000000000001,0.31666666666666665,0.8,0.8,0.65,0.6333333333333332,88.2,Placed,A,B
1.0,0.3833333333333334,1.0,0.4,0.8500000000000001,0.21666666666666667,100.0,Placed,A,F
0.1,0.5833333333333334,0.8,0.20000000000000004,0.8500000000000001,0.5166666666666667,100.0,Placed,A,C
0.0,0.5499999999999999,0.19999999999999996,0.1,0.55,0.23333333333333328,82.55,Placed,A,F
0.20000000000000004,0.9500000000000001,0.6000000000000001,0.6000000000000001,0.8500000000000001,0.33333333333333326,86.98,Placed,A,D
0.30000000000000004,0.7333333333333333,0.19999999999999996,0.6000000000000001,0.35000000000000003,0.8833333333333332,86.18,Placed,A,A
0.5000000000000001,0.7833333333333333,1.0,0.4,0.35000000000000003,0.21666666666666667,97.37,Placed,A,F
0.9,0.8833333333333334,1.0,0.30000000000000004,0.35000000000000003,0.6666666666666666,100.0,Placed,A,B
0.4,0.5499999999999999,0.40000000000000013,1.0,0.9500000000000001,0.25,80.14,Placed,A,D
0.30000000000000004,0.30000000000000004,0.19999999999999996,0.1,0.7000000000000001,0.8333333333333334,92.59,Placed,A,A
0.7000000000000001,0.2666666666666667,0.6000000000000001,0.1,0.35000000000000003,0.0,74.94,Placed,B,F
1.0,0.06666666666666665,0.40000000000000013,0.6000000000000001,0.65,0.65,100.0,Placed,A,B
0.30000000000000004,0.4,0.40000000000000013,0.9,0.6000000000000001,0.2833333333333333,86.45,Placed,A,D
0.9,0.2833333333333333,0.0,0.6000000000000001,0.35000000000000003,0.5499999999999999,91.36,Placed,A,C
0.1,0.9833333333333333,0.8,0.30000000000000004,0.8,0.41666666666666663,98.2,Placed,A,C
0.20000000000000004,0.9,0.40000000000000013,0.30000000000000004,0.9,0.9999999999999999,96.37,Placed,A,A
0.5000000000000001,0.8666666666666666,0.40000000000000013,0.30000000000000004,0.25,0.5833333333333334,98.32,Placed,A,B
0.7000000000000001,0.8166666666666668,1.0,1.0,0.8,0.33333333333333326,100.0,Placed,A,D
0.7000000000000001,0.1166666666666667,0.6000000000000001,0.1,0.15000000000000002,0.0,69.52,Not Placed,C,F
1.0,0.43333333333333346,0.40000000000000013,0.8,0.30000000000000004,0.43333333333333324,93.91,Placed,A,C
0.8,0.2333333333333334,0.6000000000000001,0.0,0.8,0.8333333333333334,100.0,Placed,A,A
0.6000000000000001,0.7333333333333333,0.8,0.7000000000000001,0.8500000000000001,0.16666666666666663,100.0,Placed,A,F
0.1,0.20000000000000007,1.0,0.5000000000000001,0.25,0.9166666666666666,91.24,Placed,A,A
0.7000000000000001,0.25,0.0,0.9,0.45,0.6166666666666666,90.71,Placed,A,B
0.6000000000000001,0.35,0.0,0.6000000000000001,0.8500000000000001,0.8333333333333334,100.0,Placed,A,A
0.7000000000000001,0.31666666666666665,0.8,0.4,0.30000000000000004,0.21666666666666667,75.42,Placed,B,F
0.20000000000000004,0.20000000000000007,0.8,0.5000000000000001,0.65,0.44999999999999984,73.53,Placed,B,C
0.6000000000000001,0.31666666666666665,1.0,0.5000000000000001,0.65,0.9,100.0,Placed,A,A
0.9,0.01666666666666672,1.0,0.8,0.45,0.43333333333333324,90.7,Placed,A,C
0.8,0.5666666666666668,0.19999999999999996,0.9,0.4,0.35,96.24,Placed,A,D
0.20000000000000004,0.7666666666666667,0.40000000000000013,0.30000000000000004,0.45,0.33333333333333326,64.11,Not Placed,C,D
0.9,0.9,0.40000000000000013,1.0,0.05,0.9166666666666666,91.61,Placed,A,A
0.5000000000000001,0.30000000000000004,0.40000000000000013,0.4,0.1,0.3833333333333333,67.3,Not Placed,C,D
0.1,0.7333333333333333,0.6000000000000001,0.30000000000000004,0.75,0.29999999999999993,70.37,Placed,B,D
0.1,0.6,0.19999999999999996,0.0,0.45,0.3833333333333333,86.31,Placed,A,D
0.4,0.9500000000000001,0.40000000000000013,0.9,0.5,0.41666666666666663,99.49,Placed,A,C
0.4,0.8833333333333334,0.6000000000000001,0.5000000000000001,0.45,0.3999999999999999,74.86,Placed,B,D
0.6000000000000001,0.08333333333333337,0.6000000000000001,0.4,0.55,0.7333333333333333,100.0,Placed,A,B
0.1,0.21666666666666667,0.0,0.30000000000000004,0.65,0.7166666666666667,73.76,Placed,B,B
1.0,0.050000000000000044,0.6000000000000001,0.5000000000000001,0.4,0.4666666666666667,100.0,Placed,A,C
0.6000000000000001,0.35,0.8,0.4,0.6000000000000001,0.1499999999999999,97.24,Placed,A,F
0.4,0.8333333333333334,1.0,0.20000000000000004,0.25,0.8333333333333334,82.29,Placed,A,A
0.5000000000000001,0.9,0.6000000000000001,0.1,0.5,0.16666666666666663,100.0,Placed,A,F
0.7000000000000001,0.6333333333333334,0.8,0.5000000000000001,0.0,0.3833333333333333,92.61,Placed,A,D
0.9,0.5833333333333334,0.8,0.30000000000000004,0.7000000000000001,0.3833333333333333,100.0,Placed,A,D
0.30000000000000004,0.5499999999999999,0.0,1.0,0.30000000000000004,0.18333333333333324,41.56,Not Placed,F,F
0.6000000000000001,0.43333333333333346,0.0,0.9,0.5,0.09999999999999998,74.86,Placed,B,F
0.5000000000000001,0.09999999999999998,0.6000000000000001,0.20000000000000004,0.8,0.65,100.0,Placed,A,B
0.9,0.033333333333333326,0.0,0.7000000000000001,0.2,0.2666666666666666,81.76,Placed,A,D
0.1,0.7666666666666667,0.0,0.8,0.4,0.5666666666666665,79.14,Placed,B,C
0.7000000000000001,0.5333333333333333,1.0,0.6000000000000001,0.75,0.08333333333333326,100.0,Placed,A,F
0.9,0.01666666666666672,0.40000000000000013,0.1,0.5,0.18333333333333324,75.81,Placed,B,F
0.8,0.6833333333333335,0.6000000000000001,0.7000000000000001,0.8,0.23333333333333328,100.0,Placed,A,F
0.4,0.25,0.6000000000000001,1.0,0.25,0.5166666666666667,66.39,Not Placed,C,C
0.9,0.4,0.6000000000000001,1.0,0.7000000000000001,0.3666666666666666,100.0,Placed,A,D
0.30000000000000004,0.9833333333333333,0.0,0.4,0.1,0.09999999999999998,82.64,Placed,A,F
0.5000000000000001,0.2333333333333334,1.0,1.0,0.4,0.9666666666666667,94.11,Placed,A,A
0.7000000000000001,0.3833333333333334,0.0,0.9,0.55,0.6166666666666666,88.7,Placed,A,B
1.0,0.2333333333333334,0.8,0.6000000000000001,0.9,0.4999999999999999,100.0,Placed,A,C
0.20000000000000004,0.5000000000000001,0.19999999999999996,0.4,0.8500000000000001,0.4666666666666667,74.38,Placed,B,C
0.9,0.21666666666666667,0.19999999999999996,0.1,0.75,0.7166666666666667,100.0,Placed,A,B
1.0,0.8833333333333334,0.19999999999999996,0.30000000000000004,0.35000000000000003,0.44999999999999984,100.0,Placed,A,C
1.0,0.21666666666666667,0.40000000000000013,1.0,0.9,0.18333333333333324,100.0,Placed,A,F
0.0,0.08333333333333337,0.0,0.4,0.2,0.43333333333333324,46.82,Not Placed,F,C
0.30000000000000004,0.21666666666666667,0.8,0.5000000000000001,0.55,0.04999999999999993,72.11,Placed,B,F
0.30000000000000004,0.2666666666666667,0.8,0.4,0.25,0.33333333333333326,79.22,Placed,B,D
0.0,0.2833333333333333,0.19999999999999996,0.9,0.55,0.1333333333333333,45.78,Not Placed,F,F
0.8,0.31666666666666665,1.0,1.0,0.7000000000000001,0.7999999999999999,100.0,Placed,A,A
0.20000000000000004,0.8333333333333334,0.40000000000000013,0.0,0.45,0.5499999999999999,85.61,Placed,A,C
0.4,0.2666666666666667,0.40000000000000013,0.0,0.8,0.6,100.0,Placed,A,B
0.5000000000000001,0.25,0.19999999999999996,0.20000000000000004,0.30000000000000004,0.33333333333333326,83.91,Placed,A,D
0.7000000000000001,0.65,0.19999999999999996,0.8,0.30000000000000004,0.9833333333333333,100.0,Placed,A,A
0.5000000000000001,0.6333333333333334,0.0,1.0,1.0,0.3666666666666666,88.91,Placed,A,D
0.20000000000000004,0.85,1.0,0.1,0.5,0.3833333333333333,100.0,Placed,A,D
0.5000000000000001,0.5166666666666667,0.40000000000000013,0.9,0.05,0.1499999999999999,63.29,Not Placed,C,F
0.0,0.9833333333333333,0.8,0.4,1.0,0.6166666666666666,97.43,Placed,A,B
0.30000000000000004,0.7166666666666667,0.19999999999999996,0.8,0.05,0.08333333333333326,73.51,Placed,B,F
0.5000000000000001,0.13333333333333341,0.0,0.6000000000000001,0.65,0.33333333333333326,58.38,Not Placed,D,D
0.6000000000000001,0.43333333333333346,0.8,1.0,0.8500000000000001,0.6,100.0,Placed,A,B
1.0,0.7500000000000001,0.40000000000000013,0.7000000000000001,0.75,0.4666666666666667,100.0,Placed,A,C
1.0,0.85,0.19999999999999996,0.1,0.5,0.9666666666666667,100.0,Placed,A,A
0.9,0.5333333333333333,1.0,0.4,0.4,0.65,100.0,Placed,A,B
0.20000000000000004,0.15000000000000002,0.19999999999999996,0.8,0.30000000000000004,0.33333333333333326,45.74,Not Placed,F,D
0.8,0.2666666666666667,1.0,0.0,0.15000000000000002,0.35,100.0,Placed,A,D
0.6000000000000001,0.7999999999999999,0.0,0.0,0.75,0.5666666666666665,100.0,Placed,A,C
0.0,0.7999999999999999,0.0,0.9,0.65,0.7499999999999999,76.67,Placed,B,A
0.1,0.5833333333333334,0.40000000000000013,0.7000000000000001,0.5,0.06666666666666665,69.86,Not Placed,C,F
0.0,0.2666666666666667,1.0,0.1,0.35000000000000003,0.23333333333333328,50.43,Not Placed,D,F
1.0,0.2833333333333333,0.19999999999999996,0.8,0.5,0.6666666666666666,89.93,Placed,A,B
0.8,0.85,0.0,0.9,0.9500000000000001,0.7666666666666667,100.0,Placed,A,A
0.8,0.3666666666666666,0.19999999999999996,0.8,0.8,0.29999999999999993,95.15,Placed,A,D
0.6000000000000001,0.5499999999999999,0.40000000000000013,0.30000000000000004,0.9,0.25,94.18,Placed,A,D
0.9,0.1166666666666667,1.0,0.1,0.45,0.65,100.0,Placed,A,B
0.20000000000000004,0.20000000000000007,0.19999999999999996,0.20000000000000004,0.55,0.7666666666666667,81.67,Placed,A,A
0.4,0.3666666666666666,0.8,0.9,0.0,0.6999999999999998,64.3,Not Placed,C,B
0.30000000000000004,0.9333333333333335,0.19999999999999996,0.0,0.05,0.3666666666666666,79.49,Placed,B,D
0.6000000000000001,0.8833333333333334,0.6000000000000001,0.20000000000000004,0.8500000000000001,0.04999999999999993,97.06,Placed,A,F
0.8,0.31666666666666665,0.6000000000000001,0.4,0.30000000000000004,0.33333333333333326,99.89,Placed,A,D
0.1,0.35,0.40000000000000013,0.20000000000000004,0.75,0.3833333333333333,78.43,Placed,B,D
0.7000000000000001,0.7666666666666667,0.40000000000000013,0.20000000000000004,0.6000000000000001,0.6833333333333332,100.0,Placed,A,B
0.8,0.85,0.40000000000000013,0.9,0.15000000000000002,0.9,90.36,Placed,A,A
0.9,0.3666666666666666,0.8,0.5000000000000001,0.45,0.41666666666666663,98.99,Placed,A,C
0.9,0.6666666666666666,1.0,0.20000000000000004,0.4,0.6833333333333332,100.0,Placed,A,B
0.8,0.5666666666666668,0.8,0.20000000000000004,0.8500000000000001,0.016666666666666607,99.99,Placed,A,F
0.9,0.033333333333333326,0.19999999999999996,0.8,0.4,0.65,93.73,Placed,A,B
0.6000000000000001,0.5499999999999999,0.0,0.1,0.45,0.11666666666666659,66.02,Not Placed,C,F
0.8,0.5333333333333333,1.0,0.0,0.35000000000000003,0.1333333333333333,91.39,Placed,A,F
0.8,0.7500000000000001,0.6000000000000001,0.9,0.5,0.016666666666666607,83.56,Placed,A,F
0.20000000000000004,0.2666666666666667,0.6000000000000001,0.7000000000000001,0.6000000000000001,0.21666666666666667,68.69,Not Placed,C,F
0.30000000000000004,0.7333333333333333,0.6000000000000001,0.20000000000000004,0.6000000000000001,0.31666666666666665,100.0,Placed,A,D
0.1,0.30000000000000004,0.19999999999999996,0.6000000000000001,0.75,0.016666666666666607,61.18,Not Placed,C,F
0.9,0.4833333333333333,0.19999999999999996,0.1,0.6000000000000001,0.04999999999999993,98.26,Placed,A,F
0.20000000000000004,0.3666666666666666,0.40000000000000013,1.0,0.55,0.5666666666666665,65.46,Not Placed,C,C
1.0,0.2333333333333334,0.0,1.0,0.7000000000000001,0.9,100.0,Placed,A,A
1.0,0.9666666666666667,0.40000000000000013,0.7000000000000001,0.75,0.21666666666666667,100.0,Placed,A,F
0.4,0.9333333333333335,0.19999999999999996,0.8,0.35000000000000003,0.33333333333333326,82.26,Placed,A,D
0.4,0.21666666666666667,0.8,0.7000000000000001,0.25,0.7833333333333333,79.36,Placed,B,A
0.5000000000000001,0.01666666666666672,0.40000000000000013,0.7000000000000001,0.35000000000000003,0.23333333333333328,84.83,Placed,A,F
0.6000000000000001,0.6333333333333334,1.0,0.7000000000000001,0.05,0.6333333333333332,62.75,Not Placed,C,B
0.6000000000000001,0.7999999999999999,0.19999999999999996,0.6000000000000001,0.8500000000000001,0.8166666666666665,100.0,Placed,A,A
0.0,0.2833333333333333,0.19999999999999996,0.1,0.5,0.31666666666666665,49.57,Not Placed,F,D
0.1,0.08333333333333337,0.8,0.7000000000000001,0.8,0.08333333333333326,69.23,Not Placed,C,F
0.8,0.9666666666666667,0.8,0.4,0.45,0.44999999999999984,100.0,Placed,A,C
0.9,0.5166666666666667,0.8,0.5000000000000001,0.05,0.8666666666666666,88.54,Placed,A,A
0.1,0.33333333333333337,0.0,0.30000000000000004,0.9,0.7833333333333333,100.0,Placed,A,A
0.5000000000000001,0.65,1.0,0.0,0.9500000000000001,0.6999999999999998,100.0,Placed,A,B
1.0,0.45000000000000007,0.19999999999999996,0.4,0.9500000000000001,0.016666666666666607,100.0,Placed,A,F
1.0,0.43333333333333346,0.8,0.20000000000000004,0.9500000000000001,0.44999999999999984,100.0,Placed,A,C
0.0,0.01666666666666672,0.0,0.8,0.05,0.9,55.83,Not Placed,D,A
0.20000000000000004,0.5333333333333333,0.6000000000000001,0.30000000000000004,0.25,0.5499999999999999,100.0,Placed,A,C
0.1,0.25,1.0,0.9,0.8,0.21666666666666667,71.78,Placed,B,F
0.20000000000000004,0.6333333333333334,0.6000000000000001,0.1,0.55,0.1333333333333333,89.16,Placed,A,F
0.4,0.35,0.6000000000000001,0.30000000000000004,0.2,0.3666666666666666,77.5,Placed,B,D
1.0,0.9166666666666666,0.19999999999999996,0.20000000000000004,0.05,0.7166666666666667,100.0,Placed,A,B
0.9,0.7000000000000001,0.0,0.20000000000000004,0.4,0.5666666666666665,100.0,Placed,A,C
0.5000000000000001,0.7666666666666667,0.0,0.4,0.05,0.35,68.11,Not Placed,C,D
0.8,0.20000000000000007,0.6000000000000001,0.0,0.9500000000000001,0.06666666666666665,100.0,Placed,A,F
1.0,0.9166666666666666,1.0,0.4,0.65,0.9833333333333333,100.0,Placed,A,A
0.9,0.01666666666666672,0.40000000000000013,0.7000000000000001,0.7000000000000001,0.6666666666666666,85.67,Placed,A,B
0.30000000000000004,0.21666666666666667,0.6000000000000001,0.9,0.05,0.4666666666666667,61.67,Not Placed,C,C
0.6000000000000001,0.9166666666666666,0.19999999999999996,0.8,0.8500000000000001,0.5666666666666665,100.0,Placed,A,C
0.5000000000000001,0.6166666666666666,0.6000000000000001,0.0,0.55,0.8166666666666665,100.0,Placed,A,A
0.1,0.6666666666666666,1.0,0.1,0.30000000000000004,0.5499999999999999,67.12,Not Placed,C,C
0.9,0.45000000000000007,1.0,0.1,0.75,0.04999999999999993,100.0,Placed,A,F
1.0,0.09999999999999998,0.6000000000000001,0.5000000000000001,0.9,0.7333333333333333,96.27,Placed,A,B
1.0,0.2833333333333333,0.0,0.0,0.1,0.7999999999999999,100.0,Placed,A,A
1.0,0.9166666666666666,0.6000000000000001,1.0,0.7000000000000001,0.1333333333333333,100.0,Placed,A,F
0.7000000000000001,0.6666666666666666,0.8,0.0,0.7000000000000001,0.8333333333333334,100.0,Placed,A,A
0.6000000000000001,0.9,0.8,0.1,0.30000000000000004,0.21666666666666667,100.0,Placed,A,F
0.6000000000000001,0.5833333333333334,0.40000000000000013,0.30000000000000004,0.35000000000000003,0.7333333333333333,88.02,Placed,A,B
0.7000000000000001,0.6666666666666666,0.19999999999999996,0.1,0.30000000000000004,0.06666666666666665,100.0,Placed,A,F
1.0,0.5833333333333334,0.19999999999999996,0.30000000000000004,0.1,0.8166666666666665,99.32,Placed,A,A
0.0,0.7166666666666667,0.0,0.20000000000000004,0.9,0.9166666666666666,100.0,Placed,A,A
0.0,0.050000000000000044,0.19999999999999996,0.20000000000000004,0.9,0.7666666666666667,100.0,Placed,A,A
0.7000000000000001,0.9333333333333335,0.40000000000000013,0.8,0.8500000000000001,0.43333333333333324,100.0,Placed,A,C
0.30000000000000004,0.4833333333333333,0.8,0.7000000000000001,0.30000000000000004,0.16666666666666663,62.9,Not Placed,C,F
0.4,0.3833333333333334,0.0,0.9,0.9,0.4833333333333333,95.44,Placed,A,C
0.7000000000000001,0.31666666666666665,1.0,0.8,0.2,0.8333333333333334,91.17,Placed,A,A
0.4,0.7500000000000001,0.8,0.0,0.6000000000000001,0.6,98.07,Placed,A,B
0.9,0.9166666666666666,0.40000000000000013,0.4,0.05,0.6333333333333332,100.0,Placed,A,B
0.30000000000000004,0.5000000000000001,0.0,0.30000000000000004,0.8500000000000001,0.5499999999999999,100.0,Placed,A,C
0.5000000000000001,0.3833333333333334,0.6000000000000001,1.0,0.15000000000000002,0.8333333333333334,81.9,Placed,A,A
0.4,0.09999999999999998,0.19999999999999996,0.8,0.15000000000000002,0.3833333333333333,61.36,Not Placed,C,D
0.6000000000000001,0.41666666666666663,0.40000000000000013,0.20000000000000004,0.35000000000000003,0.25,88.07,Placed,A,D
0.9,0.20000000000000007,0.0,0.4,0.5,0.9499999999999998,100.0,Placed,A,A
0.6000000000000001,0.8833333333333334,0.8,0.7000000000000001,0.0,0.4833333333333333,85.13,Placed,A,C
0.30000000000000004,0.1166666666666667,0.0,0.9,0.4,0.3833333333333333,47.74,Not Placed,F,D
0.4,0.9,0.6000000000000001,0.4,0.25,0.033333333333333326,71.19,Placed,B,F
0.20000000000000004,0.06666666666666665,0.40000000000000013,0.8,0.15000000000000002,0.4666666666666667,56.02,Not Placed,D,C
0.30000000000000004,0.7166666666666667,0.0,0.1,0.25,0.6833333333333332,100.0,Placed,A,B
0.30000000000000004,0.20000000000000007,1.0,0.5000000000000001,0.6000000000000001,0.18333333333333324,67.36,Not Placed,C,F
0.20000000000000004,0.4666666666666667,0.40000000000000013,0.4,0.4,0.9,81.05,Placed,A,A
0.9,0.31666666666666665,0.40000000000000013,0.8,0.65,0.43333333333333324,89.86,Placed,A,C
0.4,0.21666666666666667,0.8,0.6000000000000001,0.55,0.4666666666666667,64.42,Not Placed,C,C
0.4,0.5166666666666667,0.19999999999999996,0.7000000000000001,0.15000000000000002,0.016666666666666607,74.45,Placed,B,F
1.0,0.9833333333333333,1.0,0.6000000000000001,0.35000000000000003,0.9333333333333332,100.0,Placed,A,A
0.6000000000000001,0.8166666666666668,0.6000000000000001,0.9,0.8,0.9999999999999999,100.0,Placed,A,A
0.30000000000000004,0.43333333333333346,0.0,0.9,0.2,0.4666666666666667,44.18,Not Placed,F,C
0.30000000000000004,0.9166666666666666,0.19999999999999996,0.4,0.1,0.65,87.42,Placed,A,B
0.8,0.4,0.8,1.0,0.15000000000000002,0.9333333333333332,100.0,Placed,A,A
0.5000000000000001,0.85,0.19999999999999996,0.4,0.35000000000000003,0.1333333333333333,92.59,Placed,A,F
0.30000000000000004,0.050000000000000044,0.40000000000000013,1.0,0.75,0.9,91.45,Placed,A,A
0.1,0.33333333333333337,0.40000000000000013,0.30000000000000004,0.5,0.85,74.91,Placed,B,A
0.5000000000000001,0.2833333333333333,0.6000000000000001,0.1,0.05,0.7166666666666667,99.98,Placed,A,B
0.1,0.6333333333333334,1.0,0.8,0.35000000000000003,0.44999999999999984,67.46,Not Placed,C,C
0.4,0.2333333333333334,0.0,0.9,0.30000000000000004,0.6,74.64,Placed,B,B
0.5000000000000001,0.8666666666666666,0.0,0.9,0.0,0.3666666666666666,60.01,Not Placed,C,D
0.30000000000000004,0.6166666666666666,0.8,0.9,0.05,0.19999999999999996,62.44,Not Placed,C,F
0.20000000000000004,0.7833333333333333,0.6000000000000001,0.9,0.6000000000000001,0.06666666666666665,83.47,Placed,A,F
0.6000000000000001,0.85,0.0,0.20000000000000004,0.5,0.5166666666666667,100.0,Placed,A,C
0.1,0.3833333333333334,1.0,1.0,0.1,0.44999999999999984,59.67,Not Placed,D,C
1.0,0.1166666666666667,0.40000000000000013,1.0,0.05,0.9499999999999998,100.0,Placed,A,A
0.5000000000000001,0.45000000000000007,0.6000000000000001,0.20000000000000004,0.75,0.23333333333333328,94.5,Placed,A,F
0.30000000000000004,0.33333333333333337,0.19999999999999996,0.20000000000000004,0.0,0.3833333333333333,75.06,Placed,B,D
0.5000000000000001,0.25,0.6000000000000001,0.7000000000000001,0.30000000000000004,0.5166666666666667,74.67,Placed,B,C
0.30000000000000004,0.9833333333333333,0.6000000000000001,0.5000000000000001,0.1,0.33333333333333326,65.05,Not Placed,C,D
0.30000000000000004,0.8833333333333334,1.0,0.0,0.75,0.06666666666666665,96.81,Placed,A,F
0.30000000000000004,0.25,1.0,0.20000000000000004,0.25,0.6,65.99,Not Placed,C,B
0.8,0.5666666666666668,0.0,0.30000000000000004,0.65,0.5833333333333334,100.0,Placed,A,B
0.6000000000000001,0.2666666666666667,0.8,0.1,0.5,0.9666666666666667,100.0,Placed,A,A
0.20000000000000004,0.13333333333333341,0.8,0.5000000000000001,1.0,0.44999999999999984,96.17,Placed,A,C
0.20000000000000004,0.9333333333333335,1.0,0.9,0.9,0.5166666666666667,100.0,Placed,A,C
0.5000000000000001,0.5666666666666668,0.0,0.0,0.0,0.9666666666666667,87.22,Placed,A,A
0.5000000000000001,0.85,0.0,0.0,1.0,0.9833333333333333,100.0,Placed,A,A
0.30000000000000004,0.4666666666666667,0.0,0.7000000000000001,0.6000000000000001,0.3666666666666666,86.9,Placed,A,D
0.8,0.6333333333333334,1.0,0.30000000000000004,0.9500000000000001,0.25,100.0,Placed,A,D
0.30000000000000004,0.2833333333333333,0.8,0.0,0.4,0.8166666666666665,100.0,Placed,A,A
0.8,0.18333333333333335,0.0,0.6000000000000001,0.5,0.1499999999999999,60.92,Not Placed,C,F
0.30000000000000004,0.30000000000000004,1.0,0.8,0.0,0.4666666666666667,76.5,Placed,B,C
0.1,0.7833333333333333,0.19999999999999996,0.9,0.6000000000000001,0.85,91.47,Placed,A,A
0.1,0.35,0.19999999999999996,0.6000000000000001,0.9500000000000001,0.43333333333333324,100.0,Placed,A,C
0.4,0.9666666666666667,0.40000000000000013,0.0,0.0,0.5666666666666665,82.54,Placed,A,C
0.30000000000000004,0.9166666666666666,0.19999999999999996,0.0,0.1,0.6833333333333332,83.68,Placed,A,B
0.6000000000000001,0.7999999999999999,0.6000000000000001,0.0,0.9500000000000001,0.7333333333333333,100.0,Placed,A,B
1.0,0.85,0.40000000000000013,0.7000000000000001,0.8,0.3833333333333333,96.73,Placed,A,D
0.4,0.2333333333333334,0.19999999999999996,0.6000000000000001,0.2,0.3666666666666666,39.22,Not Placed,F,D
0.5000000000000001,0.0,0.6000000000000001,0.20000000000000004,0.25,0.033333333333333326,71.83,Placed,B,F
0.9,0.01666666666666672,0.19999999999999996,0.20000000000000004,0.8,0.5833333333333334,99.11,Placed,A,B
0.30000000000000004,0.1166666666666667,1.0,0.20000000000000004,0.45,0.7333333333333333,76.22,Placed,B,B
0.1,0.35,0.6000000000000001,0.1,0.5,0.21666666666666667,77.52,Placed,B,F
0.9,0.4,0.0,0.30000000000000004,0.6000000000000001,0.04999999999999993,79.72,Placed,B,F
0.8,0.01666666666666672,1.0,0.6000000000000001,0.45,0.7166666666666667,100.0,Placed,A,B
0.9,0.8333333333333334,0.6000000000000001,0.8,0.65,0.7833333333333333,100.0,Placed,A,A
0.6000000000000001,0.13333333333333341,1.0,0.20000000000000004,0.6000000000000001,0.6833333333333332,96.12,Placed,A,B
0.30000000000000004,0.13333333333333341,0.0,0.9,0.15000000000000002,0.9,70.1,Placed,B,A
0.20000000000000004,0.20000000000000007,0.6000000000000001,0.6000000000000001,0.9500000000000001,0.5166666666666667,75.73,Placed,B,C
0.9,0.08333333333333337,0.6000000000000001,0.30000000000000004,0.8,0.9166666666666666,100.0,Placed,A,A
0.20000000000000004,0.4833333333333333,1.0,0.0,0.8500000000000001,0.31666666666666665,95.55,Placed,A,D
0.8,0.2333333333333334,0.19999999999999996,0.4,0.5,0.9166666666666666,100.0,Placed,A,A
0.4,0.8333333333333334,0.6000000000000001,0.7000000000000001,0.45,0.2666666666666666,91.63,Placed,A,D
0.20000000000000004,0.8666666666666666,0.19999999999999996,0.20000000000000004,1.0,0.4666666666666667,100.0,Placed,A,C
0.4,0.2333333333333334,0.6000000000000001,0.9,0.8500000000000001,0.9333333333333332,94.86,Placed,A,A
0.1,0.8166666666666668,0.8,0.30000000000000004,0.9,0.6333333333333332,100.0,Placed,A,B
1.0,0.09999999999999998,0.40000000000000013,0.20000000000000004,0.4,0.5166666666666667,100.0,Placed,A,C
0.30000000000000004,0.9500000000000001,0.19999999999999996,0.9,0.2,0.04999999999999993,78.97,Placed,B,F
0.9,0.16666666666666674,0.19999999999999996,0.7000000000000001,0.0,0.3833333333333333,73.91,Placed,B,D
0.1,0.65,0.0,0.9,0.2,0.7166666666666667,72.42,Placed,B,B
0.1,0.6166666666666666,0.8,0.7000000000000001,0.1,0.6833333333333332,76.61,Placed,B,B
0.7000000000000001,0.65,0.0,0.30000000000000004,0.0,0.016666666666666607,77.57,Placed,B,F
0.0,0.01666666666666672,0.8,1.0,0.9,0.21666666666666667,43.18,Not Placed,F,F
0.6000000000000001,0.8333333333333334,0.8,0.1,0.25,0.65,100.0,Placed,A,B
0.4,0.7833333333333333,1.0,0.20000000000000004,0.45,0.6833333333333332,100.0,Placed,A,B
1.0,0.6333333333333334,1.0,0.20000000000000004,0.2,0.6166666666666666,100.0,Placed,A,B
0.7000000000000001,0.15000000000000002,1.0,0.30000000000000004,0.55,0.9,100.0,Placed,A,A
0.0,0.7166666666666667,0.6000000000000001,1.0,0.55,0.9,98.28,Placed,A,A
1.0,0.2666666666666667,0.0,0.1,0.8,0.5499999999999999,100.0,Placed,A,C
0.6000000000000001,0.09999999999999998,0.40000000000000013,0.1,0.05,0.7499999999999999,89.76,Placed,A,A
0.4,0.8833333333333334,0.8,0.20000000000000004,1.0,0.6999999999999998,100.0,Placed,A,B
0.30000000000000004,0.65,0.8,0.0,0.65,0.016666666666666607,85.26,Placed,A,F
0.6000000000000001,0.6333333333333334,0.19999999999999996,0.7000000000000001,0.55,0.5833333333333334,96.98,Placed,A,B
0.9,0.050000000000000044,0.6000000000000001,0.5000000000000001,0.6000000000000001,0.08333333333333326,84.89,Placed,A,F
0.1,0.5666666666666668,0.40000000000000013,0.20000000000000004,0.2,0.5833333333333334,66.0,Not Placed,C,B
0.0,0.8333333333333334,1.0,0.0,0.2,0.35,81.56,Placed,A,D
0.0,0.7666666666666667,0.8,0.20000000000000004,0.8,0.06666666666666665,92.26,Placed,A,F
1.0,0.5833333333333334,0.19999999999999996,0.0,0.2,0.6166666666666666,95.53,Placed,A,B
0.0,0.5000000000000001,0.0,0.20000000000000004,0.9,0.6666666666666666,100.0,Placed,A,B
0.4,0.4,0.8,0.30000000000000004,0.15000000000000002,0.8833333333333332,81.45,Placed,A,A
0.9,0.6666666666666666,0.19999999999999996,0.5000000000000001,0.30000000000000004,0.35,87.85,Placed,A,D
0.6000000000000001,0.20000000000000007,0.0,0.6000000000000001,0.8,0.7833333333333333,100.0,Placed,A,A
0.1,0.2833333333333333,0.6000000000000001,0.6000000000000001,0.5,0.16666666666666663,70.59,Placed,B,F
0.9,0.33333333333333337,1.0,0.8,0.25,0.6999999999999998,100.0,Placed,A,B
0.7000000000000001,0.7833333333333333,0.0,0.7000000000000001,0.6000000000000001,0.9166666666666666,100.0,Placed,A,A
0.30000000000000004,0.0,0.8,0.30000000000000004,0.55,0.4999999999999999,86.22,Placed,A,C
0.20000000000000004,0.5833333333333334,0.40000000000000013,0.5000000000000001,0.2,0.8666666666666666,100.0,Placed,A,A
0.9,0.8166666666666668,0.0,1.0,0.45,0.8666666666666666,100.0,Placed,A,A
1.0,0.1166666666666667,0.40000000000000013,0.0,0.5,0.6833333333333332,100.0,Placed,A,B
0.7000000000000001,0.85,0.40000000000000013,0.7000000000000001,0.4,0.4666666666666667,91.16,Placed,A,C
0.1,0.7833333333333333,0.0,0.5000000000000001,0.6000000000000001,0.9666666666666667,79.65,Placed,B,A
1.0,0.33333333333333337,0.6000000000000001,0.1,0.1,0.5333333333333333,100.0,Placed,A,C
1.0,0.7000000000000001,0.0,0.7000000000000001,0.8,0.35,100.0,Placed,A,D
0.20000000000000004,0.85,0.19999999999999996,0.30000000000000004,0.8500000000000001,0.7999999999999999,100.0,Placed,A,A
0.20000000000000004,0.8666666666666666,1.0,0.8,0.2,0.43333333333333324,76.48,Placed,B,C
0.9,0.8666666666666666,0.40000000000000013,0.30000000000000004,0.75,0.11666666666666659,100.0,Placed,A,F
1.0,0.33333333333333337,1.0,0.0,0.75,0.9499999999999998,100.0,Placed,A,A
0.0,0.43333333333333346,0.8,0.6000000000000001,0.5,0.7833333333333333,80.95,Placed,A,A
0.5000000000000001,0.30000000000000004,0.40000000000000013,0.9,0.15000000000000002,0.9333333333333332,83.26,Placed,A,A
0.1,0.3666666666666666,0.8,0.4,0.4,0.08333333333333326,79.12,Placed,B,F
0.0,0.8333333333333334,0.19999999999999996,0.9,0.7000000000000001,0.7499999999999999,89.36,Placed,A,A
0.1,0.8166666666666668,0.19999999999999996,1.0,0.55,0.3999999999999999,74.26,Placed,B,D
0.5000000000000001,0.8333333333333334,1.0,0.4,0.75,0.5499999999999999,100.0,Placed,A,C
0.30000000000000004,0.7000000000000001,0.19999999999999996,0.30000000000000004,0.15000000000000002,0.1333333333333333,58.87,Not Placed,D,F
0.5000000000000001,0.5666666666666668,0.0,0.5000000000000001,0.1,0.5833333333333334,77.87,Placed,B,B
0.8,0.65,0.40000000000000013,0.0,1.0,0.4999999999999999,100.0,Placed,A,C
0.9,0.85,0.8,0.20000000000000004,0.15000000000000002,0.29999999999999993,100.0,Placed,A,D
0.9,0.8333333333333334,1.0,1.0,0.05,0.7999999999999999,95.93,Placed,A,A
0.7000000000000001,0.6833333333333335,1.0,0.6000000000000001,0.9,0.0,100.0,Placed,A,F
0.0,0.7833333333333333,0.19999999999999996,1.0,0.30000000000000004,0.3833333333333333,56.37,Not Placed,D,D
0.7000000000000001,0.06666666666666665,0.19999999999999996,0.7000000000000001,0.05,0.5499999999999999,84.66,Placed,A,C
0.8,0.85,0.8,0.8,0.0,0.2666666666666666,85.78,Placed,A,D
0.5000000000000001,0.6666666666666666,0.40000000000000013,0.0,0.8500000000000001,0.5499999999999999,100.0,Placed,A,C
0.9,0.1166666666666667,0.40000000000000013,0.30000000000000004,0.35000000000000003,0.5666666666666665,100.0,Placed,A,C
0.4,0.16666666666666674,1.0,0.1,0.35000000000000003,0.5833333333333334,90.23,Placed,A,B
0.5000000000000001,0.25,0.8,0.1,0.45,0.19999999999999996,83.81,Placed,A,F
0.5000000000000001,0.6333333333333334,1.0,0.0,0.8500000000000001,0.9666666666666667,100.0,Placed,A,A
0.8,0.7666666666666667,0.6000000000000001,0.4,0.5,0.3999999999999999,100.0,Placed,A,D
0.30000000000000004,0.3833333333333334,0.40000000000000013,0.1,0.0,0.9,100.0,Placed,A,A
0.1,1.0,0.8,0.30000000000000004,0.30000000000000004,0.18333333333333324,82.09,Placed,A,F
1.0,0.33333333333333337,0.8,0.8,0.35000000000000003,0.33333333333333326,100.0,Placed,A,D
1.0,0.85,1.0,1.0,0.65,0.6,100.0,Placed,A,B
0.8,0.3666666666666666,0.19999999999999996,0.20000000000000004,0.9,0.7499999999999999,100.0,Placed,A,A
0.1,0.7999999999999999,0.8,0.7000000000000001,0.35000000000000003,0.6166666666666666,75.91,Placed,B,B
0.9,0.6166666666666666,1.0,0.9,0.9,0.0,100.0,Placed,A,F
0.8,0.7666666666666667,0.0,0.5000000000000001,0.15000000000000002,0.7833333333333333,95.67,Placed,A,A
0.1,0.1166666666666667,0.19999999999999996,0.9,0.45,0.08333333333333326,56.2,Not Placed,D,F
0.7000000000000001,0.09999999999999998,0.19999999999999996,0.4,0.45,0.7333333333333333,90.58,Placed,A,B
0.8,0.01666666666666672,0.40000000000000013,0.1,0.15000000000000002,0.7333333333333333,100.0,Placed,A,B
0.9,0.4833333333333333,0.6000000000000001,1.0,0.35000000000000003,0.16666666666666663,100.0,Placed,A,F
0.8,0.20000000000000007,0.40000000000000013,0.20000000000000004,0.30000000000000004,0.25,71.7,Placed,B,D
0.9,0.3666666666666666,0.0,0.7000000000000001,0.7000000000000001,0.35,100.0,Placed,A,D
0.8,0.4666666666666667,1.0,0.8,0.35000000000000003,0.7499999999999999,95.01,Placed,A,A
0.1,0.6166666666666666,0.19999999999999996,1.0,0.45,0.16666666666666663,56.78,Not Placed,D,F
0.30000000000000004,1.0,0.19999999999999996,1.0,0.30000000000000004,0.6,81.7,Placed,A,B
0.6000000000000001,0.6,0.8,0.6000000000000001,0.9,0.41666666666666663,88.56,Placed,A,C
0.1,0.31666666666666665,0.6000000000000001,0.0,0.1,0.9333333333333332,71.04,Placed,B,A
0.0,0.5333333333333333,0.6000000000000001,0.5000000000000001,0.4,0.41666666666666663,70.1,Placed,B,C
0.20000000000000004,0.4666666666666667,0.8,0.6000000000000001,0.75,0.6833333333333332,80.69,Placed,A,B
0.30000000000000004,0.8166666666666668,0.0,0.5000000000000001,0.65,0.33333333333333326,72.36,Placed,B,D
0.7000000000000001,0.2333333333333334,0.6000000000000001,0.9,0.30000000000000004,0.9333333333333332,100.0,Placed,A,A
0.5000000000000001,0.3666666666666666,0.19999999999999996,1.0,0.55,0.41666666666666663,81.23,Placed,A,C
1.0,0.6833333333333335,0.0,0.1,0.0,0.23333333333333328,100.0,Placed,A,F
0.1,0.033333333333333326,0.40000000000000013,0.8,0.75,0.6333333333333332,92.79,Placed,A,B
0.8,0.6,0.40000000000000013,0.20000000000000004,0.1,0.5666666666666665,100.0,Placed,A,C
0.1,0.9166666666666666,0.0,0.5000000000000001,0.0,0.16666666666666663,50.3,Not Placed,D,F
0.4,0.4666666666666667,0.19999999999999996,0.5000000000000001,0.25,0.1333333333333333,61.96,Not Placed,C,F
0.30000000000000004,0.7333333333333333,0.40000000000000013,0.7000000000000001,0.05,0.6833333333333332,80.86,Placed,A,B
0.6000000000000001,0.1166666666666667,1.0,0.30000000000000004,0.30000000000000004,0.3666666666666666,94.06,Placed,A,D
0.7000000000000001,0.35,0.19999999999999996,0.5000000000000001,0.35000000000000003,0.04999999999999993,81.45,Placed,A,F
0.4,0.8666666666666666,0.8,0.0,0.6000000000000001,0.4833333333333333,100.0,Placed,A,C
0.9,0.4666666666666667,0.6000000000000001,0.8,0.75,0.44999999999999984,100.0,Placed,A,C
0.4,0.01666666666666672,0.0,0.8,1.0,0.3999999999999999,83.24,Placed,A,D
0.1,0.6666666666666666,0.6000000000000001,0.6000000000000001,0.45,0.35,69.29,Not Placed,C,D
0.7000000000000001,0.7999999999999999,0.8,1.0,0.15000000000000002,0.3999999999999999,80.64,Placed,A,D
0.1,0.9666666666666667,0.40000000000000013,0.0,1.0,0.85,100.0,Placed,A,A
0.9,0.8166666666666668,1.0,0.20000000000000004,0.6000000000000001,0.41666666666666663,100.0,Placed,A,C
0.5000000000000001,0.7333333333333333,0.19999999999999996,0.4,0.8,0.8166666666666665,100.0,Placed,A,A
0.7000000000000001,0.0,0.19999999999999996,0.30000000000000004,0.35000000000000003,0.4666666666666667,85.25,Placed,A,C
0.5000000000000001,0.7166666666666667,0.8,0.4,0.35000000000000003,0.7499999999999999,97.2,Placed,A,A
0.30000000000000004,0.31666666666666665,0.0,0.6000000000000001,0.30000000000000004,0.6666666666666666,69.71,Not Placed,C,B
0.30000000000000004,0.85,0.6000000000000001,0.8,0.0,0.5166666666666667,54.75,Not Placed,D,C
0.5000000000000001,0.33333333333333337,1.0,0.0,0.7000000000000001,0.41666666666666663,98.49,Placed,A,C
0.30000000000000004,0.6,0.40000000000000013,0.4,0.7000000000000001,0.44999999999999984,98.2,Placed,A,C
0.7000000000000001,0.1166666666666667,0.0,0.20000000000000004,0.9,0.31666666666666665,87.55,Placed,A,D
0.8,0.43333333333333346,1.0,0.20000000000000004,0.15000000000000002,0.7833333333333333,91.86,Placed,A,A
0.0,0.7666666666666667,1.0,1.0,0.25,0.9666666666666667,67.03,Not Placed,C,A
0.30000000000000004,0.9666666666666667,0.8,0.1,0.45,0.016666666666666607,81.97,Placed,A,F
0.30000000000000004,0.5666666666666668,0.8,0.5000000000000001,0.55,0.3666666666666666,85.67,Placed,A,D
0.1,0.08333333333333337,0.19999999999999996,0.5000000000000001,0.15000000000000002,0.6333333333333332,60.32,Not Placed,C,B
0.5000000000000001,0.9833333333333333,0.40000000000000013,0.20000000000000004,0.25,0.06666666666666665,92.25,Placed,A,F
0.20000000000000004,0.7333333333333333,0.0,0.0,0.65,0.33333333333333326,83.06,Placed,A,D
0.6000000000000001,0.7166666666666667,0.19999999999999996,0.6000000000000001,0.6000000000000001,0.9166666666666666,100.0,Placed,A,A
1.0,0.30000000000000004,0.40000000000000013,0.1,1.0,0.35,100.0,Placed,A,D
1.0,1.0,0.6000000000000001,0.7000000000000001,0.1,0.7999999999999999,100.0,Placed,A,A
0.4,0.2833333333333333,0.6000000000000001,0.20000000000000004,1.0,0.16666666666666663,99.09,Placed,A,F
0.30000000000000004,0.9166666666666666,0.19999999999999996,0.0,0.7000000000000001,0.4833333333333333,79.83,Placed,B,C
0.4,0.0,0.0,0.9,0.1,0.44999999999999984,56.88,Not Placed,D,C
0.7000000000000001,0.4,0.40000000000000013,0.8,0.2,0.5833333333333334,100.0,Placed,A,B
0.20000000000000004,0.43333333333333346,0.6000000000000001,0.4,0.6000000000000001,0.2666666666666666,98.7,Placed,A,D
0.6000000000000001,0.09999999999999998,0.6000000000000001,0.0,0.7000000000000001,0.33333333333333326,97.42,Placed,A,D
0.5000000000000001,0.7166666666666667,0.0,0.9,0.8,0.6,100.0,Placed,A,B
0.0,0.6833333333333335,0.19999999999999996,1.0,0.25,0.5833333333333334,49.49,Not Placed,F,B
0.6000000000000001,0.4666666666666667,0.8,0.5000000000000001,0.8500000000000001,0.3999999999999999,93.52,Placed,A,D
0.6000000000000001,0.5000000000000001,1.0,0.9,0.1,0.3833333333333333,79.31,Placed,B,D
0.0,0.7166666666666667,0.40000000000000013,0.20000000000000004,0.4,0.4833333333333333,70.02,Placed,B,C
0.8,0.7000000000000001,0.6000000000000001,1.0,0.35000000000000003,0.6833333333333332,100.0,Placed,A,B
0.5000000000000001,0.5833333333333334,1.0,0.30000000000000004,0.9500000000000001,0.5666666666666665,100.0,Placed,A,C
0.1,0.30000000000000004,1.0,0.7000000000000001,0.5,0.33333333333333326,76.72,Placed,B,D
0.4,0.08333333333333337,0.8,0.4,0.5,0.08333333333333326,84.7,Placed,A,F
1.0,0.4,1.0,0.5000000000000001,0.35000000000000003,0.33333333333333326,100.0,Placed,A,D
0.30000000000000004,0.5000000000000001,0.0,0.9,0.0,0.11666666666666659,61.08,Not Placed,C,F
0.6000000000000001,0.13333333333333341,0.19999999999999996,0.30000000000000004,0.05,0.06666666666666665,74.99,Placed,B,F
0.7000000000000001,0.31666666666666665,0.40000000000000013,0.5000000000000001,0.9500000000000001,0.65,100.0,Placed,A,B
1.0,0.15000000000000002,0.0,0.20000000000000004,0.15000000000000002,0.1499999999999999,64.73,Not Placed,C,F
1.0,0.6,0.19999999999999996,0.9,0.05,0.4999999999999999,80.09,Placed,A,C
0.0,0.43333333333333346,0.0,0.0,0.05,0.9499999999999998,74.79,Placed,B,A
0.4,0.20000000000000007,0.6000000000000001,0.5000000000000001,0.6000000000000001,0.4833333333333333,87.67,Placed,A,C
0.20000000000000004,0.6666666666666666,0.6000000000000001,0.0,1.0,0.8333333333333334,100.0,Placed,A,A
0.0,0.01666666666666672,0.8,0.9,0.9500000000000001,0.33333333333333326,55.04,Not Placed,D,D
0.20000000000000004,0.8166666666666668,0.0,0.20000000000000004,0.25,0.5833333333333334,87.52,Placed,A,B
0.5000000000000001,0.33333333333333337,1.0,0.7000000000000001,0.15000000000000002,0.9999999999999999,92.73,Placed,A,A
0.6000000000000001,0.5333333333333333,0.6000000000000001,0.6000000000000001,0.7000000000000001,0.43333333333333324,92.55,Placed,A,C
0.7000000000000001,0.3833333333333334,0.19999999999999996,0.7000000000000001,0.1,0.6166666666666666,100.0,Placed,A,B
1.0,0.8666666666666666,0.8,0.9,0.15000000000000002,0.5666666666666665,96.76,Placed,A,C
0.30000000000000004,0.7166666666666667,1.0,0.9,0.8,0.9833333333333333,100.0,Placed,A,A
0.20000000000000004,0.6833333333333335,0.40000000000000013,0.1,0.25,0.5166666666666667,92.29,Placed,A,C
0.4,0.5499999999999999,0.0,0.9,0.05,0.41666666666666663,55.04,Not Placed,D,C
0.8,0.9833333333333333,0.6000000000000001,0.6000000000000001,0.9500000000000001,0.04999999999999993,96.65,Placed,A,F
0.5000000000000001,0.13333333333333341,1.0,0.30000000000000004,0.6000000000000001,0.43333333333333324,100.0,Placed,A,C
0.8,0.01666666666666672,0.19999999999999996,0.0,0.7000000000000001,0.5833333333333334,100.0,Placed,A,B
0.5000000000000001,0.9,0.0,1.0,0.2,0.6,76.34,Placed,B,B
0.1,0.9166666666666666,0.19999999999999996,0.20000000000000004,0.9,0.43333333333333324,78.53,Placed,B,C
0.4,0.4833333333333333,0.8,0.4,0.25,0.7666666666666667,93.07,Placed,A,A
1.0,0.35,0.6000000000000001,0.9,0.8,0.7833333333333333,100.0,Placed,A,A
0.8,0.7500000000000001,0.6000000000000001,0.7000000000000001,0.0,0.08333333333333326,63.28,Not Placed,C,F
0.7000000000000001,0.16666666666666674,0.8,0.1,0.05,0.2833333333333333,88.7,Placed,A,D
0.6000000000000001,0.9,0.19999999999999996,0.1,0.0,0.41666666666666663,80.66,Placed,A,C
0.0,0.7000000000000001,0.0,0.7000000000000001,0.35000000000000003,0.7166666666666667,74.82,Placed,B,B
0.30000000000000004,0.2666666666666667,0.19999999999999996,0.8,0.15000000000000002,0.3833333333333333,82.7,Placed,A,D
0.6000000000000001,0.5833333333333334,0.0,0.9,0.8500000000000001,0.85,100.0,Placed,A,A
1.0,0.20000000000000007,1.0,0.0,0.4,0.09999999999999998,100.0,Placed,A,F
0.6000000000000001,0.09999999999999998,0.8,0.1,0.7000000000000001,0.9,100.0,Placed,A,A
0.5000000000000001,0.25,0.40000000000000013,0.30000000000000004,0.75,0.7166666666666667,100.0,Placed,A,B
0.7000000000000001,0.5333333333333333,0.0,0.20000000000000004,1.0,0.21666666666666667,95.55,Placed,A,F
1.0,0.7333333333333333,0.6000000000000001,0.0,0.1,0.19999999999999996,100.0,Placed,A,F
0.5000000000000001,0.0,1.0,0.30000000000000004,0.0,0.41666666666666663,67.55,Not Placed,C,C
0.9,0.16666666666666674,0.6000000000000001,1.0,0.6000000000000001,0.6999999999999998,100.0,Placed,A,B
0.20000000000000004,0.08333333333333337,1.0,1.0,0.65,0.6999999999999998,73.25,Placed,B,B
0.30000000000000004,0.31666666666666665,0.6000000000000001,0.1,0.25,0.016666666666666607,71.75,Placed,B,F
0.20000000000000004,0.5666666666666668,0.19999999999999996,0.9,0.2,0.7499999999999999,62.38,Not Placed,C,A
0.0,0.7166666666666667,0.19999999999999996,0.4,0.2,0.7666666666666667,75.12,Placed,B,A
0.9,0.6,0.19999999999999996,0.0,0.15000000000000002,0.3666666666666666,100.0,Placed,A,D
0.4,0.6666666666666666,1.0,0.7000000000000001,1.0,0.44999999999999984,100.0,Placed,A,C
0.0,0.41666666666666663,1.0,0.9,0.55,0.0,45.92,Not Placed,F,F
0.0,0.9500000000000001,0.6000000000000001,0.1,0.65,0.5166666666666667,84.56,Placed,A,C
0.1,0.18333333333333335,0.0,1.0,0.65,0.18333333333333324,55.14,Not Placed,D,F
0.30000000000000004,0.4833333333333333,1.0,0.20000000000000004,0.5,0.7499999999999999,84.93,Placed,A,A
0.5000000000000001,0.45000000000000007,0.6000000000000001,0.20000000000000004,0.45,0.8166666666666665,100.0,Placed,A,A
0.7000000000000001,0.43333333333333346,0.0,0.30000000000000004,0.45,0.8666666666666666,100.0,Placed,A,A
0.20000000000000004,0.6833333333333335,0.19999999999999996,0.6000000000000001,0.4,0.9166666666666666,90.95,Placed,A,A
0.0,0.30000000000000004,1.0,0.8,0.05,0.9833333333333333,55.35,Not Placed,D,A
0.20000000000000004,0.06666666666666665,0.40000000000000013,0.20000000000000004,0.65,0.9,100.0,Placed,A,A
0.20000000000000004,0.9500000000000001,0.19999999999999996,0.0,0.30000000000000004,0.5666666666666665,81.27,Placed,A,C
0.4,0.06666666666666665,0.8,1.0,0.8,0.9999999999999999,100.0,Placed,A,A
1.0,0.6666666666666666,0.0,0.9,0.9500000000000001,0.41666666666666663,100.0,Placed,A,C
0.30000000000000004,0.43333333333333346,0.40000000000000013,0.0,0.35000000000000003,0.4999999999999999,85.2,Placed,A,C
0.30000000000000004,0.45000000000000007,0.19999999999999996,1.0,0.9500000000000001,0.9333333333333332,100.0,Placed,A,A
0.8,0.41666666666666663,1.0,0.5000000000000001,0.15000000000000002,0.18333333333333324,78.49,Placed,B,F
0.6000000000000001,0.43333333333333346,0.40000000000000013,0.4,0.2,0.4666666666666667,80.31,Placed,A,C
0.30000000000000004,0.85,0.6000000000000001,0.9,0.6000000000000001,0.06666666666666665,80.56,Placed,A,F
0.20000000000000004,0.7999999999999999,0.0,0.6000000000000001,0.30000000000000004,0.5666666666666665,57.34,Not Placed,D,C
0.5000000000000001,0.6833333333333335,0.8,0.6000000000000001,0.25,0.09999999999999998,88.03,Placed,A,F
0.20000000000000004,0.33333333333333337,0.6000000000000001,0.20000000000000004,0.8,0.25,77.16,Placed,B,D
0.5000000000000001,0.0,0.40000000000000013,0.6000000000000001,0.25,0.5166666666666667,73.99,Placed,B,C
1.0,0.8833333333333334,0.19999999999999996,0.8,0.9,0.85,100.0,Placed,A,A
1.0,0.45000000000000007,0.0,0.7000000000000001,0.1,0.2666666666666666,74.49,Placed,B,D
0.8,0.7833333333333333,1.0,0.20000000000000004,0.4,0.33333333333333326,100.0,Placed,A,D
0.5000000000000001,0.9500000000000001,0.8,0.9,1.0,0.43333333333333324,100.0,Placed,A,C
0.30000000000000004,0.9500000000000001,0.19999999999999996,0.4,0.7000000000000001,0.65,90.14,Placed,A,B
0.4,0.2333333333333334,0.8,0.7000000000000001,0.35000000000000003,0.7666666666666667,94.64,Placed,A,A
0.5000000000000001,0.9,1.0,0.1,0.7000000000000001,0.9833333333333333,100.0,Placed,A,A
1.0,0.2666666666666667,0.0,0.6000000000000001,0.0,0.85,100.0,Placed,A,A
0.20000000000000004,0.41666666666666663,0.40000000000000013,1.0,0.35000000000000003,0.23333333333333328,58.69,Not Placed,D,F
0.7000000000000001,0.31666666666666665,0.8,0.9,0.15000000000000002,0.3666666666666666,83.37,Placed,A,D
0.30000000000000004,0.4,0.0,0.9,0.45,0.11666666666666659,76.79,Placed,B,F
0.7000000000000001,0.20000000000000007,0.8,0.6000000000000001,0.75,0.3999999999999999,100.0,Placed,A,D
0.9,0.5333333333333333,0.19999999999999996,1.0,0.8500000000000001,0.16666666666666663,100.0,Placed,A,F
0.9,0.4,0.8,0.7000000000000001,0.15000000000000002,0.9333333333333332,94.77,Placed,A,A
0.20000000000000004,0.1166666666666667,0.19999999999999996,0.0,0.35000000000000003,0.33333333333333326,85.76,Placed,A,D
0.9,0.06666666666666665,0.19999999999999996,0.7000000000000001,0.15000000000000002,0.8833333333333332,94.48,Placed,A,A
0.6000000000000001,0.08333333333333337,0.0,0.0,0.45,0.9,91.94,Placed,A,A
1.0,0.3666666666666666,0.6000000000000001,0.20000000000000004,0.9500000000000001,0.1499999999999999,100.0,Placed,A,F
0.8,0.85,1.0,0.8,0.15000000000000002,0.8166666666666665,87.54,Placed,A,A
0.30000000000000004,0.4833333333333333,0.8,0.30000000000000004,0.75,0.1333333333333333,94.54,Placed,A,F
0.7000000000000001,0.21666666666666667,0.40000000000000013,0.9,0.55,0.7833333333333333,100.0,Placed,A,A
0.20000000000000004,0.8833333333333334,0.19999999999999996,0.8,0.45,0.0,70.11,Placed,B,F
0.6000000000000001,0.3666666666666666,0.6000000000000001,0.0,0.5,0.35,100.0,Placed,A,D
0.20000000000000004,0.16666666666666674,0.19999999999999996,0.7000000000000001,0.05,0.08333333333333326,47.71,Not Placed,F,F
0.6000000000000001,0.5000000000000001,0.6000000000000001,0.20000000000000004,0.75,0.4833333333333333,100.0,Placed,A,C
1.0,0.08333333333333337,0.6000000000000001,1.0,0.9,0.9,100.0,Placed,A,A
0.9,0.16666666666666674,0.40000000000000013,0.6000000000000001,0.55,0.5499999999999999,100.0,Placed,A,C
0.9,0.20000000000000007,0.6000000000000001,0.1,0.15000000000000002,0.19999999999999996,87.22,Placed,A,F
1.0,0.18333333333333335,0.40000000000000013,0.6000000000000001,0.8,0.35,100.0,Placed,A,D
1.0,0.8833333333333334,0.0,0.6000000000000001,0.55,0.08333333333333326,99.39,Placed,A,F
0.5000000000000001,0.01666666666666672,0.19999999999999996,0.8,0.75,0.6666666666666666,91.13,Placed,A,B
0.1,0.8666666666666666,0.40000000000000013,0.1,0.1,0.7499999999999999,80.01,Placed,A,A
1.0,0.5666666666666668,1.0,0.7000000000000001,0.05,0.3833333333333333,90.29,Placed,A,D
0.20000000000000004,0.9,0.19999999999999996,0.4,0.30000000000000004,0.33333333333333326,80.84,Placed,A,D
0.5000000000000001,0.5833333333333334,1.0,0.9,0.25,0.6333333333333332,71.42,Placed,B,B
0.30000000000000004,0.2666666666666667,0.8,0.8,0.0,0.3666666666666666,49.84,Not Placed,F,D
0.5000000000000001,0.45000000000000007,1.0,0.7000000000000001,0.7000000000000001,0.06666666666666665,96.23,Placed,A,F
0.0,0.45000000000000007,0.0,0.20000000000000004,0.55,0.09999999999999998,54.74,Not Placed,D,F
0.9,0.35,0.8,0.20000000000000004,0.6000000000000001,0.033333333333333326,100.0,Placed,A,F
0.0,0.6166666666666666,0.8,1.0,0.35000000000000003,0.9,98.96,Placed,A,A
0.20000000000000004,0.09999999999999998,0.6000000000000001,0.9,0.4,0.19999999999999996,37.72,Not Placed,F,F
0.7000000000000001,0.2333333333333334,1.0,0.7000000000000001,0.0,0.8833333333333332,94.71,Placed,A,A
0.7000000000000001,0.5166666666666667,0.6000000000000001,0.8,0.2,0.18333333333333324,99.38,Placed,A,F
1.0,0.16666666666666674,1.0,0.1,0.30000000000000004,0.08333333333333326,100.0,Placed,A,F
0.30000000000000004,0.3833333333333334,0.8,0.20000000000000004,0.8500000000000001,0.5499999999999999,100.0,Placed,A,C
0.5000000000000001,0.033333333333333326,0.6000000000000001,0.7000000000000001,0.35000000000000003,0.23333333333333328,67.09,Not Placed,C,F
0.7000000000000001,0.4833333333333333,0.19999999999999996,0.1,0.45,0.7666666666666667,98.26,Placed,A,A
0.6000000000000001,0.08333333333333337,1.0,0.7000000000000001,0.35000000000000003,0.2833333333333333,60.52,Not Placed,C,D
1.0,0.9500000000000001,1.0,0.4,0.55,0.9,100.0,Placed,A,A
0.6000000000000001,0.01666666666666672,0.6000000000000001,0.5000000000000001,0.75,0.7999999999999999,100.0,Placed,A,A
0.30000000000000004,1.0,1.0,0.9,0.55,0.9333333333333332,100.0,Placed,A,A
0.8,0.21666666666666667,0.8,0.30000000000000004,0.1,0.033333333333333326,90.19,Placed,A,F
0.9,0.6666666666666666,0.6000000000000001,0.20000000000000004,0.8500000000000001,0.35,100.0,Placed,A,D
0.5000000000000001,0.2833333333333333,0.6000000000000001,0.7000000000000001,0.2,0.5666666666666665,81.3,Placed,A,C
1.0,0.8333333333333334,0.40000000000000013,0.8,0.65,0.44999999999999984,100.0,Placed,A,C
0.20000000000000004,0.7166666666666667,0.40000000000000013,0.7000000000000001,0.9500000000000001,0.6666666666666666,97.22,Placed,A,B
0.4,0.5000000000000001,0.8,0.8,1.0,0.6833333333333332,99.05,Placed,A,B
0.4,0.20000000000000007,0.19999999999999996,0.0,0.75,0.18333333333333324,94.67,Placed,A,F
0.4,0.41666666666666663,1.0,0.4,0.25,0.9,92.99,Placed,A,A
0.7000000000000001,0.7166666666666667,0.0,0.6000000000000001,0.75,0.0,95.65,Placed,A,F
0.8,0.18333333333333335,1.0,0.7000000000000001,0.9500000000000001,0.5833333333333334,100.0,Placed,A,B
0.8,0.2833333333333333,0.0,1.0,0.65,0.4833333333333333,100.0,Placed,A,C
0.5000000000000001,0.13333333333333341,0.8,0.1,0.9500000000000001,0.8666666666666666,100.0,Placed,A,A
0.5000000000000001,0.7999999999999999,0.19999999999999996,1.0,0.2,0.9,73.57,Placed,B,A
0.8,0.33333333333333337,0.19999999999999996,0.30000000000000004,0.65,0.3666666666666666,100.0,Placed,A,D
0.30000000000000004,0.7833333333333333,0.19999999999999996,0.6000000000000001,0.5,0.6,57.87,Not Placed,D,B
0.5000000000000001,0.7999999999999999,0.40000000000000013,0.4,1.0,0.44999999999999984,100.0,Placed,A,C
0.30000000000000004,0.8666666666666666,0.8,0.0,0.4,0.7999999999999999,84.79,Placed,A,A
1.0,0.9166666666666666,0.0,0.1,0.9500000000000001,0.8666666666666666,100.0,Placed,A,A
0.0,0.65,0.19999999999999996,0.4,0.30000000000000004,0.06666666666666665,51.3,Not Placed,D,F
0.6000000000000001,0.7000000000000001,0.8,0.5000000000000001,0.2,0.5833333333333334,96.89,Placed,A,B
0.9,0.3833333333333334,1.0,0.0,0.7000000000000001,0.9999999999999999,100.0,Placed,A,A
1.0,0.5499999999999999,0.0,0.20000000000000004,0.6000000000000001,0.8833333333333332,100.0,Placed,A,A
0.5000000000000001,0.1166666666666667,0.40000000000000013,0.5000000000000001,0.55,0.7666666666666667,98.2,Placed,A,A
0.8,0.7166666666666667,0.6000000000000001,0.5000000000000001,0.7000000000000001,0.9166666666666666,100.0,Placed,A,A
0.6000000000000001,0.8666666666666666,0.0,0.6000000000000001,0.9,0.1499999999999999,85.69,Placed,A,F
0.6000000000000001,0.5333333333333333,1.0,0.9,0.9,0.06666666666666665,96.88,Placed,A,F
0.1,0.3666666666666666,0.0,0.20000000000000004,0.45,0.21666666666666667,69.97,Not Placed,C,F
1.0,0.20000000000000007,0.0,0.0,0.8,0.3833333333333333,100.0,Placed,A,D
0.8,0.8833333333333334,0.6000000000000001,0.6000000000000001,0.75,0.44999999999999984,100.0,Placed,A,C
0.9,0.8666666666666666,0.19999999999999996,1.0,0.2,0.33333333333333326,84.85,Placed,A,D
0.8,0.7999999999999999,1.0,0.20000000000000004,0.15000000000000002,0.7333333333333333,100.0,Placed,A,B
0.5000000000000001,0.21666666666666667,0.6000000000000001,0.4,0.45,0.8333333333333334,100.0,Placed,A,A
0.20000000000000004,0.21666666666666667,0.0,0.30000000000000004,1.0,0.65,69.64,Not Placed,C,B
0.0,0.25,1.0,0.0,0.25,0.18333333333333324,50.69,Not Placed,D,F
0.30000000000000004,0.7999999999999999,0.40000000000000013,0.6000000000000001,0.5,0.31666666666666665,61.64,Not Placed,C,D
0.20000000000000004,0.6166666666666666,0.0,0.30000000000000004,0.5,0.8333333333333334,73.39,Placed,B,A
0.0,0.9500000000000001,0.40000000000000013,0.0,0.75,0.5166666666666667,81.03,Placed,A,C
0.20000000000000004,0.9833333333333333,0.8,1.0,0.65,0.8333333333333334,100.0,Placed,A,A
0.30000000000000004,0.6333333333333334,0.40000000000000013,0.5000000000000001,0.9,0.6166666666666666,100.0,Placed,A,B
0.7000000000000001,0.41666666666666663,0.0,0.30000000000000004,0.15000000000000002,0.65,80.3,Placed,A,B
0.8,0.41666666666666663,0.6000000000000001,0.30000000000000004,0.2,0.6833333333333332,93.17,Placed,A,B
0.20000000000000004,0.0,0.0,0.1,0.9,0.33333333333333326,72.54,Placed,B,D
0.5000000000000001,0.5166666666666667,0.0,0.0,0.8,0.2666666666666666,87.55,Placed,A,D
0.9,0.9333333333333335,0.8,0.20000000000000004,0.8500000000000001,0.0,100.0,Placed,A,F
1.0,0.2333333333333334,0.19999999999999996,0.9,0.35000000000000003,0.8333333333333334,94.36,Placed,A,A
0.4,0.85,0.0,0.4,0.15000000000000002,0.7166666666666667,82.58,Placed,A,B
0.5000000000000001,0.33333333333333337,0.8,0.8,0.8500000000000001,0.44999999999999984,84.36,Placed,A,C
0.30000000000000004,0.2833333333333333,0.6000000000000001,0.6000000000000001,0.5,0.8833333333333332,88.23,Placed,A,A
0.9,0.4833333333333333,0.8,0.30000000000000004,0.65,0.016666666666666607,100.0,Placed,A,F
0.5000000000000001,0.9833333333333333,0.8,0.7000000000000001,0.6000000000000001,0.2666666666666666,88.17,Placed,A,D
0.6000000000000001,0.9500000000000001,0.40000000000000013,0.30000000000000004,0.75,0.6333333333333332,100.0,Placed,A,B
0.8,0.20000000000000007,0.19999999999999996,0.5000000000000001,0.55,0.21666666666666667,88.21,Placed,A,F
0.9,0.3833333333333334,0.19999999999999996,0.0,0.4,0.21666666666666667,100.0,Placed,A,F
0.6000000000000001,0.4833333333333333,1.0,0.5000000000000001,0.30000000000000004,0.7166666666666667,100.0,Placed,A,B
0.5000000000000001,0.01666666666666672,0.6000000000000001,0.9,0.45,0.7833333333333333,83.58,Placed,A,A
0.0,0.30000000000000004,1.0,0.4,0.8,0.2833333333333333,81.04,Placed,A,D
0.1,0.7666666666666667,0.8,0.1,0.8500000000000001,0.65,100.0,Placed,A,B
0.0,0.7166666666666667,0.6000000000000001,0.0,0.30000000000000004,0.5499999999999999,90.08,Placed,A,C
0.8,0.7666666666666667,0.6000000000000001,0.5000000000000001,0.1,0.6999999999999998,100.0,Placed,A,B
0.9,0.4,0.19999999999999996,1.0,0.7000000000000001,0.0,99.12,Placed,A,F
0.9,0.8166666666666668,0.19999999999999996,0.1,0.75,0.6833333333333332,100.0,Placed,A,B
0.8,0.21666666666666667,0.19999999999999996,0.8,1.0,0.2833333333333333,100.0,Placed,A,D
0.6000000000000001,0.08333333333333337,0.0,0.8,0.8,0.7833333333333333,96.83,Placed,A,A
0.1,0.18333333333333335,0.8,0.0,0.6000000000000001,0.5499999999999999,75.68,Placed,B,C
0.5000000000000001,0.31666666666666665,0.6000000000000001,0.4,0.1,0.3666666666666666,70.18,Placed,B,D
1.0,0.3666666666666666,0.8,0.7000000000000001,0.9500000000000001,0.7999999999999999,100.0,Placed,A,A
0.30000000000000004,0.4833333333333333,0.6000000000000001,0.30000000000000004,0.9500000000000001,0.25,89.32,Placed,A,D
0.0,0.4833333333333333,0.6000000000000001,0.20000000000000004,0.2,0.29999999999999993,48.76,Not Placed,F,D
0.0,0.6166666666666666,1.0,0.4,0.4,0.6,77.49,Placed,B,B
0.4,0.9500000000000001,0.6000000000000001,0.4,0.8500000000000001,0.9833333333333333,100.0,Placed,A,A
0.1,0.4833333333333333,0.6000000000000001,0.7000000000000001,0.5,0.9,100.0,Placed,A,A
0.30000000000000004,0.6666666666666666,0.40000000000000013,0.5000000000000001,0.5,0.08333333333333326,70.14,Placed,B,F
0.0,0.4833333333333333,0.40000000000000013,0.1,0.75,0.3833333333333333,79.72,Placed,B,D
0.30000000000000004,0.9333333333333335,1.0,1.0,0.35000000000000003,0.2666666666666666,92.43,Placed,A,D
1.0,0.9500000000000001,0.0,0.0,0.05,0.7833333333333333,100.0,Placed,A,A
0.5000000000000001,0.5833333333333334,0.19999999999999996,0.20000000000000004,1.0,0.25,100.0,Placed,A,D
0.9,0.7999999999999999,0.6000000000000001,0.1,0.45,0.6333333333333332,100.0,Placed,A,B
0.30000000000000004,0.5499999999999999,0.8,0.30000000000000004,0.25,0.7833333333333333,95.85,Placed,A,A
0.0,0.25,0.40000000000000013,0.20000000000000004,0.15000000000000002,0.6666666666666666,62.99,Not Placed,C,B
0.6000000000000001,0.3833333333333334,0.19999999999999996,0.8,1.0,0.9,100.0,Placed,A,A
0.1,0.21666666666666667,0.0,0.4,0.2,0.08333333333333326,49.82,Not Placed,F,F
0.8,0.41666666666666663,0.19999999999999996,0.30000000000000004,0.5,0.25,100.0,Placed,A,D
0.20000000000000004,0.1166666666666667,0.6000000000000001,0.9,0.55,0.1333333333333333,82.02,Placed,A,F
0.7000000000000001,0.21666666666666667,0.19999999999999996,0.8,0.75,0.4666666666666667,81.41,Placed,A,C
0.7000000000000001,0.5000000000000001,0.6000000000000001,0.30000000000000004,0.9500000000000001,0.04999999999999993,100.0,Placed,A,F
0.20000000000000004,0.01666666666666672,1.0,0.5000000000000001,1.0,0.9833333333333333,100.0,Placed,A,A
0.30000000000000004,0.7833333333333333,0.40000000000000013,0.9,0.65,0.41666666666666663,94.57,Placed,A,C
0.1,0.050000000000000044,0.40000000000000013,0.0,0.65,0.8833333333333332,87.92,Placed,A,A
0.30000000000000004,0.0,0.6000000000000001,0.1,0.9500000000000001,0.6166666666666666,97.12,Placed,A,B
1.0,0.9,0.8,0.30000000000000004,0.9500000000000001,0.41666666666666663,100.0,Placed,A,C
1.0,0.31666666666666665,0.40000000000000013,0.8,0.7000000000000001,0.21666666666666667,95.17,Placed,A,F
1.0,0.9666666666666667,0.8,0.5000000000000001,0.35000000000000003,0.5666666666666665,100.0,Placed,A,C
0.8,0.21666666666666667,0.6000000000000001,0.5000000000000001,0.2,0.9,100.0,Placed,A,A
0.1,0.65,1.0,1.0,0.4,0.7999999999999999,85.54,Placed,A,A
0.20000000000000004,0.4,0.6000000000000001,0.8,1.0,0.6999999999999998,92.11,Placed,A,B
1.0,0.9833333333333333,1.0,0.30000000000000004,0.75,0.3833333333333333,100.0,Placed,A,D
1.0,0.4,0.40000000000000013,0.20000000000000004,0.1,0.11666666666666659,98.2,Placed,A,F
0.30000000000000004,0.033333333333333326,0.8,0.6000000000000001,0.55,0.65,89.68,Placed,A,B
0.4,0.06666666666666665,0.6000000000000001,0.6000000000000001,0.30000000000000004,0.3999999999999999,77.35,Placed,B,D
0.0,0.6166666666666666,0.40000000000000013,0.8,0.8,0.04999999999999993,68.41,Not Placed,C,F
0.6000000000000001,0.8833333333333334,1.0,0.5000000000000001,0.7000000000000001,0.23333333333333328,100.0,Placed,A,F
0.9,0.41666666666666663,0.6000000000000001,0.1,0.7000000000000001,0.25,100.0,Placed,A,D
0.6000000000000001,0.65,1.0,0.5000000000000001,0.55,0.8833333333333332,100.0,Placed,A,A
0.8,0.6166666666666666,0.19999999999999996,0.7000000000000001,1.0,0.16666666666666663,100.0,Placed,A,F
0.30000000000000004,0.6166666666666666,1.0,0.5000000000000001,0.05,0.44999999999999984,61.56,Not Placed,C,C
0.5000000000000001,0.050000000000000044,0.19999999999999996,0.8,0.35000000000000003,0.09999999999999998,44.67,Not Placed,F,F
1.0,0.09999999999999998,0.40000000000000013,0.30000000000000004,0.2,0.8166666666666665,100.0,Placed,A,A
0.1,0.4833333333333333,0.6000000000000001,0.20000000000000004,0.1,0.6166666666666666,79.18,Placed,B,B
0.30000000000000004,0.4833333333333333,0.40000000000000013,1.0,0.0,0.3833333333333333,71.67,Placed,B,D
0.1,0.9166666666666666,0.0,0.4,0.75,0.4999999999999999,70.81,Placed,B,C
0.9,0.30000000000000004,1.0,0.20000000000000004,0.45,0.04999999999999993,100.0,Placed,A,F
0.4,0.6333333333333334,0.40000000000000013,1.0,0.45,0.6,81.26,Placed,A,B
0.6000000000000001,0.5666666666666668,0.40000000000000013,0.1,0.5,0.9166666666666666,100.0,Placed,A,A
0.0,0.65,0.19999999999999996,0.1,0.55,0.5666666666666665,84.8,Placed,A,C
0.9,0.5333333333333333,1.0,0.30000000000000004,0.35000000000000003,0.08333333333333326,100.0,Placed,A,F
0.9,0.5333333333333333,0.19999999999999996,0.20000000000000004,0.2,0.7499999999999999,100.0,Placed,A,A
0.6000000000000001,0.21666666666666667,0.6000000000000001,0.8,0.4,0.5333333333333333,77.08,Placed,B,C
0.9,0.6166666666666666,0.40000000000000013,0.6000000000000001,0.5,0.85,100.0,Placed,A,A
0.5000000000000001,0.15000000000000002,1.0,0.5000000000000001,0.7000000000000001,0.5166666666666667,87.99,Placed,A,C
0.5000000000000001,0.9333333333333335,0.40000000000000013,0.9,0.8,0.7499999999999999,100.0,Placed,A,A
0.7000000000000001,0.45000000000000007,0.6000000000000001,0.7000000000000001,0.5,0.6166666666666666,100.0,Placed,A,B
0.7000000000000001,0.21666666666666667,0.8,0.8,0.6000000000000001,0.5666666666666665,86.09,Placed,A,C
0.5000000000000001,0.5833333333333334,0.6000000000000001,0.20000000000000004,0.8,0.2666666666666666,100.0,Placed,A,D
0.20000000000000004,0.6166666666666666,0.19999999999999996,0.9,0.30000000000000004,0.8833333333333332,89.11,Placed,A,A
0.4,0.25,0.19999999999999996,0.6000000000000001,0.4,0.5166666666666667,72.25,Placed,B,C
0.1,0.9833333333333333,0.40000000000000013,0.8,0.8500000000000001,0.21666666666666667,81.09,Placed,A,F
0.4,0.33333333333333337,0.19999999999999996,0.0,0.8500000000000001,0.29999999999999993,93.86,Placed,A,D
0.8,0.45000000000000007,1.0,0.9,0.45,0.3833333333333333,79.12,Placed,B,D
0.9,0.5333333333333333,0.6000000000000001,0.8,0.55,0.6333333333333332,95.78,Placed,A,B
0.0,0.08333333333333337,0.40000000000000013,0.6000000000000001,0.8500000000000001,0.16666666666666663,71.81,Placed,B,F
0.9,0.6666666666666666,0.6000000000000001,0.9,1.0,0.09999999999999998,100.0,Placed,A,F
0.4,0.2333333333333334,0.6000000000000001,0.30000000000000004,0.4,0.7333333333333333,85.39,Placed,A,B
0.5000000000000001,0.7166666666666667,0.40000000000000013,1.0,0.4,0.9833333333333333,92.93,Placed,A,A
1.0,0.033333333333333326,0.8,0.5000000000000001,0.45,0.3833333333333333,100.0,Placed,A,D
0.6000000000000001,0.7000000000000001,0.19999999999999996,1.0,0.0,0.9,66.17,Not Placed,C,A
0.8,0.7666666666666667,0.0,1.0,0.5,0.8666666666666666,100.0,Placed,A,A
0.5000000000000001,0.5666666666666668,0.0,0.5000000000000001,0.65,0.9499999999999998,100.0,Placed,A,A
0.4,0.21666666666666667,0.0,0.5000000000000001,0.45,0.3833333333333333,69.41,Not Placed,C,D
0.6000000000000001,0.01666666666666672,0.19999999999999996,0.1,0.65,0.21666666666666667,90.42,Placed,A,F
0.0,0.4666666666666667,0.8,0.4,0.9,0.3833333333333333,98.4,Placed,A,D
1.0,0.050000000000000044,0.6000000000000001,0.6000000000000001,0.45,0.16666666666666663,83.53,Placed,A,F
0.4,0.41666666666666663,0.40000000000000013,0.5000000000000001,0.8,0.11666666666666659,97.94,Placed,A,F
0.1,0.8333333333333334,0.8,0.20000000000000004,0.05,0.7166666666666667,79.96,Placed,B,B
0.30000000000000004,0.18333333333333335,0.0,1.0,0.65,0.23333333333333328,72.02,Placed,B,F
0.6000000000000001,0.01666666666666672,1.0,0.4,0.8500000000000001,0.6833333333333332,100.0,Placed,A,B
0.4,0.2666666666666667,0.19999999999999996,0.7000000000000001,0.05,0.8833333333333332,75.57,Placed,B,A
0.5000000000000001,0.5666666666666668,0.19999999999999996,1.0,0.9500000000000001,0.016666666666666607,96.83,Placed,A,F
0.1,0.15000000000000002,0.40000000000000013,0.4,0.9,0.3833333333333333,74.66,Placed,B,D
0.20000000000000004,0.7833333333333333,1.0,0.9,0.35000000000000003,0.7333333333333333,85.97,Placed,A,B
0.6000000000000001,0.35,0.6000000000000001,0.20000000000000004,0.25,0.1499999999999999,74.09,Placed,B,F
1.0,0.6666666666666666,0.8,0.8,0.9500000000000001,0.5166666666666667,100.0,Placed,A,C
0.1,0.7000000000000001,1.0,1.0,0.30000000000000004,0.2666666666666666,68.71,Not Placed,C,D
0.5000000000000001,0.33333333333333337,0.8,0.20000000000000004,0.6000000000000001,0.9333333333333332,100.0,Placed,A,A
0.4,0.2333333333333334,0.8,0.1,0.05,0.9333333333333332,74.83,Placed,B,A
0.9,0.5666666666666668,0.6000000000000001,0.5000000000000001,0.30000000000000004,0.8833333333333332,100.0,Placed,A,A
0.0,0.7833333333333333,0.6000000000000001,0.7000000000000001,0.0,0.1499999999999999,63.83,Not Placed,C,F
1.0,0.33333333333333337,0.6000000000000001,0.5000000000000001,0.25,0.35,100.0,Placed,A,D
0.9,0.33333333333333337,0.40000000000000013,0.0,0.75,0.08333333333333326,100.0,Placed,A,F
1.0,0.33333333333333337,0.19999999999999996,0.7000000000000001,0.35000000000000003,0.43333333333333324,86.77,Placed,A,C
0.30000000000000004,0.9833333333333333,0.0,0.0,0.6000000000000001,0.31666666666666665,98.79,Placed,A,D
1.0,0.7166666666666667,0.6000000000000001,0.8,0.8500000000000001,0.0,100.0,Placed,A,F
0.1,0.5166666666666667,0.19999999999999996,0.7000000000000001,0.65,0.2666666666666666,69.59,Not Placed,C,D
0.30000000000000004,0.9,0.6000000000000001,0.5000000000000001,0.8500000000000001,0.0,87.64,Placed,A,F
0.0,0.06666666666666665,0.0,0.1,0.15000000000000002,0.6,59.07,Not Placed,D,B
0.1,0.6333333333333334,1.0,0.8,0.7000000000000001,0.9999999999999999,100.0,Placed,A,A
0.7000000000000001,0.13333333333333341,0.6000000000000001,0.7000000000000001,0.2,0.23333333333333328,72.3,Placed,B,F
0.5000000000000001,0.8666666666666666,0.19999999999999996,0.30000000000000004,1.0,0.9,100.0,Placed,A,A
0.1,0.2833333333333333,0.40000000000000013,0.1,0.65,0.0,54.3,Not Placed,D,F
0.5000000000000001,0.33333333333333337,1.0,0.5000000000000001,0.75,0.2666666666666666,98.78,Placed,A,D
0.9,0.1166666666666667,1.0,0.0,0.7000000000000001,0.7499999999999999,100.0,Placed,A,A
0.8,0.7166666666666667,1.0,0.6000000000000001,0.5,0.7333333333333333,100.0,Placed,A,B
0.6000000000000001,0.85,0.0,0.0,0.05,0.9833333333333333,100.0,Placed,A,A
0.8,0.5499999999999999,0.19999999999999996,0.5000000000000001,0.8500000000000001,0.6999999999999998,100.0,Placed,A,B
0.4,0.15000000000000002,0.8,0.4,0.15000000000000002,0.7166666666666667,91.81,Placed,A,B
0.6000000000000001,0.8333333333333334,0.8,0.9,0.7000000000000001,0.6166666666666666,96.13,Placed,A,B
1.0,0.6666666666666666,0.8,0.20000000000000004,0.55,0.6999999999999998,100.0,Placed,A,B
0.6000000000000001,0.9333333333333335,0.40000000000000013,0.5000000000000001,0.1,0.016666666666666607,91.72,Placed,A,F
0.20000000000000004,0.3833333333333334,0.6000000000000001,0.30000000000000004,0.15000000000000002,0.2833333333333333,41.12,Not Placed,F,D
0.6000000000000001,0.65,0.6000000000000001,0.5000000000000001,1.0,0.18333333333333324,100.0,Placed,A,F
0.0,0.3833333333333334,0.6000000000000001,0.30000000000000004,0.75,0.4666666666666667,84.87,Placed,A,C
0.8,0.9166666666666666,0.40000000000000013,0.0,0.25,0.3666666666666666,90.37,Placed,A,D
0.9,0.5166666666666667,0.8,0.4,0.05,0.7666666666666667,100.0,Placed,A,A
0.5000000000000001,0.9166666666666666,1.0,0.7000000000000001,0.4,0.1333333333333333,85.75,Placed,A,F
0.4,0.5333333333333333,0.6000000000000001,0.5000000000000001,0.55,0.11666666666666659,72.24,Placed,B,F
0.6000000000000001,0.6166666666666666,1.0,0.9,0.55,0.8166666666666665,100.0,Placed,A,A
0.4,0.7166666666666667,1.0,0.8,0.65,0.25,100.0,Placed,A,D
0.9,0.9333333333333335,0.40000000000000013,0.30000000000000004,0.8,0.3666666666666666,100.0,Placed,A,D
0.4,0.9166666666666666,0.40000000000000013,0.9,0.4,0.8666666666666666,89.36,Placed,A,A
1.0,0.8333333333333334,0.19999999999999996,0.8,0.55,0.4666666666666667,100.0,Placed,A,C
0.9,0.9666666666666667,0.6000000000000001,0.7000000000000001,0.45,0.9666666666666667,100.0,Placed,A,A
1.0,0.7999999999999999,0.8,0.20000000000000004,0.5,0.1499999999999999,100.0,Placed,A,F
0.6000000000000001,0.5499999999999999,0.0,0.5000000000000001,0.05,0.18333333333333324,68.41,Not Placed,C,F
0.9,0.16666666666666674,0.40000000000000013,0.30000000000000004,0.75,0.9999999999999999,100.0,Placed,A,A
0.6000000000000001,0.5000000000000001,1.0,0.0,0.0,0.85,100.0,Placed,A,A
1.0,0.2833333333333333,0.19999999999999996,0.8,0.0,0.18333333333333324,87.09,Placed,A,F
0.20000000000000004,0.3666666666666666,0.0,0.30000000000000004,0.05,0.4833333333333333,71.93,Placed,B,C
0.20000000000000004,0.9833333333333333,0.40000000000000013,1.0,0.55,0.1499999999999999,68.86,Not Placed,C,F
0.9,0.35,0.19999999999999996,0.4,0.9500000000000001,0.21666666666666667,100.0,Placed,A,F
0.20000000000000004,0.7000000000000001,1.0,0.20000000000000004,0.8500000000000001,0.04999999999999993,100.0,Placed,A,F
0.5000000000000001,0.2833333333333333,0.6000000000000001,0.30000000000000004,0.55,0.7666666666666667,100.0,Placed,A,A
0.5000000000000001,0.65,0.19999999999999996,0.8,0.0,0.31666666666666665,70.42,Placed,B,D
0.20000000000000004,0.7666666666666667,0.40000000000000013,0.6000000000000001,0.5,0.6666666666666666,90.58,Placed,A,B
0.20000000000000004,0.6666666666666666,0.6000000000000001,0.7000000000000001,0.05,0.6333333333333332,88.35,Placed,A,B
0.7000000000000001,0.7666666666666667,1.0,0.20000000000000004,0.55,0.09999999999999998,97.76,Placed,A,F
0.7000000000000001,0.6333333333333334,0.8,0.20000000000000004,0.05,0.4833333333333333,96.48,Placed,A,C
0.6000000000000001,0.31666666666666665,0.19999999999999996,0.6000000000000001,0.8,0.85,98.88,Placed,A,A
0.9,0.20000000000000007,0.0,0.7000000000000001,0.25,0.6666666666666666,94.28,Placed,A,B
0.30000000000000004,0.7333333333333333,1.0,0.4,0.75,0.3833333333333333,100.0,Placed,A,D
0.30000000000000004,0.0,0.6000000000000001,0.0,0.9,0.1499999999999999,88.56,Placed,A,F
0.20000000000000004,0.85,1.0,0.20000000000000004,0.25,0.85,100.0,Placed,A,A
0.4,0.050000000000000044,0.6000000000000001,0.4,0.30000000000000004,0.7333333333333333,76.35,Placed,B,B
0.20000000000000004,0.3833333333333334,1.0,0.20000000000000004,0.9,0.6166666666666666,100.0,Placed,A,B
0.7000000000000001,0.5833333333333334,0.8,0.0,0.9500000000000001,0.5833333333333334,100.0,Placed,A,B
0.6000000000000001,0.5833333333333334,0.19999999999999996,0.6000000000000001,0.8,0.2666666666666666,92.72,Placed,A,D
0.20000000000000004,0.7333333333333333,0.0,0.0,0.25,0.33333333333333326,68.83,Not Placed,C,D
0.8,0.01666666666666672,0.8,0.9,0.7000000000000001,0.9499999999999998,100.0,Placed,A,A
0.4,0.45000000000000007,0.19999999999999996,0.5000000000000001,0.4,0.7499999999999999,72.44,Placed,B,A
0.8,0.41666666666666663,0.0,0.5000000000000001,0.05,0.9666666666666667,100.0,Placed,A,A
0.6000000000000001,0.3666666666666666,1.0,0.6000000000000001,0.2,0.033333333333333326,78.61,Placed,B,F
0.6000000000000001,0.2333333333333334,0.0,1.0,1.0,0.0,66.11,Not Placed,C,F
0.5000000000000001,0.5833333333333334,0.40000000000000013,0.0,0.2,0.2833333333333333,79.84,Placed,B,D
0.1,0.43333333333333346,0.0,1.0,0.55,0.016666666666666607,66.62,Not Placed,C,F
0.8,0.08333333333333337,0.19999999999999996,0.20000000000000004,0.45,0.65,95.72,Placed,A,B
0.5000000000000001,0.5666666666666668,0.8,0.8,0.15000000000000002,0.7833333333333333,100.0,Placed,A,A
0.7000000000000001,0.6333333333333334,0.8,0.1,0.55,0.04999999999999993,97.97,Placed,A,F
0.0,0.6166666666666666,0.40000000000000013,0.4,0.7000000000000001,0.5166666666666667,66.02,Not Placed,C,C
0.4,0.5666666666666668,0.19999999999999996,0.20000000000000004,0.45,0.29999999999999993,62.11,Not Placed,C,D
0.0,0.5833333333333334,0.0,0.4,0.8500000000000001,0.31666666666666665,96.59,Placed,A,D
0.9,0.15000000000000002,0.40000000000000013,0.6000000000000001,0.2,0.6833333333333332,86.49,Placed,A,B
1.0,0.4833333333333333,1.0,0.0,0.6000000000000001,0.7999999999999999,100.0,Placed,A,A
0.7000000000000001,0.8666666666666666,0.6000000000000001,0.20000000000000004,0.15000000000000002,0.7999999999999999,100.0,Placed,A,A
0.7000000000000001,0.6666666666666666,1.0,1.0,0.4,0.8666666666666666,100.0,Placed,A,A
0.0,0.6166666666666666,0.19999999999999996,0.5000000000000001,0.8500000000000001,0.09999999999999998,61.88,Not Placed,C,F
0.8,0.4666666666666667,0.40000000000000013,0.6000000000000001,0.1,0.1333333333333333,92.98,Placed,A,F
0.1,0.85,0.8,0.9,0.5,0.09999999999999998,73.78,Placed,B,F
0.8,0.9666666666666667,0.40000000000000013,0.20000000000000004,0.15000000000000002,0.43333333333333324,100.0,Placed,A,C
0.0,0.7000000000000001,0.6000000000000001,0.30000000000000004,0.4,0.33333333333333326,51.96,Not Placed,D,D
0.9,0.6333333333333334,0.19999999999999996,0.5000000000000001,0.55,0.5666666666666665,100.0,Placed,A,C
0.8,0.8166666666666668,0.40000000000000013,0.4,0.45,0.3833333333333333,100.0,Placed,A,D
0.30000000000000004,0.050000000000000044,1.0,1.0,0.45,0.5166666666666667,73.31,Placed,B,C
0.8,0.06666666666666665,0.0,0.8,0.4,0.18333333333333324,71.56,Placed,B,F
0.6000000000000001,0.050000000000000044,1.0,0.0,0.45,0.3666666666666666,79.12,Placed,B,D
1.0,0.5833333333333334,0.19999999999999996,0.4,0.4,0.5833333333333334,96.82,Placed,A,B
0.5000000000000001,0.9666666666666667,0.40000000000000013,1.0,0.0,0.7999999999999999,98.39,Placed,A,A
0.4,0.7333333333333333,1.0,0.0,0.75,0.4666666666666667,100.0,Placed,A,C
1.0,0.25,0.40000000000000013,0.7000000000000001,0.65,0.033333333333333326,95.2,Placed,A,F
0.8,0.4,1.0,0.6000000000000001,0.6000000000000001,0.6999999999999998,100.0,Placed,A,B
0.1,0.21666666666666667,0.19999999999999996,0.4,0.25,0.11666666666666659,62.41,Not Placed,C,F
1.0,0.16666666666666674,0.8,0.5000000000000001,0.65,0.5499999999999999,100.0,Placed,A,C
0.1,0.4666666666666667,1.0,0.30000000000000004,0.35000000000000003,0.9333333333333332,80.34,Placed,A,A
1.0,0.5499999999999999,0.0,0.8,0.8500000000000001,0.21666666666666667,93.38,Placed,A,F
0.8,0.35,1.0,0.20000000000000004,0.9500000000000001,0.5833333333333334,100.0,Placed,A,B
0.20000000000000004,0.21666666666666667,0.19999999999999996,0.1,0.0,0.7833333333333333,80.63,Placed,A,A
0.7000000000000001,0.9166666666666666,1.0,0.6000000000000001,0.55,0.7499999999999999,100.0,Placed,A,A
1.0,0.3833333333333334,0.0,0.1,0.5,0.5166666666666667,100.0,Placed,A,C
0.8,0.9666666666666667,0.0,0.5000000000000001,0.6000000000000001,0.09999999999999998,98.89,Placed,A,F
0.7000000000000001,0.6333333333333334,0.19999999999999996,1.0,0.15000000000000002,0.1499999999999999,77.15,Placed,B,F
0.30000000000000004,0.41666666666666663,0.40000000000000013,0.7000000000000001,0.25,0.18333333333333324,63.24,Not Placed,C,F
0.0,0.7000000000000001,1.0,0.20000000000000004,0.6000000000000001,0.9,100.0,Placed,A,A
0.30000000000000004,0.5833333333333334,0.8,0.20000000000000004,0.6000000000000001,0.9833333333333333,99.36,Placed,A,A
0.8,0.6333333333333334,0.0,0.20000000000000004,0.25,0.65,100.0,Placed,A,B
0.1,1.0,0.0,0.0,0.15000000000000002,0.3666666666666666,88.57,Placed,A,D
0.20000000000000004,0.25,1.0,0.8,1.0,0.16666666666666663,76.41,Placed,B,F
0.9,0.9500000000000001,0.40000000000000013,0.4,0.1,0.85,92.38,Placed,A,A
0.7000000000000001,0.6166666666666666,1.0,0.8,0.7000000000000001,0.19999999999999996,100.0,Placed,A,F
0.5000000000000001,0.9666666666666667,0.19999999999999996,0.4,0.5,0.18333333333333324,100.0,Placed,A,F
0.7000000000000001,0.5166666666666667,0.8,0.6000000000000001,0.05,0.09999999999999998,72.0,Placed,B,F
0.6000000000000001,0.08333333333333337,1.0,0.0,0.8,0.8666666666666666,100.0,Placed,A,A
0.4,0.5499999999999999,0.0,0.8,0.05,0.7166666666666667,71.94,Placed,B,B
0.8,0.9166666666666666,0.0,0.0,1.0,0.1499999999999999,100.0,Placed,A,F
0.30000000000000004,0.1166666666666667,0.19999999999999996,0.30000000000000004,0.0,0.09999999999999998,58.59,Not Placed,D,F
0.5000000000000001,0.4833333333333333,0.40000000000000013,0.6000000000000001,0.2,0.8333333333333334,74.07,Placed,B,A
0.1,0.43333333333333346,1.0,1.0,0.9500000000000001,0.9499999999999998,100.0,Placed,A,A
0.1,0.09999999999999998,0.6000000000000001,0.8,0.8,0.43333333333333324,74.51,Placed,B,C
0.1,0.43333333333333346,0.40000000000000013,0.0,0.0,0.09999999999999998,37.94,Not Placed,F,F
0.9,0.4,0.0,1.0,0.30000000000000004,0.9,100.0,Placed,A,A
0.6000000000000001,0.9166666666666666,1.0,0.5000000000000001,0.1,0.8166666666666665,100.0,Placed,A,A
0.1,0.7500000000000001,0.0,1.0,0.75,0.3833333333333333,77.16,Placed,B,D
0.1,0.6666666666666666,0.8,0.9,0.75,0.3666666666666666,90.18,Placed,A,D
0.8,0.2333333333333334,0.40000000000000013,1.0,0.55,0.3999999999999999,66.52,Not Placed,C,D
0.6000000000000001,0.4,0.6000000000000001,0.4,0.4,0.7166666666666667,92.16,Placed,A,B
1.0,0.35,0.8,0.20000000000000004,0.65,0.5833333333333334,100.0,Placed,A,B
0.20000000000000004,0.2833333333333333,0.6000000000000001,0.9,0.55,0.9333333333333332,85.3,Placed,A,A
0.20000000000000004,0.18333333333333335,0.8,0.1,0.75,0.5333333333333333,83.79,Placed,A,C
0.6000000000000001,0.3666666666666666,0.40000000000000013,0.0,0.8,0.6,100.0,Placed,A,B
0.4,0.8333333333333334,0.0,0.1,0.55,0.6833333333333332,88.52,Placed,A,B
0.9,0.7333333333333333,0.6000000000000001,0.30000000000000004,0.15000000000000002,0.6333333333333332,100.0,Placed,A,B
0.5000000000000001,0.6333333333333334,0.40000000000000013,0.5000000000000001,0.8,0.85,100.0,Placed,A,A
0.7000000000000001,0.4,0.6000000000000001,0.4,0.0,0.9999999999999999,81.41,Placed,A,A
0.8,0.15000000000000002,0.40000000000000013,0.30000000000000004,1.0,0.09999999999999998,100.0,Placed,A,F
0.0,0.4833333333333333,0.8,0.7000000000000001,0.8,0.4833333333333333,90.67,Placed,A,C
0.20000000000000004,0.15000000000000002,0.40000000000000013,0.6000000000000001,0.5,0.9833333333333333,89.85,Placed,A,A
1.0,0.5499999999999999,0.8,0.30000000000000004,0.9,0.4999999999999999,100.0,Placed,A,C
0.6000000000000001,0.7500000000000001,0.0,0.9,0.8500000000000001,0.9333333333333332,100.0,Placed,A,A
0.5000000000000001,0.20000000000000007,0.8,0.4,0.9500000000000001,0.7333333333333333,88.42,Placed,A,B
0.6000000000000001,0.8833333333333334,0.19999999999999996,0.9,0.05,0.7499999999999999,94.54,Placed,A,A
0.7000000000000001,0.4666666666666667,0.0,0.4,0.4,0.6,99.5,Placed,A,B
0.5000000000000001,0.6166666666666666,1.0,0.20000000000000004,0.4,0.33333333333333326,100.0,Placed,A,D
0.20000000000000004,0.6666666666666666,1.0,0.8,0.55,0.5499999999999999,82.55,Placed,A,C
0.1,0.7333333333333333,0.40000000000000013,1.0,0.6000000000000001,0.7499999999999999,62.98,Not Placed,C,A
0.6000000000000001,0.13333333333333341,0.40000000000000013,0.4,0.75,0.33333333333333326,84.91,Placed,A,D
1.0,0.20000000000000007,0.19999999999999996,0.9,0.6000000000000001,0.65,100.0,Placed,A,B
0.0,0.6,0.40000000000000013,0.1,0.65,0.31666666666666665,81.22,Placed,A,D
0.20000000000000004,0.21666666666666667,0.0,0.30000000000000004,0.30000000000000004,0.5499999999999999,50.01,Not Placed,D,C
1.0,0.6,0.0,0.30000000000000004,0.05,0.11666666666666659,85.57,Placed,A,F
0.30000000000000004,0.13333333333333341,0.8,0.4,0.55,0.5166666666666667,88.96,Placed,A,C
0.0,0.1166666666666667,0.6000000000000001,0.7000000000000001,0.8,0.85,79.89,Placed,B,A
0.4,0.6333333333333334,0.40000000000000013,0.4,0.2,0.4833333333333333,66.81,Not Placed,C,C
0.9,0.65,0.19999999999999996,0.0,0.9500000000000001,0.4666666666666667,100.0,Placed,A,C
0.20000000000000004,0.8833333333333334,1.0,0.1,0.45,0.06666666666666665,77.29,Placed,B,F
0.1,0.033333333333333326,0.0,0.20000000000000004,0.8500000000000001,0.4833333333333333,76.44,Placed,B,C
0.20000000000000004,0.9,0.0,0.20000000000000004,0.1,0.18333333333333324,68.81,Not Placed,C,F
0.7000000000000001,0.9166666666666666,0.0,0.9,0.6000000000000001,0.6333333333333332,97.14,Placed,A,B
0.5000000000000001,0.7666666666666667,0.6000000000000001,0.5000000000000001,0.6000000000000001,0.43333333333333324,100.0,Placed,A,C
0.6000000000000001,0.65,0.6000000000000001,0.8,0.45,0.8666666666666666,100.0,Placed,A,A
0.5000000000000001,0.5333333333333333,0.40000000000000013,0.9,0.05,0.19999999999999996,97.05,Placed,A,F
0.5000000000000001,0.5166666666666667,1.0,0.0,0.75,0.7666666666666667,100.0,Placed,A,A
0.20000000000000004,0.09999999999999998,0.19999999999999996,0.5000000000000001,0.15000000000000002,0.1499999999999999,51.45,Not Placed,D,F
0.7000000000000001,0.30000000000000004,0.6000000000000001,0.8,0.9,0.5833333333333334,89.46,Placed,A,B
0.6000000000000001,0.5499999999999999,0.8,0.30000000000000004,0.2,0.4999999999999999,88.33,Placed,A,C
0.6000000000000001,0.21666666666666667,0.6000000000000001,0.9,0.30000000000000004,0.25,87.69,Placed,A,D
0.5000000000000001,0.8166666666666668,0.0,0.20000000000000004,0.4,0.6333333333333332,73.61,Placed,B,B
0.4,0.7666666666666667,0.19999999999999996,0.5000000000000001,0.2,0.7333333333333333,82.03,Placed,A,B
0.9,0.7500000000000001,0.40000000000000013,0.5000000000000001,0.35000000000000003,0.5833333333333334,100.0,Placed,A,B
0.7000000000000001,0.9166666666666666,0.6000000000000001,0.1,0.05,0.41666666666666663,81.97,Placed,A,C
0.4,0.9333333333333335,0.0,0.4,0.9500000000000001,0.7166666666666667,100.0,Placed,A,B
0.8,0.30000000000000004,0.8,0.0,0.9500000000000001,0.31666666666666665,100.0,Placed,A,D
0.8,0.8333333333333334,0.8,0.8,0.30000000000000004,0.5499999999999999,98.28,Placed,A,C
0.0,0.8833333333333334,0.40000000000000013,0.8,0.15000000000000002,0.6,72.49,Placed,B,B
0.5000000000000001,0.9666666666666667,0.40000000000000013,0.20000000000000004,1.0,0.11666666666666659,100.0,Placed,A,F
0.6000000000000001,0.41666666666666663,0.6000000000000001,0.4,0.7000000000000001,0.04999999999999993,96.26,Placed,A,F
0.20000000000000004,0.2666666666666667,0.40000000000000013,0.20000000000000004,0.8500000000000001,0.9666666666666667,99.94,Placed,A,A
0.6000000000000001,0.8833333333333334,1.0,0.6000000000000001,0.05,0.4666666666666667,94.55,Placed,A,C
1.0,0.45000000000000007,1.0,0.0,0.65,0.4999999999999999,100.0,Placed,A,C
1.0,0.30000000000000004,0.0,0.4,0.45,0.016666666666666607,77.82,Placed,B,F
0.6000000000000001,0.43333333333333346,0.0,0.5000000000000001,0.2,0.3999999999999999,64.22,Not Placed,C,D
1.0,0.7833333333333333,0.0,1.0,0.55,0.6166666666666666,100.0,Placed,A,B
0.1,0.85,1.0,0.6000000000000001,0.45,0.033333333333333326,67.75,Not Placed,C,F
0.6000000000000001,0.9333333333333335,0.6000000000000001,0.20000000000000004,0.8500000000000001,0.9999999999999999,100.0,Placed,A,A
0.0,0.30000000000000004,0.6000000000000001,0.6000000000000001,0.25,0.7499999999999999,66.18,Not Placed,C,A
0.4,0.5333333333333333,0.40000000000000013,0.30000000000000004,0.55,0.6833333333333332,91.12,Placed,A,B
0.8,0.8333333333333334,0.6000000000000001,0.9,0.0,0.6999999999999998,75.8,Placed,B,B
0.6000000000000001,0.09999999999999998,0.0,1.0,0.30000000000000004,0.06666666666666665,54.24,Not Placed,D,F
0.6000000000000001,0.4666666666666667,0.19999999999999996,0.5000000000000001,0.55,0.35,78.51,Placed,B,D
1.0,0.9,0.0,0.4,0.30000000000000004,0.25,100.0,Placed,A,D
0.1,0.7000000000000001,1.0,0.30000000000000004,0.4,0.1333333333333333,75.73,Placed,B,F
0.7000000000000001,0.06666666666666665,0.19999999999999996,0.5000000000000001,0.9500000000000001,0.8666666666666666,100.0,Placed,A,A
0.20000000000000004,0.4833333333333333,0.40000000000000013,0.20000000000000004,0.7000000000000001,0.7833333333333333,95.67,Placed,A,A
0.7000000000000001,0.7999999999999999,0.8,0.20000000000000004,0.55,0.1333333333333333,100.0,Placed,A,F
0.20000000000000004,0.7000000000000001,0.6000000000000001,0.4,0.6000000000000001,0.7999999999999999,98.95,Placed,A,A
0.9,0.9166666666666666,0.6000000000000001,1.0,0.15000000000000002,0.18333333333333324,95.74,Placed,A,F
0.6000000000000001,0.9500000000000001,1.0,0.4,0.45,0.7666666666666667,100.0,Placed,A,A
0.1,0.1166666666666667,0.0,0.8,0.1,0.6833333333333332,45.59,Not Placed,F,B
0.30000000000000004,0.6833333333333335,0.0,0.30000000000000004,0.2,0.04999999999999993,58.05,Not Placed,D,F
1.0,0.18333333333333335,0.19999999999999996,0.4,0.15000000000000002,0.7999999999999999,100.0,Placed,A,A
0.5000000000000001,0.6833333333333335,0.6000000000000001,0.8,0.9,0.2833333333333333,100.0,Placed,A,D
1.0,0.20000000000000007,1.0,0.30000000000000004,0.7000000000000001,0.2833333333333333,100.0,Placed,A,D
0.8,0.41666666666666663,0.40000000000000013,0.20000000000000004,0.30000000000000004,0.6833333333333332,100.0,Placed,A,B
0.4,0.2833333333333333,0.0,0.6000000000000001,0.1,0.6999999999999998,79.54,Placed,B,B
0.8,0.6833333333333335,0.6000000000000001,0.6000000000000001,0.75,0.8666666666666666,100.0,Placed,A,A
0.4,0.8333333333333334,0.8,0.7000000000000001,0.7000000000000001,0.5333333333333333,100.0,Placed,A,C
0.9,0.85,1.0,0.30000000000000004,0.8500000000000001,0.6833333333333332,100.0,Placed,A,B
0.7000000000000001,0.7999999999999999,0.19999999999999996,0.30000000000000004,0.1,0.033333333333333326,89.04,Placed,A,F
0.0,0.31666666666666665,0.0,0.8,0.65,0.9666666666666667,76.72,Placed,B,A
0.6000000000000001,0.25,0.0,0.9,0.0,0.6166666666666666,58.52,Not Placed,D,B
0.30000000000000004,0.6,0.40000000000000013,0.6000000000000001,0.30000000000000004,0.2666666666666666,66.63,Not Placed,C,D
0.4,0.033333333333333326,0.0,0.20000000000000004,0.05,0.18333333333333324,53.27,Not Placed,D,F
0.5000000000000001,0.43333333333333346,1.0,0.8,0.45,0.16666666666666663,85.4,Placed,A,F
0.4,0.2333333333333334,0.6000000000000001,0.4,0.75,0.2666666666666666,92.38,Placed,A,D
0.0,0.9500000000000001,0.6000000000000001,0.30000000000000004,0.55,0.5666666666666665,100.0,Placed,A,C
0.8,0.5499999999999999,0.6000000000000001,0.0,0.8500000000000001,0.6666666666666666,100.0,Placed,A,B
0.1,0.7333333333333333,0.8,0.8,0.25,0.8166666666666665,79.0,Placed,B,A
0.8,0.35,0.8,0.5000000000000001,0.8,0.9833333333333333,100.0,Placed,A,A
0.9,0.65,0.0,1.0,0.35000000000000003,0.08333333333333326,71.21,Placed,B,F
0.1,0.3666666666666666,0.8,0.1,1.0,0.5666666666666665,90.75,Placed,A,C
0.8,0.9666666666666667,0.8,0.6000000000000001,0.4,0.08333333333333326,100.0,Placed,A,F
0.5000000000000001,0.7999999999999999,0.40000000000000013,0.20000000000000004,0.9,0.5166666666666667,100.0,Placed,A,C
1.0,0.050000000000000044,0.8,0.5000000000000001,0.05,0.16666666666666663,71.36,Placed,B,F
0.8,0.8333333333333334,0.19999999999999996,0.7000000000000001,0.30000000000000004,0.6999999999999998,100.0,Placed,A,B
0.5000000000000001,0.8833333333333334,0.19999999999999996,0.20000000000000004,0.5,0.6333333333333332,100.0,Placed,A,B
0.5000000000000001,0.9333333333333335,0.19999999999999996,0.4,0.6000000000000001,0.19999999999999996,79.65,Placed,B,F
1.0,0.6666666666666666,0.0,0.5000000000000001,0.45,0.19999999999999996,100.0,Placed,A,F
0.1,0.3666666666666666,0.6000000000000001,0.0,0.7000000000000001,0.6333333333333332,99.84,Placed,A,B
0.7000000000000001,0.7666666666666667,0.40000000000000013,0.9,1.0,0.7499999999999999,100.0,Placed,A,A
0.20000000000000004,0.9833333333333333,0.0,0.6000000000000001,0.30000000000000004,0.5499999999999999,72.91,Placed,B,C
0.6000000000000001,0.13333333333333341,0.6000000000000001,0.30000000000000004,0.25,0.033333333333333326,62.22,Not Placed,C,F
0.4,0.3833333333333334,0.40000000000000013,0.9,0.55,0.5166666666666667,77.71,Placed,B,C
0.20000000000000004,0.33333333333333337,0.40000000000000013,1.0,0.1,0.04999999999999993,57.3,Not Placed,D,F
0.0,0.6666666666666666,0.40000000000000013,0.6000000000000001,0.75,0.65,66.52,Not Placed,C,B
0.7000000000000001,0.7500000000000001,0.19999999999999996,0.6000000000000001,0.9500000000000001,0.8666666666666666,100.0,Placed,A,A
0.20000000000000004,0.9,0.19999999999999996,1.0,0.4,0.0,65.9,Not Placed,C,F
0.1,0.8666666666666666,0.19999999999999996,0.4,0.45,0.1333333333333333,77.4,Placed,B,F
0.0,0.25,0.40000000000000013,0.7000000000000001,0.6000000000000001,0.7999999999999999,80.8,Placed,A,A
0.30000000000000004,0.9166666666666666,1.0,0.7000000000000001,0.35000000000000003,0.8166666666666665,89.18,Placed,A,A
0.7000000000000001,0.9,0.40000000000000013,0.4,0.25,0.09999999999999998,89.07,Placed,A,F
0.20000000000000004,0.4,0.19999999999999996,0.4,0.1,0.43333333333333324,58.0,Not Placed,D,C
0.0,0.41666666666666663,0.40000000000000013,0.6000000000000001,0.55,0.033333333333333326,61.08,Not Placed,C,F
0.30000000000000004,0.7999999999999999,0.19999999999999996,0.5000000000000001,0.4,0.35,85.39,Placed,A,D
0.8,0.7333333333333333,0.19999999999999996,0.30000000000000004,0.4,0.25,96.67,Placed,A,D
0.0,0.13333333333333341,0.19999999999999996,0.1,0.5,0.11666666666666659,58.96,Not Placed,D,F
1.0,0.2333333333333334,1.0,0.7000000000000001,0.25,0.06666666666666665,91.7,Placed,A,F
0.1,0.6333333333333334,0.6000000000000001,0.20000000000000004,0.05,0.7999999999999999,60.77,Not Placed,C,A
0.8,0.5333333333333333,0.40000000000000013,0.1,0.30000000000000004,0.9499999999999998,100.0,Placed,A,A
0.1,0.0,0.0,0.9,0.4,0.4833333333333333,63.96,Not Placed,C,C
0.20000000000000004,0.06666666666666665,0.19999999999999996,0.6000000000000001,0.9,0.44999999999999984,60.6,Not Placed,C,C
0.6000000000000001,0.9166666666666666,1.0,0.9,0.8500000000000001,0.8333333333333334,100.0,Placed,A,A
0.20000000000000004,0.13333333333333341,0.0,0.5000000000000001,0.55,0.43333333333333324,72.21,Placed,B,C
0.8,0.7166666666666667,0.6000000000000001,0.7000000000000001,1.0,0.8166666666666665,100.0,Placed,A,A
0.5000000000000001,0.08333333333333337,0.40000000000000013,0.5000000000000001,0.5,0.35,74.68,Placed,B,D
0.20000000000000004,0.45000000000000007,1.0,0.6000000000000001,0.45,0.4833333333333333,82.04,Placed,A,C
0.8,0.7333333333333333,0.19999999999999996,0.1,0.1,0.6,100.0,Placed,A,B
0.0,0.41666666666666663,0.19999999999999996,0.9,0.55,0.09999999999999998,72.61,Placed,B,F
0.9,0.45000000000000007,0.19999999999999996,0.1,0.15000000000000002,0.8166666666666665,94.85,Placed,A,A
0.20000000000000004,0.65,1.0,0.5000000000000001,0.45,0.4833333333333333,96.84,Placed,A,C
0.0,0.2333333333333334,0.0,0.8,0.05,0.19999999999999996,33.49,Not Placed,F,F
0.1,0.08333333333333337,0.6000000000000001,0.20000000000000004,0.55,0.35,85.0,Placed,A,D
0.7000000000000001,0.43333333333333346,0.40000000000000013,1.0,0.5,0.16666666666666663,69.08,Not Placed,C,F
0.6000000000000001,0.6166666666666666,0.6000000000000001,0.9,0.65,0.06666666666666665,87.44,Placed,A,F
0.1,0.050000000000000044,0.19999999999999996,0.7000000000000001,0.7000000000000001,0.35,43.99,Not Placed,F,D
0.1,0.16666666666666674,0.6000000000000001,0.4,0.65,0.23333333333333328,63.51,Not Placed,C,F
0.8,0.33333333333333337,0.0,0.5000000000000001,0.55,0.8666666666666666,100.0,Placed,A,A
0.5000000000000001,0.4833333333333333,0.8,0.5000000000000001,0.05,0.6333333333333332,88.56,Placed,A,B
0.4,0.2833333333333333,0.8,1.0,0.05,0.6,54.1,Not Placed,D,B
0.9,0.5666666666666668,0.40000000000000013,0.9,0.0,0.4999999999999999,100.0,Placed,A,C
0.5000000000000001,0.033333333333333326,0.40000000000000013,1.0,0.9500000000000001,0.4666666666666667,100.0,Placed,A,C
0.8,0.18333333333333335,0.6000000000000001,0.20000000000000004,0.7000000000000001,0.6333333333333332,100.0,Placed,A,B
1.0,0.43333333333333346,0.40000000000000013,1.0,0.45,0.2666666666666666,83.29,Placed,A,D
0.6000000000000001,0.8666666666666666,1.0,1.0,0.9500000000000001,0.6666666666666666,100.0,Placed,A,B
0.9,0.4833333333333333,0.0,0.4,0.0,0.08333333333333326,79.67,Placed,B,F
0.9,0.33333333333333337,0.19999999999999996,0.0,0.0,0.6666666666666666,88.88,Placed,A,B
0.8,0.6166666666666666,0.19999999999999996,0.1,0.0,0.2666666666666666,99.87,Placed,A,D
0.30000000000000004,0.33333333333333337,0.6000000000000001,0.9,0.5,0.5499999999999999,74.8,Placed,B,C
0.1,0.9833333333333333,0.19999999999999996,0.20000000000000004,0.55,0.3666666666666666,87.92,Placed,A,D
0.7000000000000001,0.6166666666666666,0.6000000000000001,0.30000000000000004,0.7000000000000001,0.85,100.0,Placed,A,A
0.30000000000000004,0.65,0.40000000000000013,0.8,0.65,0.4833333333333333,80.61,Placed,A,C
0.8,0.2333333333333334,0.40000000000000013,0.0,0.0,0.19999999999999996,74.2,Placed,B,F
0.30000000000000004,0.2833333333333333,1.0,0.20000000000000004,0.0,0.9499999999999998,72.81,Placed,B,A
0.7000000000000001,0.85,1.0,0.20000000000000004,0.25,0.4833333333333333,100.0,Placed,A,C
0.8,0.4666666666666667,0.0,0.5000000000000001,0.1,0.7999999999999999,94.08,Placed,A,A
0.8,0.7833333333333333,0.19999999999999996,0.4,0.65,0.8666666666666666,100.0,Placed,A,A
0.9,0.6166666666666666,1.0,0.20000000000000004,0.25,0.31666666666666665,100.0,Placed,A,D
0.30000000000000004,0.9833333333333333,0.0,0.30000000000000004,0.35000000000000003,0.08333333333333326,73.43,Placed,B,F
0.0,0.33333333333333337,0.8,1.0,0.9500000000000001,0.9999999999999999,72.54,Placed,B,A
0.20000000000000004,0.2666666666666667,1.0,0.6000000000000001,0.7000000000000001,0.9,100.0,Placed,A,A
0.8,0.6666666666666666,0.0,0.20000000000000004,0.8,0.4999999999999999,99.06,Placed,A,C
0.30000000000000004,0.8333333333333334,0.6000000000000001,0.8,0.4,0.9666666666666667,100.0,Placed,A,A
0.4,0.2833333333333333,0.6000000000000001,0.7000000000000001,0.75,0.29999999999999993,97.56,Placed,A,D
0.6000000000000001,0.9333333333333335,0.0,0.1,0.0,0.08333333333333326,90.37,Placed,A,F
0.4,0.9,0.40000000000000013,0.4,0.75,0.5499999999999999,100.0,Placed,A,C
0.30000000000000004,0.6,0.8,0.30000000000000004,0.9,0.44999999999999984,100.0,Placed,A,C
0.1,0.9833333333333333,0.0,0.4,0.4,0.9499999999999998,79.47,Placed,B,A
0.1,0.6166666666666666,1.0,0.20000000000000004,0.8,0.19999999999999996,74.32,Placed,B,F
0.30000000000000004,0.18333333333333335,0.40000000000000013,0.9,0.25,0.85,73.56,Placed,B,A
0.9,0.16666666666666674,0.0,1.0,0.65,0.1499999999999999,80.11,Placed,A,F
0.9,0.7833333333333333,0.19999999999999996,0.0,0.8500000000000001,0.9999999999999999,100.0,Placed,A,A
0.8,0.85,1.0,0.7000000000000001,1.0,0.6666666666666666,100.0,Placed,A,B
0.7000000000000001,0.7999999999999999,1.0,0.8,0.65,0.7333333333333333,100.0,Placed,A,B
0.20000000000000004,0.31666666666666665,0.6000000000000001,0.7000000000000001,0.30000000000000004,0.09999999999999998,51.99,Not Placed,D,F
0.8,0.13333333333333341,0.19999999999999996,0.30000000000000004,0.45,0.2833333333333333,100.0,Placed,A,D
0.4,0.0,0.19999999999999996,0.1,0.75,0.35,81.13,Placed,A,D
1.0,0.9500000000000001,1.0,0.30000000000000004,0.30000000000000004,0.21666666666666667,100.0,Placed,A,F
0.20000000000000004,0.033333333333333326,0.8,0.8,0.9500000000000001,0.5833333333333334,93.24,Placed,A,B
0.4,0.33333333333333337,0.40000000000000013,0.9,0.25,0.11666666666666659,58.13,Not Placed,D,F
0.9,0.3666666666666666,0.6000000000000001,0.8,0.25,0.18333333333333324,80.8,Placed,A,F
0.30000000000000004,0.13333333333333341,0.19999999999999996,0.4,0.30000000000000004,0.65,56.68,Not Placed,D,B
0.7000000000000001,0.8833333333333334,0.6000000000000001,0.4,0.8,0.7833333333333333,100.0,Placed,A,A
0.4,0.30000000000000004,1.0,0.9,0.35000000000000003,0.5333333333333333,81.06,Placed,A,C
0.9,0.7333333333333333,0.40000000000000013,0.20000000000000004,0.05,0.3833333333333333,86.18,Placed,A,D
0.7000000000000001,0.9,0.0,0.5000000000000001,0.9,0.6833333333333332,100.0,Placed,A,B
0.8,0.7500000000000001,0.19999999999999996,0.6000000000000001,1.0,0.6333333333333332,100.0,Placed,A,B
0.30000000000000004,0.85,0.40000000000000013,0.9,0.30000000000000004,0.21666666666666667,71.7,Placed,B,F
0.6000000000000001,0.30000000000000004,0.6000000000000001,0.8,0.55,0.7999999999999999,94.61,Placed,A,A
0.1,0.3666666666666666,1.0,0.6000000000000001,0.9500000000000001,0.8333333333333334,96.56,Placed,A,A
0.5000000000000001,0.43333333333333346,0.40000000000000013,0.20000000000000004,0.1,0.06666666666666665,58.98,Not Placed,D,F
0.7000000000000001,0.43333333333333346,0.0,0.6000000000000001,0.15000000000000002,0.29999999999999993,71.04,Placed,B,D
0.6000000000000001,0.6333333333333334,0.40000000000000013,0.0,0.5,0.033333333333333326,99.23,Placed,A,F
0.6000000000000001,0.5833333333333334,1.0,0.1,0.55,0.0,94.98,Placed,A,F
0.7000000000000001,0.18333333333333335,0.6000000000000001,0.30000000000000004,0.9,0.65,100.0,Placed,A,B
0.6000000000000001,0.9,0.19999999999999996,0.6000000000000001,0.9,0.6666666666666666,100.0,Placed,A,B
0.4,0.43333333333333346,0.19999999999999996,0.8,0.5,0.6,81.54,Placed,A,B
0.6000000000000001,0.7500000000000001,0.8,0.4,0.6000000000000001,0.5333333333333333,100.0,Placed,A,C
0.9,0.5499999999999999,0.6000000000000001,0.7000000000000001,0.0,0.7999999999999999,100.0,Placed,A,A
0.20000000000000004,0.5333333333333333,0.8,0.6000000000000001,0.25,0.9333333333333332,82.58,Placed,A,A
0.4,0.45000000000000007,0.8,0.4,0.75,0.7499999999999999,97.56,Placed,A,A
0.6000000000000001,0.5000000000000001,1.0,0.20000000000000004,0.05,0.2666666666666666,82.35,Placed,A,D
0.8,0.5166666666666667,1.0,0.20000000000000004,0.65,0.1333333333333333,100.0,Placed,A,F
0.1,0.8166666666666668,1.0,0.5000000000000001,0.8500000000000001,0.4999999999999999,94.36,Placed,A,C
0.30000000000000004,0.31666666666666665,0.0,0.9,0.8,0.5666666666666665,100.0,Placed,A,C
0.6000000000000001,0.65,0.6000000000000001,1.0,0.9500000000000001,0.033333333333333326,92.94,Placed,A,F
0.0,0.5666666666666668,0.19999999999999996,0.30000000000000004,0.8500000000000001,0.19999999999999996,78.19,Placed,B,F
0.1,0.5000000000000001,0.6000000000000001,0.20000000000000004,0.9,0.85,100.0,Placed,A,A
0.8,0.9500000000000001,1.0,0.30000000000000004,0.7000000000000001,0.6,100.0,Placed,A,B
0.9,0.5000000000000001,0.0,0.20000000000000004,0.05,0.6166666666666666,100.0,Placed,A,B
0.6000000000000001,0.6166666666666666,0.6000000000000001,0.9,0.15000000000000002,0.21666666666666667,66.69,Not Placed,C,F
0.9,0.35,0.6000000000000001,1.0,0.0,0.08333333333333326,98.78,Placed,A,F
0.6000000000000001,0.7333333333333333,0.8,1.0,0.35000000000000003,0.9499999999999998,96.52,Placed,A,A
0.5000000000000001,0.6666666666666666,0.6000000000000001,0.5000000000000001,0.9500000000000001,0.4666666666666667,100.0,Placed,A,C
0.20000000000000004,0.13333333333333341,0.8,0.6000000000000001,0.65,0.9999999999999999,93.62,Placed,A,A
0.9,0.85,0.8,0.30000000000000004,0.5,0.9333333333333332,100.0,Placed,A,A
0.20000000000000004,0.13333333333333341,0.40000000000000013,0.20000000000000004,0.65,0.7999999999999999,100.0,Placed,A,A
0.1,0.2333333333333334,1.0,0.20000000000000004,0.75,0.1333333333333333,97.76,Placed,A,F
1.0,0.20000000000000007,0.0,1.0,0.45,0.5833333333333334,88.1,Placed,A,B
0.5000000000000001,0.35,0.8,0.20000000000000004,0.30000000000000004,0.3666666666666666,78.9,Placed,B,D
0.30000000000000004,0.25,0.6000000000000001,0.8,0.75,0.23333333333333328,83.22,Placed,A,F
0.4,0.5166666666666667,0.8,1.0,0.15000000000000002,0.8833333333333332,83.32,Placed,A,A
0.20000000000000004,0.01666666666666672,0.8,1.0,0.55,0.9333333333333332,75.02,Placed,B,A
0.5000000000000001,0.41666666666666663,0.8,0.20000000000000004,0.55,0.8166666666666665,100.0,Placed,A,A
1.0,0.21666666666666667,0.19999999999999996,0.20000000000000004,0.05,0.7666666666666667,95.21,Placed,A,A
0.20000000000000004,0.9666666666666667,0.19999999999999996,0.7000000000000001,0.25,0.9666666666666667,75.3,Placed,B,A
0.7000000000000001,0.6166666666666666,0.19999999999999996,0.30000000000000004,0.9500000000000001,0.8166666666666665,100.0,Placed,A,A
0.8,0.5499999999999999,0.19999999999999996,0.6000000000000001,0.7000000000000001,0.09999999999999998,97.42,Placed,A,F
0.30000000000000004,0.1166666666666667,0.40000000000000013,0.20000000000000004,0.7000000000000001,0.7666666666666667,87.37,Placed,A,A
0.8,0.5833333333333334,0.8,0.7000000000000001,0.75,0.9833333333333333,100.0,Placed,A,A
0.6000000000000001,0.33333333333333337,0.40000000000000013,0.20000000000000004,0.1,0.3999999999999999,77.68,Placed,B,D
0.20000000000000004,0.9166666666666666,0.6000000000000001,0.4,0.0,0.6,96.5,Placed,A,B
0.6000000000000001,0.7500000000000001,1.0,0.0,1.0,0.3666666666666666,100.0,Placed,A,D
0.0,0.7000000000000001,0.0,0.4,0.55,0.16666666666666663,62.08,Not Placed,C,F
0.20000000000000004,0.9166666666666666,0.40000000000000013,0.5000000000000001,0.7000000000000001,0.9166666666666666,97.47,Placed,A,A
0.5000000000000001,0.45000000000000007,0.19999999999999996,0.6000000000000001,0.9,0.7499999999999999,100.0,Placed,A,A
0.30000000000000004,0.7500000000000001,0.19999999999999996,0.1,0.25,0.11666666666666659,84.14,Placed,A,F
0.6000000000000001,0.7166666666666667,0.6000000000000001,0.1,0.9,0.5833333333333334,100.0,Placed,A,B
0.20000000000000004,0.7833333333333333,0.8,0.8,0.8,0.6833333333333332,82.65,Placed,A,B
0.0,0.08333333333333337,0.0,0.9,0.4,0.6333333333333332,51.29,Not Placed,D,B
0.8,0.31666666666666665,0.40000000000000013,0.0,1.0,0.0,100.0,Placed,A,F
0.5000000000000001,0.5000000000000001,0.8,0.1,0.6000000000000001,0.85,100.0,Placed,A,A
0.7000000000000001,0.5333333333333333,0.8,0.1,0.7000000000000001,0.7166666666666667,100.0,Placed,A,B
0.20000000000000004,0.7166666666666667,1.0,0.9,0.75,0.19999999999999996,73.97,Placed,B,F
0.7000000000000001,0.09999999999999998,1.0,0.6000000000000001,0.6000000000000001,0.25,97.62,Placed,A,D
0.1,0.1166666666666667,0.40000000000000013,0.5000000000000001,0.05,0.7499999999999999,64.69,Not Placed,C,A
0.30000000000000004,0.13333333333333341,0.40000000000000013,0.8,0.05,0.19999999999999996,56.94,Not Placed,D,F
0.20000000000000004,0.01666666666666672,0.40000000000000013,1.0,0.5,0.6,73.46,Placed,B,B
0.9,0.2666666666666667,0.40000000000000013,0.6000000000000001,0.75,0.21666666666666667,83.21,Placed,A,F
0.0,0.85,0.19999999999999996,0.20000000000000004,0.8,0.9499999999999998,100.0,Placed,A,A
0.6000000000000001,0.7333333333333333,0.8,0.20000000000000004,0.1,0.19999999999999996,87.3,Placed,A,F
1.0,0.6,0.8,0.0,0.0,0.7499999999999999,100.0,Placed,A,A
0.9,0.6833333333333335,0.19999999999999996,0.7000000000000001,0.8500000000000001,0.18333333333333324,100.0,Placed,A,F
0.1,0.7166666666666667,0.8,0.0,0.65,0.9,100.0,Placed,A,A
0.30000000000000004,0.2666666666666667,0.40000000000000013,1.0,0.4,0.44999999999999984,60.29,Not Placed,C,C
0.8,0.8666666666666666,0.0,0.1,0.4,0.35,98.84,Placed,A,D
0.5000000000000001,0.6166666666666666,1.0,1.0,0.55,0.31666666666666665,100.0,Placed,A,D
0.7000000000000001,0.5666666666666668,1.0,0.6000000000000001,0.1,0.7666666666666667,98.89,Placed,A,A
0.1,0.9833333333333333,0.8,0.0,0.05,0.29999999999999993,62.23,Not Placed,C,D
0.6000000000000001,0.7666666666666667,0.0,0.30000000000000004,0.0,0.16666666666666663,92.57,Placed,A,F
0.5000000000000001,0.6333333333333334,1.0,0.8,0.4,0.4833333333333333,89.74,Placed,A,C
0.8,0.4833333333333333,0.0,0.7000000000000001,0.6000000000000001,0.8833333333333332,100.0,Placed,A,A
0.6000000000000001,0.08333333333333337,0.19999999999999996,1.0,1.0,0.41666666666666663,96.89,Placed,A,C
0.0,0.050000000000000044,0.6000000000000001,0.7000000000000001,0.75,0.23333333333333328,55.04,Not Placed,D,F
0.7000000000000001,0.8333333333333334,0.8,0.20000000000000004,0.9,0.4833333333333333,100.0,Placed,A,C
1.0,0.6,0.19999999999999996,0.4,0.45,0.4666666666666667,100.0,Placed,A,C
0.9,0.5666666666666668,0.19999999999999996,0.30000000000000004,0.2,0.9833333333333333,100.0,Placed,A,A
0.20000000000000004,0.9500000000000001,0.0,1.0,0.65,0.5166666666666667,76.53,Placed,B,C
0.1,0.9333333333333335,0.8,0.7000000000000001,0.7000000000000001,0.8666666666666666,100.0,Placed,A,A
0.20000000000000004,0.13333333333333341,0.19999999999999996,1.0,0.1,0.4833333333333333,57.48,Not Placed,D,C
1.0,0.08333333333333337,0.40000000000000013,0.6000000000000001,0.4,0.7166666666666667,100.0,Placed,A,B
0.5000000000000001,0.20000000000000007,0.19999999999999996,0.6000000000000001,0.0,0.8333333333333334,59.69,Not Placed,D,A
0.20000000000000004,0.9666666666666667,0.40000000000000013,0.9,0.0,0.25,65.18,Not Placed,C,D
0.9,0.35,0.6000000000000001,0.9,0.9,0.5833333333333334,100.0,Placed,A,B
0.4,0.45000000000000007,0.40000000000000013,0.6000000000000001,0.25,0.2833333333333333,56.56,Not Placed,D,D
0.5000000000000001,0.4833333333333333,0.40000000000000013,0.0,0.5,0.6666666666666666,100.0,Placed,A,B
0.7000000000000001,0.85,0.0,0.6000000000000001,0.8500000000000001,0.7833333333333333,100.0,Placed,A,A
0.6000000000000001,0.5833333333333334,0.19999999999999996,0.30000000000000004,0.65,0.6333333333333332,100.0,Placed,A,B
1.0,0.01666666666666672,0.6000000000000001,0.20000000000000004,0.75,0.44999999999999984,100.0,Placed,A,C
0.7000000000000001,0.9500000000000001,0.19999999999999996,0.4,0.0,0.9499999999999998,100.0,Placed,A,A
0.20000000000000004,0.5833333333333334,0.40000000000000013,0.1,0.45,0.29999999999999993,97.05,Placed,A,D
0.30000000000000004,0.1166666666666667,1.0,0.7000000000000001,0.45,0.9166666666666666,76.87,Placed,B,A
0.5000000000000001,0.7333333333333333,0.40000000000000013,0.8,0.6000000000000001,0.9166666666666666,100.0,Placed,A,A
1.0,0.6833333333333335,0.19999999999999996,0.4,0.0,0.16666666666666663,94.58,Placed,A,F
0.6000000000000001,0.8166666666666668,0.6000000000000001,0.20000000000000004,0.1,0.2666666666666666,82.4,Placed,A,D
0.8,0.13333333333333341,1.0,0.9,0.65,0.33333333333333326,95.78,Placed,A,D
0.0,0.0,0.6000000000000001,0.6000000000000001,1.0,0.6,78.33,Placed,B,B
0.7000000000000001,0.20000000000000007,0.0,0.0,0.75,0.7166666666666667,100.0,Placed,A,B
0.7000000000000001,0.8166666666666668,0.40000000000000013,0.9,0.9500000000000001,0.8333333333333334,100.0,Placed,A,A
0.5000000000000001,0.2333333333333334,0.40000000000000013,0.20000000000000004,0.25,0.5499999999999999,64.99,Not Placed,C,C
0.30000000000000004,0.5166666666666667,0.0,0.8,0.0,0.5333333333333333,59.17,Not Placed,D,C
0.20000000000000004,0.5499999999999999,0.19999999999999996,0.1,0.9500000000000001,0.4666666666666667,100.0,Placed,A,C
1.0,0.7000000000000001,0.40000000000000013,1.0,0.2,0.04999999999999993,100.0,Placed,A,F
0.20000000000000004,1.0,0.19999999999999996,0.8,0.35000000000000003,0.5166666666666667,73.98,Placed,B,C
0.5000000000000001,0.5000000000000001,0.6000000000000001,1.0,0.55,0.9833333333333333,100.0,Placed,A,A
0.7000000000000001,0.21666666666666667,1.0,0.0,0.0,0.16666666666666663,94.75,Placed,A,F
0.6000000000000001,0.8833333333333334,1.0,0.30000000000000004,0.6000000000000001,0.41666666666666663,100.0,Placed,A,C
1.0,0.7666666666666667,1.0,0.9,0.4,0.2833333333333333,100.0,Placed,A,D
0.0,0.21666666666666667,0.8,0.5000000000000001,0.9500000000000001,0.8666666666666666,100.0,Placed,A,A
1.0,0.7833333333333333,0.0,0.6000000000000001,0.35000000000000003,0.5166666666666667,100.0,Placed,A,C
0.5000000000000001,0.9,1.0,0.20000000000000004,0.6000000000000001,0.9833333333333333,100.0,Placed,A,A
0.6000000000000001,0.4666666666666667,0.40000000000000013,0.8,0.05,0.43333333333333324,92.47,Placed,A,C
0.6000000000000001,0.7666666666666667,0.0,0.30000000000000004,0.7000000000000001,0.25,86.28,Placed,A,D
0.8,0.30000000000000004,0.6000000000000001,0.4,0.65,0.1499999999999999,97.82,Placed,A,F
1.0,0.43333333333333346,0.6000000000000001,0.7000000000000001,0.9,0.7166666666666667,100.0,Placed,A,B
1.0,0.13333333333333341,0.6000000000000001,0.20000000000000004,0.4,0.5499999999999999,100.0,Placed,A,C
0.9,0.6,0.6000000000000001,0.7000000000000001,0.9,0.5333333333333333,100.0,Placed,A,C
0.4,0.6,0.8,1.0,0.65,0.1499999999999999,66.03,Not Placed,C,F
0.0,0.7000000000000001,0.19999999999999996,0.0,0.35000000000000003,0.6833333333333332,74.73,Placed,B,B
0.1,0.45000000000000007,0.19999999999999996,0.7000000000000001,0.2,0.9833333333333333,79.33,Placed,B,A
0.30000000000000004,0.85,1.0,1.0,0.30000000000000004,0.41666666666666663,73.18,Placed,B,C
0.4,0.9333333333333335,0.8,1.0,0.15000000000000002,0.6833333333333332,100.0,Placed,A,B
0.8,0.3833333333333334,0.19999999999999996,0.9,0.35000000000000003,0.3999999999999999,84.65,Placed,A,D
1.0,0.45000000000000007,0.6000000000000001,0.7000000000000001,0.15000000000000002,0.016666666666666607,100.0,Placed,A,F
0.0,0.5833333333333334,0.19999999999999996,0.5000000000000001,1.0,0.41666666666666663,82.09,Placed,A,C
0.20000000000000004,0.85,0.0,0.4,0.0,0.31666666666666665,66.01,Not Placed,C,D
0.4,0.2833333333333333,1.0,0.8,0.35000000000000003,0.033333333333333326,69.58,Not Placed,C,F
0.20000000000000004,0.4,0.19999999999999996,0.5000000000000001,0.30000000000000004,0.5166666666666667,63.77,Not Placed,C,C
0.30000000000000004,0.5666666666666668,0.0,0.0,0.5,0.0,69.99,Not Placed,C,F
0.20000000000000004,0.050000000000000044,0.40000000000000013,0.5000000000000001,1.0,0.3833333333333333,89.91,Placed,A,D
0.30000000000000004,0.21666666666666667,0.0,0.0,0.75,0.8166666666666665,92.68,Placed,A,A
0.0,0.6333333333333334,0.0,0.5000000000000001,0.8,0.6999999999999998,78.6,Placed,B,B
0.7000000000000001,0.41666666666666663,0.6000000000000001,0.20000000000000004,0.2,0.9166666666666666,100.0,Placed,A,A
0.30000000000000004,0.1166666666666667,0.6000000000000001,0.5000000000000001,0.30000000000000004,0.7166666666666667,92.4,Placed,A,B
0.6000000000000001,0.3833333333333334,1.0,0.5000000000000001,0.45,0.5333333333333333,100.0,Placed,A,C
0.1,0.25,0.6000000000000001,0.0,0.6000000000000001,0.6166666666666666,74.15,Placed,B,B
0.1,0.31666666666666665,0.0,0.8,0.9500000000000001,0.7833333333333333,76.43,Placed,B,A
0.5000000000000001,0.2333333333333334,0.8,0.7000000000000001,0.7000000000000001,0.85,100.0,Placed,A,A
0.1,0.09999999999999998,0.6000000000000001,0.1,0.25,0.5666666666666665,63.56,Not Placed,C,C
0.5000000000000001,0.9500000000000001,0.6000000000000001,0.1,0.05,0.2666666666666666,84.23,Placed,A,D
1.0,0.2666666666666667,0.0,0.4,0.15000000000000002,0.9499999999999998,90.62,Placed,A,A
0.1,0.35,0.40000000000000013,0.9,1.0,0.7833333333333333,96.28,Placed,A,A
0.30000000000000004,0.35,0.40000000000000013,0.1,0.65,0.6999999999999998,93.9,Placed,A,B
0.6000000000000001,0.8833333333333334,0.19999999999999996,1.0,0.7000000000000001,0.7833333333333333,100.0,Placed,A,A
0.7000000000000001,0.18333333333333335,1.0,0.0,0.65,0.7166666666666667,100.0,Placed,A,B
0.20000000000000004,0.2833333333333333,0.40000000000000013,0.1,0.15000000000000002,0.5333333333333333,80.53,Placed,A,C
0.8,0.9166666666666666,0.6000000000000001,0.4,0.25,0.16666666666666663,100.0,Placed,A,F
0.1,0.7500000000000001,0.8,1.0,0.30000000000000004,0.3666666666666666,64.23,Not Placed,C,D
0.7000000000000001,0.7666666666666667,0.19999999999999996,0.9,0.6000000000000001,0.6166666666666666,100.0,Placed,A,B
0.7000000000000001,0.2333333333333334,1.0,0.6000000000000001,0.8,0.5166666666666667,100.0,Placed,A,C
0.30000000000000004,0.6,0.8,0.4,0.8,0.29999999999999993,95.08,Placed,A,D
0.0,0.25,0.8,0.0,0.15000000000000002,0.18333333333333324,65.07,Not Placed,C,F
0.0,0.06666666666666665,0.6000000000000001,0.6000000000000001,0.9,0.44999999999999984,69.99,Not Placed,C,C
0.1,0.01666666666666672,0.0,0.5000000000000001,0.9500000000000001,0.016666666666666607,67.15,Not Placed,C,F
0.8,0.85,0.0,0.6000000000000001,0.6000000000000001,0.1499999999999999,92.73,Placed,A,F
0.1,0.45000000000000007,0.0,0.1,0.4,0.29999999999999993,69.44,Not Placed,C,D
0.1,0.9333333333333335,0.40000000000000013,0.4,0.05,0.44999999999999984,72.77,Placed,B,C
0.5000000000000001,0.6666666666666666,0.0,0.7000000000000001,0.9500000000000001,0.7666666666666667,95.52,Placed,A,A
0.6000000000000001,0.8833333333333334,1.0,0.6000000000000001,0.8500000000000001,0.11666666666666659,100.0,Placed,A,F
0.6000000000000001,0.43333333333333346,0.6000000000000001,0.5000000000000001,0.9500000000000001,0.6999999999999998,100.0,Placed,A,B
0.8,0.5000000000000001,0.40000000000000013,0.5000000000000001,0.8,0.3666666666666666,100.0,Placed,A,D
0.5000000000000001,0.6666666666666666,1.0,0.0,0.30000000000000004,0.7833333333333333,94.81,Placed,A,A
0.7000000000000001,0.5833333333333334,0.0,0.0,0.8,0.7333333333333333,100.0,Placed,A,B
1.0,0.7666666666666667,1.0,0.6000000000000001,0.45,0.4833333333333333,100.0,Placed,A,C
0.5000000000000001,0.7000000000000001,0.8,0.20000000000000004,0.65,0.44999999999999984,100.0,Placed,A,C
0.1,0.0,0.6000000000000001,0.5000000000000001,0.55,0.19999999999999996,60.58,Not Placed,C,F
0.0,0.8166666666666668,0.6000000000000001,0.4,0.55,0.9,65.9,Not Placed,C,A
0.4,0.4666666666666667,1.0,0.20000000000000004,0.8,0.6,96.94,Placed,A,B
0.8,0.0,0.19999999999999996,0.5000000000000001,0.9,0.18333333333333324,100.0,Placed,A,F
0.7000000000000001,0.1166666666666667,0.6000000000000001,0.20000000000000004,0.65,0.1499999999999999,97.81,Placed,A,F
0.30000000000000004,0.9333333333333335,0.8,0.7000000000000001,0.8,0.8333333333333334,100.0,Placed,A,A
0.4,0.25,0.6000000000000001,0.6000000000000001,0.7000000000000001,0.2666666666666666,92.18,Placed,A,D
0.4,0.9500000000000001,0.19999999999999996,0.8,1.0,0.0,95.6,Placed,A,F
0.5000000000000001,0.45000000000000007,0.6000000000000001,0.4,0.25,0.35,66.32,Not Placed,C,D
0.20000000000000004,0.35,0.6000000000000001,0.0,0.9,0.23333333333333328,93.05,Placed,A,F
0.4,0.2833333333333333,0.19999999999999996,1.0,0.9500000000000001,0.25,81.5,Placed,A,D
0.1,0.35,0.6000000000000001,0.9,0.25,0.31666666666666665,46.14,Not Placed,F,D
0.9,0.6666666666666666,1.0,1.0,0.25,0.9,100.0,Placed,A,A
0.0,0.18333333333333335,0.40000000000000013,0.7000000000000001,0.15000000000000002,0.1499999999999999,44.42,Not Placed,F,F
1.0,0.30000000000000004,1.0,0.1,0.0,0.6833333333333332,100.0,Placed,A,B
0.0,0.4,0.6000000000000001,0.5000000000000001,0.9,0.41666666666666663,72.73,Placed,B,C
0.9,0.8166666666666668,0.0,0.0,0.5,0.7999999999999999,100.0,Placed,A,A
0.6000000000000001,0.9666666666666667,0.0,0.5000000000000001,0.30000000000000004,0.9999999999999999,100.0,Placed,A,A
0.1,0.06666666666666665,0.40000000000000013,0.30000000000000004,0.05,0.8833333333333332,87.93,Placed,A,A
0.30000000000000004,0.9666666666666667,0.6000000000000001,0.4,0.15000000000000002,0.3666666666666666,75.18,Placed,B,D
0.4,0.5499999999999999,0.8,0.9,0.25,0.2666666666666666,66.83,Not Placed,C,D
0.6000000000000001,0.6333333333333334,0.6000000000000001,0.6000000000000001,0.2,0.5499999999999999,92.76,Placed,A,C
0.1,0.9666666666666667,0.0,0.5000000000000001,1.0,0.6666666666666666,95.93,Placed,A,B
0.5000000000000001,0.15000000000000002,0.19999999999999996,0.0,0.4,0.9333333333333332,98.29,Placed,A,A
0.0,0.7666666666666667,0.40000000000000013,0.8,0.5,0.35,84.82,Placed,A,D
0.6000000000000001,0.9333333333333335,0.19999999999999996,0.5000000000000001,0.8500000000000001,0.9666666666666667,100.0,Placed,A,A
0.8,0.09999999999999998,0.8,0.5000000000000001,0.9500000000000001,0.04999999999999993,100.0,Placed,A,F
0.4,0.9833333333333333,0.6000000000000001,0.8,0.8,0.09999999999999998,87.05,Placed,A,F
0.4,0.6,0.8,0.9,0.6000000000000001,0.06666666666666665,73.74,Placed,B,F
0.30000000000000004,0.7666666666666667,0.19999999999999996,0.4,0.8,0.4999999999999999,94.42,Placed,A,C
0.20000000000000004,0.85,0.6000000000000001,1.0,0.45,0.29999999999999993,74.9,Placed,B,D
0.8,0.9833333333333333,1.0,0.5000000000000001,0.8500000000000001,0.04999999999999993,100.0,Placed,A,F
0.4,0.85,1.0,0.5000000000000001,0.8,0.8166666666666665,100.0,Placed,A,A
0.7000000000000001,0.2333333333333334,0.8,0.6000000000000001,0.55,0.35,92.22,Placed,A,D
0.8,0.6833333333333335,1.0,0.8,0.7000000000000001,0.033333333333333326,84.69,Placed,A,F
0.4,0.3833333333333334,1.0,0.4,0.9,0.3666666666666666,100.0,Placed,A,D
0.9,0.41666666666666663,0.0,0.4,0.7000000000000001,0.04999999999999993,98.92,Placed,A,F
0.8,1.0,1.0,0.30000000000000004,0.6000000000000001,0.7499999999999999,100.0,Placed,A,A
0.1,0.41666666666666663,0.0,0.9,0.30000000000000004,0.3833333333333333,58.11,Not Placed,D,D
0.8,0.7500000000000001,0.40000000000000013,0.30000000000000004,0.5,0.9666666666666667,100.0,Placed,A,A
1.0,0.41666666666666663,0.0,0.7000000000000001,0.35000000000000003,0.21666666666666667,100.0,Placed,A,F
0.30000000000000004,0.9500000000000001,0.0,0.1,0.9500000000000001,0.7999999999999999,100.0,Placed,A,A
0.5000000000000001,0.15000000000000002,0.19999999999999996,0.9,0.75,0.6666666666666666,92.91,Placed,A,B
0.5000000000000001,0.2666666666666667,0.0,0.7000000000000001,0.5,0.8333333333333334,100.0,Placed,A,A
0.5000000000000001,0.8666666666666666,0.0,0.1,0.2,0.033333333333333326,73.12,Placed,B,F
0.1,0.21666666666666667,0.19999999999999996,0.0,0.30000000000000004,0.7666666666666667,60.25,Not Placed,C,A
0.6000000000000001,0.01666666666666672,0.0,0.9,0.75,0.33333333333333326,69.92,Not Placed,C,D
0.5000000000000001,0.7833333333333333,1.0,0.8,0.75,0.41666666666666663,100.0,Placed,A,C
1.0,0.20000000000000007,0.0,1.0,0.9500000000000001,0.0,95.76,Placed,A,F
0.0,0.43333333333333346,0.40000000000000013,0.7000000000000001,0.8,0.4833333333333333,92.06,Placed,A,C
0.1,0.13333333333333341,0.0,0.5000000000000001,0.9,0.8333333333333334,88.1,Placed,A,A
0.6000000000000001,0.09999999999999998,0.0,0.30000000000000004,0.7000000000000001,0.04999999999999993,66.66,Not Placed,C,F
0.0,0.7833333333333333,0.40000000000000013,0.1,0.7000000000000001,0.21666666666666667,73.09,Placed,B,F
0.0,0.15000000000000002,0.19999999999999996,0.7000000000000001,0.9500000000000001,0.2833333333333333,62.45,Not Placed,C,D
0.0,0.9166666666666666,1.0,0.20000000000000004,1.0,0.18333333333333324,92.64,Placed,A,F
0.7000000000000001,0.8833333333333334,0.0,0.9,0.7000000000000001,0.6166666666666666,98.69,Placed,A,B
0.30000000000000004,0.13333333333333341,1.0,0.30000000000000004,0.1,0.6833333333333332,64.82,Not Placed,C,B
0.30000000000000004,0.35,0.8,0.4,0.55,0.5833333333333334,90.29,Placed,A,B
0.1,0.3666666666666666,1.0,0.30000000000000004,0.25,0.25,62.72,Not Placed,C,D
1.0,0.09999999999999998,0.19999999999999996,1.0,0.9500000000000001,0.0,84.49,Placed,A,F
1.0,0.7833333333333333,0.19999999999999996,0.7000000000000001,0.2,0.033333333333333326,100.0,Placed,A,F
1.0,0.13333333333333341,0.0,0.8,0.5,0.6333333333333332,99.16,Placed,A,B
0.0,0.43333333333333346,0.40000000000000013,0.0,0.55,0.5666666666666665,98.6,Placed,A,C
0.9,0.3833333333333334,0.19999999999999996,0.1,0.30000000000000004,0.9999999999999999,100.0,Placed,A,A
0.8,0.4666666666666667,0.40000000000000013,0.30000000000000004,0.4,0.8833333333333332,100.0,Placed,A,A
0.6000000000000001,0.2666666666666667,0.8,0.0,0.8500000000000001,0.9666666666666667,100.0,Placed,A,A
0.30000000000000004,0.31666666666666665,0.40000000000000013,1.0,0.65,0.23333333333333328,82.66,Placed,A,F
0.5000000000000001,0.09999999999999998,0.6000000000000001,0.5000000000000001,0.15000000000000002,0.6166666666666666,72.13,Placed,B,B
0.1,0.7000000000000001,0.40000000000000013,0.4,0.35000000000000003,0.25,65.95,Not Placed,C,D
0.6000000000000001,0.65,0.19999999999999996,0.6000000000000001,0.75,0.2666666666666666,99.19,Placed,A,D
0.1,0.09999999999999998,0.40000000000000013,0.5000000000000001,0.15000000000000002,0.5499999999999999,56.15,Not Placed,D,C
0.9,0.45000000000000007,0.40000000000000013,0.20000000000000004,0.9,0.1499999999999999,100.0,Placed,A,F
0.7000000000000001,0.30000000000000004,0.6000000000000001,0.4,0.25,0.16666666666666663,86.83,Placed,A,F
0.7000000000000001,0.31666666666666665,0.6000000000000001,0.20000000000000004,0.9,0.44999999999999984,100.0,Placed,A,C
0.0,0.7166666666666667,0.0,0.8,0.7000000000000001,0.43333333333333324,77.84,Placed,B,C
0.7000000000000001,0.6333333333333334,0.19999999999999996,0.1,0.55,0.6166666666666666,100.0,Placed,A,B
0.1,0.65,0.0,0.5000000000000001,0.55,0.2833333333333333,53.65,Not Placed,D,D
0.5000000000000001,0.09999999999999998,0.6000000000000001,0.8,0.05,0.7666666666666667,67.6,Not Placed,C,A
0.0,0.08333333333333337,0.40000000000000013,0.9,0.4,0.7833333333333333,83.43,Placed,A,A
0.4,0.4,0.6000000000000001,0.6000000000000001,0.1,0.4833333333333333,83.2,Placed,A,C
1.0,0.6666666666666666,0.8,0.4,0.0,0.19999999999999996,97.99,Placed,A,F
0.6000000000000001,0.9666666666666667,0.40000000000000013,0.1,0.65,0.25,100.0,Placed,A,D
0.9,0.20000000000000007,0.0,0.1,0.6000000000000001,0.016666666666666607,93.93,Placed,A,F
0.0,0.6333333333333334,0.40000000000000013,0.30000000000000004,0.2,0.31666666666666665,63.34,Not Placed,C,D
0.1,0.65,0.8,0.9,0.30000000000000004,0.18333333333333324,66.94,Not Placed,C,F
0.6000000000000001,0.35,0.6000000000000001,0.1,0.65,0.4666666666666667,98.49,Placed,A,C
0.5000000000000001,0.7999999999999999,0.19999999999999996,0.7000000000000001,0.75,0.7499999999999999,96.41,Placed,A,A
0.20000000000000004,0.2666666666666667,1.0,0.9,0.8500000000000001,0.11666666666666659,81.47,Placed,A,F
0.9,0.7833333333333333,0.19999999999999996,0.6000000000000001,0.65,0.6166666666666666,100.0,Placed,A,B
0.1,0.35,0.19999999999999996,0.6000000000000001,0.0,0.7499999999999999,57.53,Not Placed,D,A
0.9,0.5499999999999999,0.6000000000000001,0.20000000000000004,0.25,0.9166666666666666,100.0,Placed,A,A
0.30000000000000004,0.1166666666666667,0.19999999999999996,0.6000000000000001,1.0,0.7666666666666667,90.33,Placed,A,A
0.20000000000000004,0.7999999999999999,0.8,0.7000000000000001,0.45,0.31666666666666665,87.78,Placed,A,D
0.6000000000000001,0.7333333333333333,0.6000000000000001,0.4,0.25,0.9666666666666667,93.84,Placed,A,A
0.7000000000000001,0.2833333333333333,0.19999999999999996,0.0,0.05,0.5666666666666665,74.24,Placed,B,C
0.1,0.3833333333333334,1.0,0.0,0.30000000000000004,0.6333333333333332,68.7,Not Placed,C,B
0.9,0.9833333333333333,0.0,1.0,0.8,0.4999999999999999,100.0,Placed,A,C
0.6000000000000001,0.8833333333333334,0.6000000000000001,0.30000000000000004,0.65,0.25,91.16,Placed,A,D
0.7000000000000001,0.9833333333333333,0.6000000000000001,0.1,0.30000000000000004,0.3666666666666666,100.0,Placed,A,D
0.5000000000000001,0.6833333333333335,0.40000000000000013,0.6000000000000001,1.0,0.5499999999999999,100.0,Placed,A,C
0.5000000000000001,0.01666666666666672,0.19999999999999996,0.20000000000000004,0.4,0.5166666666666667,85.06,Placed,A,C
0.9,0.01666666666666672,0.0,0.30000000000000004,0.9,0.2666666666666666,100.0,Placed,A,D
0.0,0.43333333333333346,1.0,0.8,1.0,0.6999999999999998,83.28,Placed,A,B
0.30000000000000004,0.21666666666666667,0.8,0.1,0.5,0.3833333333333333,95.29,Placed,A,D
0.0,0.7833333333333333,0.6000000000000001,0.7000000000000001,0.1,0.5666666666666665,62.05,Not Placed,C,C
0.30000000000000004,0.6333333333333334,0.8,0.0,0.15000000000000002,0.8833333333333332,93.4,Placed,A,A
0.1,0.8666666666666666,0.8,0.20000000000000004,0.2,0.3666666666666666,74.86,Placed,B,D
1.0,0.8666666666666666,0.8,0.30000000000000004,0.15000000000000002,0.11666666666666659,96.98,Placed,A,F
0.4,0.9166666666666666,0.40000000000000013,0.5000000000000001,0.6000000000000001,0.8833333333333332,100.0,Placed,A,A
0.9,0.18333333333333335,0.8,0.0,0.4,0.3666666666666666,99.49,Placed,A,D
0.8,0.5166666666666667,0.19999999999999996,0.7000000000000001,0.65,0.33333333333333326,96.57,Placed,A,D
1.0,0.45000000000000007,0.19999999999999996,0.1,0.75,0.29999999999999993,92.71,Placed,A,D
0.9,0.9,0.0,0.4,0.25,0.4999999999999999,100.0,Placed,A,C
0.20000000000000004,0.45000000000000007,0.0,0.5000000000000001,0.45,0.8166666666666665,78.97,Placed,B,A
0.7000000000000001,0.7500000000000001,1.0,0.7000000000000001,1.0,0.09999999999999998,100.0,Placed,A,F
0.20000000000000004,0.4,0.8,0.20000000000000004,0.6000000000000001,0.7833333333333333,92.02,Placed,A,A
0.5000000000000001,0.050000000000000044,0.8,0.8,0.1,0.3833333333333333,63.64,Not Placed,C,D
0.30000000000000004,0.41666666666666663,0.40000000000000013,0.4,0.5,0.7499999999999999,73.04,Placed,B,A
0.7000000000000001,0.5833333333333334,0.8,0.7000000000000001,0.1,0.11666666666666659,96.94,Placed,A,F
1.0,0.8166666666666668,0.8,0.30000000000000004,0.30000000000000004,0.19999999999999996,100.0,Placed,A,F
0.5000000000000001,0.033333333333333326,0.8,0.8,0.45,0.033333333333333326,77.24,Placed,B,F
0.7000000000000001,0.0,0.6000000000000001,0.7000000000000001,0.0,0.5499999999999999,88.09,Placed,A,C
0.0,0.2666666666666667,0.6000000000000001,0.4,0.15000000000000002,0.19999999999999996,47.12,Not Placed,F,F
0.5000000000000001,0.09999999999999998,0.40000000000000013,0.20000000000000004,0.35000000000000003,0.9333333333333332,93.01,Placed,A,A
0.0,0.7833333333333333,0.40000000000000013,0.0,0.9500000000000001,0.8833333333333332,99.25,Placed,A,A
0.0,0.06666666666666665,0.19999999999999996,0.4,0.8,0.9499999999999998,84.52,Placed,A,A
0.7000000000000001,0.30000000000000004,0.40000000000000013,0.4,0.2,0.5166666666666667,97.34,Placed,A,C
0.6000000000000001,0.6333333333333334,1.0,0.30000000000000004,0.8,0.5666666666666665,100.0,Placed,A,C
0.20000000000000004,0.7500000000000001,0.19999999999999996,0.9,0.4,0.33333333333333326,56.61,Not Placed,D,D
0.5000000000000001,0.5499999999999999,0.8,0.9,0.35000000000000003,0.0,78.55,Placed,B,F
0.8,0.5666666666666668,0.40000000000000013,0.7000000000000001,0.30000000000000004,0.016666666666666607,77.95,Placed,B,F
0.6000000000000001,0.7999999999999999,1.0,0.20000000000000004,0.2,0.9333333333333332,100.0,Placed,A,A
0.20000000000000004,0.25,0.40000000000000013,0.9,0.15000000000000002,0.6833333333333332,82.15,Placed,A,B
0.5000000000000001,0.65,0.40000000000000013,0.8,0.1,0.6999999999999998,93.36,Placed,A,B
1.0,0.8166666666666668,0.19999999999999996,0.20000000000000004,0.35000000000000003,0.41666666666666663,100.0,Placed,A,C
0.30000000000000004,0.7666666666666667,0.19999999999999996,0.30000000000000004,0.2,0.033333333333333326,68.95,Not Placed,C,F
0.20000000000000004,0.6333333333333334,0.0,0.5000000000000001,0.2,0.3833333333333333,64.44,Not Placed,C,D
0.8,0.43333333333333346,0.19999999999999996,0.8,0.8,0.41666666666666663,94.02,Placed,A,C
0.9,0.6666666666666666,0.19999999999999996,0.9,0.7000000000000001,0.11666666666666659,94.5,Placed,A,F
0.1,0.6166666666666666,0.6000000000000001,0.1,0.35000000000000003,0.7666666666666667,84.08,Placed,A,A
0.0,0.8166666666666668,0.40000000000000013,0.1,0.30000000000000004,0.6,75.47,Placed,B,B
0.1,0.8166666666666668,0.19999999999999996,0.1,0.8,0.11666666666666659,70.86,Placed,B,F
0.6000000000000001,0.4,0.40000000000000013,0.4,0.55,0.2833333333333333,90.95,Placed,A,D
0.9,0.41666666666666663,0.40000000000000013,0.5000000000000001,0.15000000000000002,0.2833333333333333,89.01,Placed,A,D
0.0,0.9166666666666666,0.6000000000000001,0.20000000000000004,0.9500000000000001,0.18333333333333324,67.27,Not Placed,C,F
0.5000000000000001,0.21666666666666667,0.40000000000000013,0.20000000000000004,0.8500000000000001,0.5833333333333334,100.0,Placed,A,B
0.6000000000000001,0.21666666666666667,1.0,0.1,0.15000000000000002,0.65,70.11,Placed,B,B
0.8,0.21666666666666667,0.19999999999999996,1.0,0.45,0.016666666666666607,66.42,Not Placed,C,F
0.7000000000000001,0.4,0.40000000000000013,0.5000000000000001,0.1,0.31666666666666665,68.77,Not Placed,C,D
0.5000000000000001,0.5833333333333334,0.0,0.0,0.2,0.9166666666666666,92.98,Placed,A,A
0.20000000000000004,0.050000000000000044,0.0,0.8,0.55,0.033333333333333326,46.58,Not Placed,F,F
0.7000000000000001,0.7666666666666667,0.6000000000000001,1.0,0.2,0.65,90.83,Placed,A,B
0.6000000000000001,0.2333333333333334,1.0,0.9,0.2,0.7166666666666667,100.0,Placed,A,B
0.20000000000000004,0.5166666666666667,0.19999999999999996,0.30000000000000004,0.15000000000000002,0.5499999999999999,60.53,Not Placed,C,C
0.8,0.2833333333333333,0.6000000000000001,0.1,0.25,0.7999999999999999,100.0,Placed,A,A
0.1,0.21666666666666667,0.0,0.5000000000000001,0.45,0.7499999999999999,76.19,Placed,B,A
0.20000000000000004,0.9500000000000001,1.0,0.4,0.25,0.7499999999999999,96.42,Placed,A,A
0.1,0.0,0.19999999999999996,0.20000000000000004,0.0,0.08333333333333326,54.72,Not Placed,D,F
0.0,0.6833333333333335,0.40000000000000013,0.20000000000000004,0.75,0.65,84.25,Placed,A,B
0.30000000000000004,1.0,0.19999999999999996,0.4,0.5,0.9333333333333332,99.91,Placed,A,A
0.4,0.31666666666666665,0.8,0.30000000000000004,0.25,0.1499999999999999,65.53,Not Placed,C,F
0.5000000000000001,0.15000000000000002,0.19999999999999996,0.4,0.9500000000000001,0.3833333333333333,70.56,Placed,B,D
0.4,0.15000000000000002,0.40000000000000013,0.1,0.8500000000000001,0.2833333333333333,91.64,Placed,A,D
0.0,0.9666666666666667,0.8,1.0,0.25,0.5333333333333333,87.71,Placed,A,C
0.20000000000000004,0.3833333333333334,1.0,0.0,0.8,0.6333333333333332,87.06,Placed,A,B
0.0,0.5499999999999999,0.6000000000000001,0.4,0.55,0.09999999999999998,53.96,Not Placed,D,F
1.0,1.0,1.0,1.0,0.8,0.7333333333333333,100.0,Placed,A,B
0.4,0.45000000000000007,0.19999999999999996,0.0,1.0,0.7833333333333333,100.0,Placed,A,A
0.4,0.43333333333333346,0.6000000000000001,0.20000000000000004,0.8500000000000001,0.7166666666666667,100.0,Placed,A,B
1.0,0.65,0.19999999999999996,0.7000000000000001,0.45,0.4666666666666667,100.0,Placed,A,C
0.5000000000000001,0.0,0.0,1.0,0.9500000000000001,0.29999999999999993,95.82,Placed,A,D
0.7000000000000001,0.5333333333333333,0.0,0.7000000000000001,0.55,0.6166666666666666,100.0,Placed,A,B
0.9,0.050000000000000044,0.40000000000000013,0.8,0.15000000000000002,0.6333333333333332,99.1,Placed,A,B
0.0,0.09999999999999998,1.0,0.0,0.45,0.3999999999999999,63.67,Not Placed,C,D
0.30000000000000004,0.13333333333333341,0.0,0.30000000000000004,0.2,0.2666666666666666,57.78,Not Placed,D,D
0.9,0.25,0.8,0.5000000000000001,0.15000000000000002,0.9999999999999999,100.0,Placed,A,A
1.0,0.06666666666666665,0.8,0.6000000000000001,0.75,0.8333333333333334,100.0,Placed,A,A
0.0,0.5499999999999999,0.19999999999999996,0.4,0.2,0.6,57.01,Not Placed,D,B
0.8,0.9833333333333333,0.6000000000000001,0.6000000000000001,0.9,0.033333333333333326,100.0,Placed,A,F
1.0,0.3666666666666666,0.8,1.0,0.25,0.3833333333333333,100.0,Placed,A,D
0.6000000000000001,0.7000000000000001,0.19999999999999996,0.9,1.0,0.9499999999999998,100.0,Placed,A,A
0.6000000000000001,0.8166666666666668,0.6000000000000001,0.7000000000000001,0.30000000000000004,0.8833333333333332,91.0,Placed,A,A
0.4,0.4,0.0,0.9,0.45,0.2833333333333333,72.14,Placed,B,D
0.6000000000000001,0.9333333333333335,0.19999999999999996,0.5000000000000001,0.30000000000000004,0.7999999999999999,100.0,Placed,A,A
0.1,0.8333333333333334,0.6000000000000001,1.0,0.65,0.41666666666666663,71.97,Placed,B,C
0.30000000000000004,0.20000000000000007,0.40000000000000013,0.30000000000000004,0.45,0.33333333333333326,79.59,Placed,B,D
0.6000000000000001,0.3833333333333334,1.0,0.0,0.9500000000000001,0.16666666666666663,100.0,Placed,A,F
0.20000000000000004,0.16666666666666674,1.0,1.0,0.5,0.9333333333333332,66.31,Not Placed,C,A
0.1,0.85,0.40000000000000013,0.4,0.65,0.9499999999999998,89.84,Placed,A,A
0.9,0.8333333333333334,0.8,0.9,0.55,0.6666666666666666,100.0,Placed,A,B
0.1,0.2666666666666667,1.0,0.9,0.15000000000000002,0.2666666666666666,55.7,Not Placed,D,D
0.0,0.6,0.6000000000000001,0.9,0.6000000000000001,0.8333333333333334,75.3,Placed,B,A
0.4,0.20000000000000007,0.40000000000000013,0.30000000000000004,0.1,0.7333333333333333,81.33,Placed,A,B
0.5000000000000001,0.43333333333333346,0.8,0.4,0.6000000000000001,0.6166666666666666,97.4,Placed,A,B
0.5000000000000001,0.31666666666666665,0.19999999999999996,0.30000000000000004,0.9500000000000001,0.33333333333333326,81.81,Placed,A,D
0.8,0.5333333333333333,0.19999999999999996,0.8,0.9,0.04999999999999993,71.87,Placed,B,F
0.30000000000000004,0.6833333333333335,0.6000000000000001,0.20000000000000004,0.7000000000000001,0.9999999999999999,100.0,Placed,A,A
0.0,0.5166666666666667,0.6000000000000001,0.20000000000000004,0.9,0.5166666666666667,90.64,Placed,A,C
0.5000000000000001,0.1166666666666667,0.6000000000000001,0.9,0.9500000000000001,0.2833333333333333,89.35,Placed,A,D
0.4,0.9166666666666666,1.0,0.6000000000000001,0.15000000000000002,0.7166666666666667,82.96,Placed,A,B
0.9,0.4666666666666667,0.6000000000000001,0.1,0.25,0.9833333333333333,100.0,Placed,A,A
0.5000000000000001,0.65,0.40000000000000013,0.8,0.7000000000000001,0.44999999999999984,90.72,Placed,A,C
0.20000000000000004,0.30000000000000004,0.40000000000000013,0.7000000000000001,0.15000000000000002,0.5833333333333334,72.81,Placed,B,B
0.1,0.08333333333333337,0.8,0.5000000000000001,0.25,0.6,75.1,Placed,B,B
0.5000000000000001,0.7166666666666667,0.40000000000000013,0.8,0.05,0.7166666666666667,91.0,Placed,A,B
0.0,0.9833333333333333,1.0,1.0,0.15000000000000002,0.8166666666666665,83.0,Placed,A,A
0.6000000000000001,0.6333333333333334,0.19999999999999996,0.20000000000000004,0.8500000000000001,0.41666666666666663,95.41,Placed,A,C
0.6000000000000001,0.7833333333333333,0.8,0.30000000000000004,0.7000000000000001,0.7999999999999999,100.0,Placed,A,A
0.9,0.6666666666666666,0.40000000000000013,0.6000000000000001,0.55,0.9,100.0,Placed,A,A
0.6000000000000001,0.33333333333333337,0.6000000000000001,0.0,0.35000000000000003,0.9,100.0,Placed,A,A
1.0,0.9333333333333335,0.40000000000000013,0.0,0.55,0.3833333333333333,100.0,Placed,A,D
0.9,0.35,0.0,0.0,0.4,0.1499999999999999,100.0,Placed,A,F
0.0,0.6833333333333335,0.8,0.7000000000000001,0.30000000000000004,0.6166666666666666,77.87,Placed,B,B
0.30000000000000004,0.15000000000000002,1.0,0.5000000000000001,0.35000000000000003,0.7999999999999999,84.1,Placed,A,A
0.6000000000000001,0.15000000000000002,0.40000000000000013,0.20000000000000004,0.9500000000000001,0.11666666666666659,93.54,Placed,A,F
1.0,0.85,0.40000000000000013,0.9,0.45,0.016666666666666607,100.0,Placed,A,F
0.8,0.4666666666666667,1.0,0.6000000000000001,0.5,0.7166666666666667,100.0,Placed,A,B
0.4,0.25,0.19999999999999996,0.5000000000000001,0.05,0.5666666666666665,69.19,Not Placed,C,C
0.1,0.0,0.6000000000000001,0.4,0.15000000000000002,0.9166666666666666,74.31,Placed,B,A
0.6000000000000001,0.2666666666666667,0.6000000000000001,0.20000000000000004,1.0,0.85,100.0,Placed,A,A
0.9,0.4833333333333333,0.19999999999999996,0.30000000000000004,1.0,0.33333333333333326,100.0,Placed,A,D
0.0,0.41666666666666663,0.19999999999999996,1.0,0.4,0.9333333333333332,95.59,Placed,A,A
0.6000000000000001,0.8666666666666666,0.0,1.0,0.35000000000000003,0.43333333333333324,100.0,Placed,A,C
0.5000000000000001,1.0,1.0,0.0,0.2,0.3666666666666666,94.87,Placed,A,D
0.6000000000000001,0.7500000000000001,0.8,0.8,0.65,0.5166666666666667,100.0,Placed,A,C
0.9,0.30000000000000004,0.6000000000000001,0.4,0.05,0.41666666666666663,85.56,Placed,A,C
0.20000000000000004,0.8666666666666666,0.19999999999999996,0.1,1.0,0.9833333333333333,100.0,Placed,A,A
0.20000000000000004,0.33333333333333337,0.19999999999999996,1.0,0.8,0.09999999999999998,64.63,Not Placed,C,F
0.6000000000000001,0.2666666666666667,1.0,0.8,0.35000000000000003,0.5333333333333333,94.45,Placed,A,C
0.1,0.7500000000000001,0.8,0.6000000000000001,0.05,0.2666666666666666,67.95,Not Placed,C,D
0.0,0.65,0.19999999999999996,0.7000000000000001,0.7000000000000001,0.11666666666666659,62.08,Not Placed,C,F
0.8,0.33333333333333337,0.0,0.20000000000000004,0.05,0.6833333333333332,94.79,Placed,A,B
0.8,0.8666666666666666,0.8,0.6000000000000001,0.5,0.2666666666666666,100.0,Placed,A,D
0.6000000000000001,0.6666666666666666,0.0,1.0,0.65,0.7833333333333333,99.96,Placed,A,A
0.6000000000000001,0.65,0.40000000000000013,0.0,1.0,0.6833333333333332,100.0,Placed,A,B
0.20000000000000004,0.7333333333333333,0.6000000000000001,0.5000000000000001,0.45,0.7666666666666667,98.01,Placed,A,A
0.9,0.7999999999999999,0.19999999999999996,0.9,0.30000000000000004,0.7833333333333333,95.09,Placed,A,A
0.1,0.30000000000000004,0.8,0.5000000000000001,0.65,0.2833333333333333,75.34,Placed,B,D
1.0,0.9833333333333333,0.0,1.0,0.6000000000000001,0.5833333333333334,100.0,Placed,A,B
0.6000000000000001,0.09999999999999998,0.6000000000000001,0.9,1.0,0.9333333333333332,100.0,Placed,A,A
0.8,0.2666666666666667,0.6000000000000001,0.5000000000000001,0.05,0.6333333333333332,96.29,Placed,A,B
0.0,0.0,0.19999999999999996,0.20000000000000004,0.45,0.9999999999999999,57.33,Not Placed,D,A
0.30000000000000004,0.6,0.6000000000000001,0.5000000000000001,0.0,0.9999999999999999,84.64,Placed,A,A
0.5000000000000001,0.9333333333333335,0.19999999999999996,0.20000000000000004,0.0,0.7166666666666667,89.0,Placed,A,B
0.6000000000000001,0.08333333333333337,0.40000000000000013,0.9,0.1,0.3666666666666666,67.8,Not Placed,C,D
0.9,0.41666666666666663,0.19999999999999996,0.8,0.5,0.18333333333333324,90.43,Placed,A,F
0.6000000000000001,0.01666666666666672,1.0,0.6000000000000001,0.9,0.9499999999999998,100.0,Placed,A,A
0.9,0.9666666666666667,0.0,0.30000000000000004,0.4,0.3666666666666666,98.32,Placed,A,D
0.1,0.5166666666666667,1.0,0.20000000000000004,0.6000000000000001,0.8666666666666666,93.0,Placed,A,A
0.30000000000000004,0.9333333333333335,0.6000000000000001,0.5000000000000001,0.15000000000000002,0.5333333333333333,75.07,Placed,B,C
0.4,0.7833333333333333,0.6000000000000001,0.8,0.9500000000000001,0.8666666666666666,99.39,Placed,A,A
0.0,0.8833333333333334,0.6000000000000001,0.20000000000000004,0.25,0.9166666666666666,85.11,Placed,A,A
0.0,0.06666666666666665,0.19999999999999996,0.7000000000000001,0.05,0.44999999999999984,34.49,Not Placed,F,C
0.9,0.6,0.8,0.5000000000000001,0.4,0.7166666666666667,100.0,Placed,A,B
0.20000000000000004,0.5000000000000001,0.19999999999999996,0.30000000000000004,0.8500000000000001,0.3666666666666666,89.22,Placed,A,D
0.9,0.18333333333333335,0.0,0.4,0.15000000000000002,0.09999999999999998,79.78,Placed,B,F
0.20000000000000004,0.5666666666666668,0.19999999999999996,0.20000000000000004,0.0,0.7666666666666667,78.78,Placed,B,A
0.7000000000000001,0.4833333333333333,0.6000000000000001,0.1,0.0,0.016666666666666607,55.34,Not Placed,D,F
0.8,0.7833333333333333,0.40000000000000013,0.8,0.9500000000000001,0.0,100.0,Placed,A,F
1.0,0.08333333333333337,0.0,0.20000000000000004,0.8,0.04999999999999993,100.0,Placed,A,F
0.0,0.2333333333333334,1.0,0.5000000000000001,0.9,0.11666666666666659,81.66,Placed,A,F
1.0,0.2333333333333334,0.40000000000000013,0.4,0.1,0.7999999999999999,92.41,Placed,A,A
0.1,1.0,0.0,0.9,0.8,0.4666666666666667,70.45,Placed,B,C
0.9,0.25,0.0,1.0,0.1,0.2833333333333333,80.19,Placed,A,D
0.1,0.31666666666666665,0.6000000000000001,0.7000000000000001,0.15000000000000002,0.9,77.44,Placed,B,A
0.30000000000000004,0.20000000000000007,1.0,0.4,0.6000000000000001,0.6,77.72,Placed,B,B
0.1,0.7166666666666667,0.19999999999999996,1.0,0.7000000000000001,0.4999999999999999,82.67,Placed,A,C
0.6000000000000001,0.6833333333333335,1.0,0.7000000000000001,0.55,0.08333333333333326,100.0,Placed,A,F
0.8,0.7500000000000001,0.6000000000000001,1.0,0.1,0.7166666666666667,100.0,Placed,A,B
0.6000000000000001,0.5000000000000001,0.6000000000000001,0.4,1.0,0.3833333333333333,100.0,Placed,A,D
0.5000000000000001,0.5499999999999999,0.6000000000000001,1.0,0.35000000000000003,0.9833333333333333,97.9,Placed,A,A
0.9,0.4666666666666667,0.40000000000000013,0.9,0.0,0.7833333333333333,100.0,Placed,A,A
0.0,0.033333333333333326,1.0,0.5000000000000001,0.8500000000000001,0.6666666666666666,77.09,Placed,B,B
1.0,0.13333333333333341,1.0,0.4,0.6000000000000001,0.23333333333333328,100.0,Placed,A,F
0.9,0.16666666666666674,0.0,0.1,0.30000000000000004,0.65,100.0,Placed,A,B
0.8,0.16666666666666674,0.8,0.9,0.6000000000000001,0.18333333333333324,77.68,Placed,B,F
0.4,0.4,0.19999999999999996,0.9,0.8,0.7499999999999999,78.96,Placed,B,A
1.0,0.35,0.6000000000000001,0.5000000000000001,0.6000000000000001,0.7999999999999999,100.0,Placed,A,A
0.4,0.6833333333333335,1.0,0.6000000000000001,0.6000000000000001,0.21666666666666667,75.1,Placed,B,F
0.5000000000000001,0.9500000000000001,1.0,0.20000000000000004,0.5,0.43333333333333324,82.94,Placed,A,C
0.8,0.7500000000000001,0.0,0.20000000000000004,0.65,0.85,100.0,Placed,A,A
0.7000000000000001,0.13333333333333341,0.19999999999999996,0.6000000000000001,1.0,0.6,96.74,Placed,A,B
0.7000000000000001,0.31666666666666665,0.8,1.0,0.45,0.19999999999999996,93.99,Placed,A,F
0.7000000000000001,0.9666666666666667,0.8,0.9,0.35000000000000003,0.9333333333333332,100.0,Placed,A,A
0.0,0.33333333333333337,0.6000000000000001,0.30000000000000004,0.25,0.6166666666666666,90.77,Placed,A,B
0.0,0.15000000000000002,0.8,0.1,0.9,0.7499999999999999,100.0,Placed,A,A
0.7000000000000001,0.35,0.8,0.8,0.9,0.6166666666666666,100.0,Placed,A,B
0.4,0.4666666666666667,0.19999999999999996,0.8,0.55,0.033333333333333326,56.71,Not Placed,D,F
0.8,0.13333333333333341,0.19999999999999996,0.5000000000000001,1.0,0.25,100.0,Placed,A,D
0.1,1.0,0.6000000000000001,0.1,0.30000000000000004,0.18333333333333324,64.58,Not Placed,C,F
0.8,0.06666666666666665,1.0,0.20000000000000004,0.8500000000000001,0.21666666666666667,100.0,Placed,A,F
0.7000000000000001,0.65,0.0,0.4,0.9500000000000001,0.5499999999999999,100.0,Placed,A,C
0.8,0.16666666666666674,0.6000000000000001,1.0,0.8500000000000001,0.8166666666666665,100.0,Placed,A,A
0.30000000000000004,0.0,0.40000000000000013,1.0,0.1,0.4999999999999999,79.05,Placed,B,C
0.0,0.8666666666666666,0.8,0.4,0.4,0.6333333333333332,85.26,Placed,A,B
0.0,0.6833333333333335,0.0,0.8,0.25,0.06666666666666665,40.79,Not Placed,F,F
0.4,0.0,1.0,0.9,0.0,0.18333333333333324,54.22,Not Placed,D,F
0.1,0.9500000000000001,1.0,0.20000000000000004,0.45,0.41666666666666663,91.38,Placed,A,C
0.7000000000000001,0.8833333333333334,0.19999999999999996,0.1,0.35000000000000003,0.2666666666666666,89.87,Placed,A,D
0.9,0.6333333333333334,0.40000000000000013,0.9,0.8,0.7166666666666667,100.0,Placed,A,B
1.0,0.9833333333333333,1.0,0.7000000000000001,0.1,0.8666666666666666,100.0,Placed,A,A
0.4,0.7500000000000001,0.40000000000000013,0.6000000000000001,0.1,0.16666666666666663,48.69,Not Placed,F,F
0.4,0.06666666666666665,0.8,0.8,0.1,0.5333333333333333,66.02,Not Placed,C,C
0.1,0.7999999999999999,0.19999999999999996,0.20000000000000004,0.30000000000000004,0.6666666666666666,73.74,Placed,B,B
0.6000000000000001,0.35,0.0,0.5000000000000001,0.5,0.65,93.16,Placed,A,B
0.7000000000000001,0.41666666666666663,0.19999999999999996,0.4,0.8500000000000001,0.7499999999999999,100.0,Placed,A,A
0.9,0.8666666666666666,0.8,0.4,0.2,0.04999999999999993,100.0,Placed,A,F
0.0,0.08333333333333337,1.0,0.9,0.05,0.5166666666666667,58.57,Not Placed,D,C
0.1,0.5166666666666667,0.40000000000000013,0.7000000000000001,0.65,0.4999999999999999,57.11,Not Placed,D,C
0.9,0.7833333333333333,0.8,0.0,0.0,0.16666666666666663,98.42,Placed,A,F
0.30000000000000004,0.16666666666666674,1.0,0.0,0.15000000000000002,0.2666666666666666,68.25,Not Placed,C,D
0.4,0.15000000000000002,0.6000000000000001,0.20000000000000004,0.65,0.43333333333333324,85.94,Placed,A,C
0.1,0.7666666666666667,0.40000000000000013,1.0,0.7000000000000001,0.11666666666666659,52.48,Not Placed,D,F
0.0,0.6333333333333334,0.8,0.1,0.9500000000000001,0.33333333333333326,59.78,Not Placed,D,D
0.8,0.9,0.0,0.1,0.9500000000000001,0.5333333333333333,100.0,Placed,A,C
0.0,0.5499999999999999,0.0,0.1,0.8,0.8166666666666665,86.73,Placed,A,A
0.30000000000000004,0.5000000000000001,1.0,0.30000000000000004,0.1,0.06666666666666665,71.72,Placed,B,F
0.1,0.18333333333333335,1.0,0.0,0.15000000000000002,0.9999999999999999,75.72,Placed,B,A
1.0,0.8333333333333334,0.0,0.9,0.8500000000000001,0.5166666666666667,100.0,Placed,A,C
0.30000000000000004,0.7166666666666667,0.6000000000000001,0.8,0.0,0.3999999999999999,62.24,Not Placed,C,D
0.7000000000000001,0.25,0.19999999999999996,0.4,0.2,0.9499999999999998,85.17,Placed,A,A
0.7000000000000001,0.6166666666666666,0.0,0.4,0.8500000000000001,0.11666666666666659,100.0,Placed,A,F
1.0,0.033333333333333326,1.0,0.8,0.6000000000000001,0.43333333333333324,100.0,Placed,A,C
0.8,0.01666666666666672,1.0,0.4,0.65,0.41666666666666663,100.0,Placed,A,C
1.0,0.85,0.6000000000000001,1.0,0.9500000000000001,0.65,100.0,Placed,A,B
0.4,0.06666666666666665,0.0,0.7000000000000001,0.1,0.4666666666666667,40.39,Not Placed,F,C
0.6000000000000001,0.16666666666666674,0.6000000000000001,1.0,0.25,0.1333333333333333,64.85,Not Placed,C,F
0.20000000000000004,0.9500000000000001,0.0,0.0,0.5,0.2833333333333333,75.49,Placed,B,D
0.9,0.4,0.19999999999999996,0.0,0.4,0.09999999999999998,98.07,Placed,A,F
0.30000000000000004,0.5666666666666668,0.8,0.30000000000000004,0.9500000000000001,0.6833333333333332,100.0,Placed,A,B
0.9,0.5666666666666668,0.0,0.7000000000000001,0.9,0.33333333333333326,100.0,Placed,A,D
0.8,0.35,0.8,0.20000000000000004,0.30000000000000004,0.25,99.27,Placed,A,D
0.9,0.6,0.0,0.0,1.0,0.033333333333333326,100.0,Placed,A,F
0.9,0.35,0.19999999999999996,1.0,0.45,0.5166666666666667,97.8,Placed,A,C
0.0,0.9,1.0,0.8,0.30000000000000004,0.1499999999999999,69.76,Not Placed,C,F
0.1,0.16666666666666674,0.8,0.8,0.2,0.5166666666666667,61.84,Not Placed,C,C
0.4,0.5166666666666667,0.6000000000000001,0.8,0.15000000000000002,0.11666666666666659,69.36,Not Placed,C,F
0.20000000000000004,0.5666666666666668,0.0,0.8,0.8,0.5166666666666667,88.42,Placed,A,C
0.1,0.5000000000000001,1.0,0.1,0.2,0.8166666666666665,80.54,Placed,A,A
0.0,0.7333333333333333,0.0,1.0,0.8,0.04999999999999993,55.78,Not Placed,D,F
0.9,0.8666666666666666,0.6000000000000001,1.0,0.8,0.4666666666666667,100.0,Placed,A,C
0.20000000000000004,0.1166666666666667,0.19999999999999996,1.0,0.8,0.18333333333333324,59.52,Not Placed,D,F
0.0,0.31666666666666665,0.40000000000000013,0.30000000000000004,0.0,0.8666666666666666,63.6,Not Placed,C,A
0.0,0.6833333333333335,0.0,0.1,0.05,0.6,62.46,Not Placed,C,B
0.0,0.5499999999999999,0.6000000000000001,0.6000000000000001,0.9,0.5833333333333334,100.0,Placed,A,B
0.7000000000000001,0.050000000000000044,0.40000000000000013,1.0,0.4,0.8333333333333334,97.29,Placed,A,A
0.20000000000000004,0.2833333333333333,0.0,0.20000000000000004,0.9500000000000001,0.29999999999999993,95.53,Placed,A,D
1.0,0.8333333333333334,0.8,0.8,0.7000000000000001,0.6,100.0,Placed,A,B
0.0,0.050000000000000044,1.0,0.6000000000000001,0.9,0.7666666666666667,88.77,Placed,A,A
0.6000000000000001,0.31666666666666665,1.0,0.7000000000000001,0.2,0.4999999999999999,90.26,Placed,A,C
0.9,0.9500000000000001,0.6000000000000001,0.8,0.6000000000000001,0.7166666666666667,100.0,Placed,A,B
0.20000000000000004,0.13333333333333341,0.8,0.7000000000000001,0.15000000000000002,0.41666666666666663,49.89,Not Placed,F,C
0.7000000000000001,0.25,0.19999999999999996,0.6000000000000001,0.6000000000000001,0.7333333333333333,100.0,Placed,A,B
0.30000000000000004,0.41666666666666663,0.40000000000000013,0.8,0.25,0.08333333333333326,65.31,Not Placed,C,F
0.30000000000000004,0.6166666666666666,0.6000000000000001,1.0,0.55,0.4666666666666667,95.87,Placed,A,C
0.4,0.4,0.0,0.0,0.4,0.2666666666666666,86.98,Placed,A,D
0.5000000000000001,0.050000000000000044,1.0,1.0,0.7000000000000001,0.9666666666666667,95.54,Placed,A,A
0.6000000000000001,0.6666666666666666,0.0,0.30000000000000004,1.0,0.31666666666666665,95.66,Placed,A,D
0.30000000000000004,0.9666666666666667,0.40000000000000013,0.30000000000000004,0.7000000000000001,0.6833333333333332,100.0,Placed,A,B
0.7000000000000001,0.7333333333333333,0.8,0.4,0.8,0.7499999999999999,100.0,Placed,A,A
0.5000000000000001,0.6666666666666666,0.8,0.7000000000000001,0.2,0.7666666666666667,87.19,Placed,A,A
0.0,0.6166666666666666,0.6000000000000001,0.9,0.2,0.1499999999999999,58.16,Not Placed,D,F
0.0,0.8666666666666666,0.6000000000000001,0.0,0.2,0.08333333333333326,54.52,Not Placed,D,F
0.8,0.30000000000000004,0.8,0.5000000000000001,1.0,0.9999999999999999,100.0,Placed,A,A
0.9,0.21666666666666667,0.6000000000000001,0.8,0.65,0.7833333333333333,100.0,Placed,A,A
0.5000000000000001,0.33333333333333337,0.8,0.9,0.05,0.5166666666666667,64.06,Not Placed,C,C
0.9,0.2333333333333334,0.40000000000000013,0.7000000000000001,0.4,0.016666666666666607,89.42,Placed,A,F
0.7000000000000001,0.033333333333333326,0.6000000000000001,0.1,0.65,0.1499999999999999,100.0,Placed,A,F
0.6000000000000001,0.6,0.8,0.6000000000000001,0.7000000000000001,0.6,100.0,Placed,A,B
0.5000000000000001,0.8666666666666666,0.6000000000000001,0.4,0.15000000000000002,0.43333333333333324,95.27,Placed,A,C
0.30000000000000004,0.8166666666666668,0.0,0.1,0.25,0.6666666666666666,90.32,Placed,A,B
0.6000000000000001,0.7500000000000001,1.0,1.0,0.65,0.29999999999999993,98.84,Placed,A,D
0.8,0.25,0.0,0.0,0.2,0.8333333333333334,100.0,Placed,A,A
1.0,0.21666666666666667,0.19999999999999996,0.1,0.5,0.6666666666666666,100.0,Placed,A,B
0.9,0.13333333333333341,0.8,1.0,1.0,0.25,100.0,Placed,A,D
0.9,0.7666666666666667,0.19999999999999996,0.9,0.65,0.9999999999999999,100.0,Placed,A,A
0.6000000000000001,0.09999999999999998,0.8,0.5000000000000001,0.30000000000000004,0.8333333333333334,100.0,Placed,A,A
0.0,0.21666666666666667,1.0,1.0,0.65,0.31666666666666665,62.47,Not Placed,C,D
0.9,0.08333333333333337,0.6000000000000001,0.7000000000000001,0.6000000000000001,0.9833333333333333,100.0,Placed,A,A
0.8,0.33333333333333337,0.8,0.20000000000000004,0.8500000000000001,0.9333333333333332,100.0,Placed,A,A
0.30000000000000004,0.2333333333333334,0.0,0.4,0.05,0.5833333333333334,66.61,Not Placed,C,B
0.20000000000000004,0.85,0.6000000000000001,1.0,0.4,0.06666666666666665,72.33,Placed,B,F
0.30000000000000004,0.1166666666666667,1.0,0.1,0.5,0.2833333333333333,96.83,Placed,A,D
0.30000000000000004,0.5499999999999999,0.0,0.7000000000000001,0.9500000000000001,0.11666666666666659,77.82,Placed,B,F
0.9,0.65,0.6000000000000001,0.30000000000000004,0.5,0.19999999999999996,100.0,Placed,A,F
1.0,0.0,0.8,1.0,0.25,0.6666666666666666,99.29,Placed,A,B
0.1,0.5166666666666667,0.8,0.9,0.0,0.1499999999999999,49.42,Not Placed,F,F
0.0,0.9500000000000001,0.0,0.5000000000000001,0.2,0.5833333333333334,49.58,Not Placed,F,B
0.9,0.7999999999999999,0.40000000000000013,0.20000000000000004,0.65,0.29999999999999993,100.0,Placed,A,D
0.0,0.8333333333333334,0.8,1.0,0.75,0.4999999999999999,72.46,Placed,B,C
0.7000000000000001,0.06666666666666665,0.40000000000000013,0.7000000000000001,0.4,0.5833333333333334,100.0,Placed,A,B
0.1,0.4833333333333333,0.6000000000000001,0.7000000000000001,0.9,0.4666666666666667,77.03,Placed,B,C
0.9,0.35,0.40000000000000013,0.20000000000000004,0.9500000000000001,0.7333333333333333,100.0,Placed,A,B
0.4,0.31666666666666665,0.0,0.8,0.35000000000000003,0.3666666666666666,68.72,Not Placed,C,D
0.30000000000000004,0.25,0.19999999999999996,0.9,0.35000000000000003,0.5166666666666667,72.39,Placed,B,C
0.7000000000000001,0.09999999999999998,0.19999999999999996,0.4,0.75,0.7999999999999999,100.0,Placed,A,A
0.1,0.09999999999999998,0.0,0.9,0.8500000000000001,0.9666666666666667,83.64,Placed,A,A
0.9,0.8166666666666668,0.19999999999999996,0.8,0.35000000000000003,0.16666666666666663,85.6,Placed,A,F
0.8,0.8166666666666668,0.0,0.6000000000000001,0.4,0.016666666666666607,85.96,Placed,A,F
0.6000000000000001,0.01666666666666672,0.8,0.9,0.2,0.5166666666666667,62.83,Not Placed,C,C
0.6000000000000001,0.7666666666666667,0.40000000000000013,0.20000000000000004,0.05,0.9499999999999998,100.0,Placed,A,A
0.0,0.21666666666666667,0.19999999999999996,0.5000000000000001,1.0,0.06666666666666665,60.6,Not Placed,C,F
0.1,0.5000000000000001,0.8,0.9,0.65,0.9333333333333332,100.0,Placed,A,A
0.30000000000000004,0.8166666666666668,0.19999999999999996,0.1,0.8500000000000001,0.4999999999999999,82.02,Placed,A,C
0.30000000000000004,1.0,0.6000000000000001,0.5000000000000001,0.6000000000000001,0.19999999999999996,100.0,Placed,A,F
1.0,0.6666666666666666,0.0,0.4,0.55,0.35,100.0,Placed,A,D
0.20000000000000004,0.21666666666666667,0.0,0.20000000000000004,0.7000000000000001,0.5666666666666665,77.84,Placed,B,C
0.6000000000000001,0.06666666666666665,0.8,0.6000000000000001,1.0,0.29999999999999993,100.0,Placed,A,D
0.7000000000000001,0.16666666666666674,0.6000000000000001,1.0,0.7000000000000001,0.4666666666666667,100.0,Placed,A,C
0.1,0.65,0.40000000000000013,0.30000000000000004,0.0,0.3666666666666666,80.56,Placed,A,D
0.30000000000000004,0.06666666666666665,0.6000000000000001,1.0,0.30000000000000004,0.29999999999999993,60.16,Not Placed,C,D
0.20000000000000004,0.4666666666666667,0.6000000000000001,0.5000000000000001,0.6000000000000001,0.25,57.25,Not Placed,D,D
0.1,0.16666666666666674,1.0,0.8,0.8500000000000001,0.4999999999999999,80.86,Placed,A,C
0.5000000000000001,0.06666666666666665,0.40000000000000013,0.5000000000000001,0.0,0.25,56.7,Not Placed,D,D
0.30000000000000004,0.7999999999999999,0.40000000000000013,0.30000000000000004,0.5,0.41666666666666663,95.16,Placed,A,C
0.5000000000000001,0.8833333333333334,0.6000000000000001,0.9,0.6000000000000001,0.033333333333333326,82.57,Placed,A,F
0.1,0.5166666666666667,0.19999999999999996,0.1,0.9500000000000001,0.9499999999999998,90.88,Placed,A,A
0.30000000000000004,0.5833333333333334,1.0,0.8,0.4,0.9833333333333333,90.07,Placed,A,A
1.0,0.2333333333333334,0.19999999999999996,0.30000000000000004,0.75,0.3666666666666666,100.0,Placed,A,D
0.5000000000000001,0.30000000000000004,0.6000000000000001,0.30000000000000004,0.5,0.9333333333333332,100.0,Placed,A,A
0.4,0.35,0.19999999999999996,0.1,0.1,0.1333333333333333,75.93,Placed,B,F
0.20000000000000004,0.5499999999999999,0.40000000000000013,0.4,0.8,0.8333333333333334,93.76,Placed,A,A
0.7000000000000001,0.9166666666666666,0.40000000000000013,0.5000000000000001,0.05,0.3833333333333333,100.0,Placed,A,D
0.6000000000000001,0.2666666666666667,0.19999999999999996,0.9,0.4,0.5333333333333333,72.91,Placed,B,C
0.20000000000000004,0.18333333333333335,0.40000000000000013,0.5000000000000001,0.4,0.21666666666666667,55.73,Not Placed,D,F
0.5000000000000001,0.4,0.0,0.20000000000000004,0.75,0.44999999999999984,100.0,Placed,A,C
0.30000000000000004,0.9166666666666666,0.40000000000000013,0.8,0.0,0.3833333333333333,82.11,Placed,A,D
1.0,0.2666666666666667,0.6000000000000001,0.6000000000000001,0.8,0.6999999999999998,100.0,Placed,A,B
0.4,0.15000000000000002,0.8,0.20000000000000004,0.45,0.8166666666666665,100.0,Placed,A,A
1.0,0.45000000000000007,0.19999999999999996,0.30000000000000004,0.9500000000000001,0.85,100.0,Placed,A,A
0.4,0.9333333333333335,1.0,0.6000000000000001,0.2,0.09999999999999998,91.44,Placed,A,F
0.6000000000000001,0.2833333333333333,0.19999999999999996,1.0,0.35000000000000003,0.6166666666666666,91.57,Placed,A,B
1.0,0.8333333333333334,0.40000000000000013,0.7000000000000001,0.6000000000000001,0.7166666666666667,100.0,Placed,A,B
0.4,0.2833333333333333,0.40000000000000013,0.5000000000000001,1.0,0.3999999999999999,100.0,Placed,A,D
1.0,0.7333333333333333,0.8,0.30000000000000004,0.2,0.9166666666666666,100.0,Placed,A,A
0.20000000000000004,0.5166666666666667,0.8,0.1,0.15000000000000002,0.016666666666666607,63.32,Not Placed,C,F
0.9,0.21666666666666667,1.0,0.9,0.35000000000000003,0.7333333333333333,100.0,Placed,A,B
0.4,0.9166666666666666,0.6000000000000001,0.7000000000000001,0.30000000000000004,0.85,95.04,Placed,A,A
0.6000000000000001,0.25,0.0,0.0,0.2,0.0,68.7,Not Placed,C,F
0.4,0.8166666666666668,0.6000000000000001,0.8,0.45,0.3666666666666666,84.33,Placed,A,D
0.4,0.9500000000000001,1.0,0.7000000000000001,0.8,0.7666666666666667,100.0,Placed,A,A
0.8,0.2833333333333333,0.19999999999999996,0.20000000000000004,0.25,0.85,88.45,Placed,A,A
0.20000000000000004,0.25,0.40000000000000013,0.9,0.45,0.65,82.4,Placed,A,B
0.5000000000000001,0.2666666666666667,0.6000000000000001,0.30000000000000004,0.75,0.2833333333333333,93.22,Placed,A,D
0.0,0.09999999999999998,0.40000000000000013,0.9,0.45,0.7666666666666667,48.98,Not Placed,F,A
0.9,0.18333333333333335,0.40000000000000013,0.30000000000000004,0.15000000000000002,0.11666666666666659,89.74,Placed,A,F
0.4,0.5499999999999999,0.6000000000000001,0.1,0.05,0.5499999999999999,66.67,Not Placed,C,C
0.7000000000000001,0.15000000000000002,0.6000000000000001,1.0,0.0,0.6999999999999998,79.17,Placed,B,B
0.4,0.06666666666666665,0.8,0.9,0.1,0.11666666666666659,78.2,Placed,B,F
0.8,0.33333333333333337,1.0,0.4,0.6000000000000001,0.4666666666666667,100.0,Placed,A,C
1.0,0.033333333333333326,1.0,0.20000000000000004,0.55,0.19999999999999996,100.0,Placed,A,F
0.5000000000000001,0.30000000000000004,0.0,1.0,0.0,0.0,58.06,Not Placed,D,F
0.7000000000000001,0.7333333333333333,0.8,0.0,1.0,0.4666666666666667,100.0,Placed,A,C
0.9,0.7166666666666667,0.0,0.1,0.45,0.8166666666666665,100.0,Placed,A,A
0.7000000000000001,0.5666666666666668,0.6000000000000001,1.0,0.25,0.6,86.35,Placed,A,B
0.20000000000000004,0.08333333333333337,1.0,0.6000000000000001,0.4,0.0,65.85,Not Placed,C,F
0.6000000000000001,0.21666666666666667,1.0,0.0,0.0,0.7166666666666667,86.21,Placed,A,B
0.6000000000000001,0.050000000000000044,0.0,0.1,0.55,0.06666666666666665,83.27,Placed,A,F
0.9,0.7333333333333333,0.19999999999999996,0.9,0.2,0.8666666666666666,100.0,Placed,A,A
0.5000000000000001,0.8333333333333334,0.8,0.6000000000000001,0.0,0.7833333333333333,99.04,Placed,A,A
0.6000000000000001,0.2833333333333333,0.8,0.0,0.05,0.9,100.0,Placed,A,A
0.1,0.4666666666666667,0.8,0.6000000000000001,0.65,0.8166666666666665,93.45,Placed,A,A
0.8,0.5666666666666668,1.0,0.7000000000000001,0.05,0.016666666666666607,74.81,Placed,B,F
0.9,0.85,0.40000000000000013,1.0,0.2,0.7666666666666667,89.42,Placed,A,A
0.9,0.6166666666666666,1.0,0.1,0.45,0.9833333333333333,100.0,Placed,A,A
0.0,0.25,0.40000000000000013,0.30000000000000004,0.9500000000000001,0.35,68.87,Not Placed,C,D
0.0,0.31666666666666665,1.0,0.6000000000000001,0.25,0.4833333333333333,94.32,Placed,A,C
0.20000000000000004,0.3833333333333334,0.6000000000000001,0.0,0.2,0.16666666666666663,74.29,Placed,B,F
0.20000000000000004,0.5666666666666668,1.0,0.5000000000000001,0.05,0.4666666666666667,73.96,Placed,B,C
0.0,0.7166666666666667,0.6000000000000001,0.4,0.4,0.6833333333333332,73.77,Placed,B,B
0.6000000000000001,0.8333333333333334,0.40000000000000013,1.0,0.45,0.033333333333333326,91.48,Placed,A,F
0.30000000000000004,0.30000000000000004,0.8,0.5000000000000001,0.35000000000000003,0.7333333333333333,82.37,Placed,A,B
0.9,0.9166666666666666,0.40000000000000013,0.7000000000000001,0.25,0.19999999999999996,100.0,Placed,A,F
0.1,0.050000000000000044,0.0,1.0,0.2,0.9166666666666666,63.69,Not Placed,C,A
0.9,0.5333333333333333,0.8,1.0,1.0,0.033333333333333326,100.0,Placed,A,F
0.4,0.01666666666666672,1.0,0.0,0.8500000000000001,0.1499999999999999,92.88,Placed,A,F
0.5000000000000001,0.20000000000000007,1.0,0.20000000000000004,0.9500000000000001,0.04999999999999993,87.55,Placed,A,F
0.8,0.9500000000000001,1.0,1.0,0.8500000000000001,0.21666666666666667,100.0,Placed,A,F
0.30000000000000004,1.0,1.0,0.8,0.05,0.9999999999999999,100.0,Placed,A,A
0.1,0.7333333333333333,1.0,0.7000000000000001,0.55,0.3666666666666666,88.44,Placed,A,D
0.4,0.4833333333333333,0.40000000000000013,0.30000000000000004,0.35000000000000003,0.2666666666666666,81.98,Placed,A,D
0.20000000000000004,0.5499999999999999,0.6000000000000001,1.0,0.15000000000000002,0.0,61.35,Not Placed,C,F
0.1,0.4833333333333333,0.40000000000000013,0.9,0.9500000000000001,0.9333333333333332,81.62,Placed,A,A
0.0,0.8333333333333334,0.19999999999999996,0.8,0.15000000000000002,0.23333333333333328,52.7,Not Placed,D,F
0.9,0.8833333333333334,0.40000000000000013,0.6000000000000001,0.4,0.9833333333333333,100.0,Placed,A,A
0.1,0.3833333333333334,0.8,0.1,0.4,0.8833333333333332,76.99,Placed,B,A
0.5000000000000001,0.7833333333333333,1.0,0.0,0.55,0.8666666666666666,100.0,Placed,A,A
0.7000000000000001,0.7166666666666667,0.40000000000000013,0.0,0.65,0.016666666666666607,100.0,Placed,A,F
0.20000000000000004,0.5333333333333333,0.6000000000000001,0.20000000000000004,0.1,0.2833333333333333,69.44,Not Placed,C,D
1.0,0.6666666666666666,1.0,0.9,0.25,0.6333333333333332,100.0,Placed,A,B
0.8,0.7999999999999999,0.0,0.1,0.7000000000000001,0.35,100.0,Placed,A,D
0.8,0.15000000000000002,0.19999999999999996,0.30000000000000004,0.9,0.44999999999999984,100.0,Placed,A,C
0.1,0.2833333333333333,0.8,0.7000000000000001,0.15000000000000002,0.4833333333333333,47.98,Not Placed,F,C
0.7000000000000001,0.30000000000000004,0.6000000000000001,0.4,0.0,0.19999999999999996,74.35,Placed,B,F
0.9,0.09999999999999998,0.19999999999999996,0.4,0.4,0.9166666666666666,99.83,Placed,A,A
1.0,0.9333333333333335,0.40000000000000013,0.5000000000000001,0.75,0.033333333333333326,100.0,Placed,A,F
0.4,0.30000000000000004,0.19999999999999996,0.4,0.4,0.033333333333333326,68.75,Not Placed,C,F
0.30000000000000004,0.3833333333333334,1.0,0.4,0.55,0.7333333333333333,91.29,Placed,A,B
0.9,0.2333333333333334,1.0,0.6000000000000001,0.65,0.8666666666666666,100.0,Placed,A,A
0.4,0.6666666666666666,0.0,0.5000000000000001,0.7000000000000001,0.41666666666666663,84.26,Placed,A,C
0.30000000000000004,0.6833333333333335,0.19999999999999996,0.9,1.0,0.04999999999999993,82.18,Placed,A,F
0.7000000000000001,0.3666666666666666,0.19999999999999996,1.0,0.75,0.25,78.93,Placed,B,D
0.30000000000000004,0.85,1.0,0.1,0.35000000000000003,0.44999999999999984,97.71,Placed,A,C
0.9,0.85,0.40000000000000013,0.0,0.45,0.11666666666666659,100.0,Placed,A,F
0.5000000000000001,0.050000000000000044,0.40000000000000013,0.0,0.65,0.8833333333333332,93.65,Placed,A,A
0.1,0.6166666666666666,0.8,0.30000000000000004,0.8,0.65,100.0,Placed,A,B
0.4,0.050000000000000044,0.40000000000000013,0.1,0.1,0.25,79.37,Placed,B,D
0.5000000000000001,0.06666666666666665,0.19999999999999996,0.5000000000000001,0.15000000000000002,0.4999999999999999,69.79,Not Placed,C,C
0.4,0.6666666666666666,0.0,0.8,0.75,0.3666666666666666,84.39,Placed,A,D
0.1,0.7166666666666667,0.40000000000000013,0.9,0.65,0.016666666666666607,63.61,Not Placed,C,F
0.6000000000000001,0.3666666666666666,1.0,1.0,0.65,0.1333333333333333,82.85,Placed,A,F
0.30000000000000004,0.65,1.0,0.9,0.75,0.43333333333333324,83.24,Placed,A,C
0.7000000000000001,0.8666666666666666,0.8,0.7000000000000001,0.35000000000000003,0.7333333333333333,100.0,Placed,A,B
0.6000000000000001,0.6,0.8,0.30000000000000004,0.8500000000000001,0.8833333333333332,100.0,Placed,A,A
0.6000000000000001,1.0,0.19999999999999996,0.1,0.30000000000000004,0.9666666666666667,85.8,Placed,A,A
0.8,0.16666666666666674,0.40000000000000013,0.0,0.1,0.9666666666666667,100.0,Placed,A,A
0.0,0.9,0.40000000000000013,0.6000000000000001,0.25,0.35,82.67,Placed,A,D
0.9,0.16666666666666674,0.8,0.9,0.9500000000000001,0.7166666666666667,100.0,Placed,A,B
0.5000000000000001,0.20000000000000007,0.40000000000000013,0.20000000000000004,0.75,0.5499999999999999,84.7,Placed,A,C
0.5000000000000001,0.21666666666666667,0.19999999999999996,0.5000000000000001,0.15000000000000002,0.1333333333333333,87.39,Placed,A,F
0.5000000000000001,0.9833333333333333,0.0,0.4,0.9,0.5333333333333333,100.0,Placed,A,C
0.5000000000000001,0.1166666666666667,1.0,0.4,0.05,0.6166666666666666,76.73,Placed,B,B
0.9,0.4,0.19999999999999996,0.1,0.15000000000000002,0.9166666666666666,100.0,Placed,A,A
0.6000000000000001,0.2833333333333333,0.40000000000000013,0.8,0.05,0.5499999999999999,65.04,Not Placed,C,C
0.9,0.8333333333333334,0.19999999999999996,1.0,0.30000000000000004,0.5666666666666665,79.63,Placed,B,C
0.5000000000000001,0.7166666666666667,1.0,0.30000000000000004,0.7000000000000001,0.9499999999999998,100.0,Placed,A,A
0.0,0.7166666666666667,0.6000000000000001,0.9,0.8,0.7666666666666667,94.5,Placed,A,A
0.20000000000000004,0.2833333333333333,1.0,0.0,0.65,0.41666666666666663,100.0,Placed,A,C
0.1,0.15000000000000002,1.0,0.1,0.5,0.09999999999999998,62.57,Not Placed,C,F
0.5000000000000001,0.09999999999999998,0.6000000000000001,0.8,0.8,0.7333333333333333,84.95,Placed,A,B
0.7000000000000001,0.9833333333333333,0.40000000000000013,0.6000000000000001,0.2,0.7833333333333333,100.0,Placed,A,A
0.20000000000000004,0.8166666666666668,0.40000000000000013,0.9,0.65,0.7333333333333333,89.69,Placed,A,B
0.9,0.7166666666666667,0.0,0.1,0.8,0.43333333333333324,100.0,Placed,A,C
0.7000000000000001,0.21666666666666667,1.0,0.6000000000000001,0.9500000000000001,0.18333333333333324,100.0,Placed,A,F
0.7000000000000001,0.2333333333333334,0.19999999999999996,0.30000000000000004,1.0,0.2666666666666666,100.0,Placed,A,D
0.4,0.25,0.0,0.9,0.05,0.33333333333333326,69.76,Not Placed,C,D
0.7000000000000001,0.01666666666666672,0.40000000000000013,0.1,0.30000000000000004,0.6999999999999998,100.0,Placed,A,B
0.5000000000000001,0.4833333333333333,0.40000000000000013,0.30000000000000004,0.15000000000000002,0.35,64.16,Not Placed,C,D
0.4,0.4833333333333333,0.8,0.4,0.35000000000000003,0.41666666666666663,81.26,Placed,A,C
0.8,0.2833333333333333,0.0,0.30000000000000004,0.0,0.6333333333333332,88.06,Placed,A,B
0.6000000000000001,0.5000000000000001,0.40000000000000013,0.20000000000000004,0.45,0.19999999999999996,63.51,Not Placed,C,F
0.7000000000000001,0.7166666666666667,0.6000000000000001,0.5000000000000001,0.0,0.6833333333333332,87.44,Placed,A,B
0.0,0.7833333333333333,0.8,0.0,0.0,0.6833333333333332,72.08,Placed,B,B
1.0,0.20000000000000007,0.19999999999999996,0.7000000000000001,0.15000000000000002,0.7333333333333333,88.26,Placed,A,B
0.1,0.31666666666666665,0.8,0.4,0.8,0.3666666666666666,100.0,Placed,A,D
0.7000000000000001,0.7999999999999999,1.0,0.7000000000000001,0.2,0.8333333333333334,100.0,Placed,A,A
0.8,0.8166666666666668,1.0,0.9,0.65,0.4833333333333333,100.0,Placed,A,C
0.30000000000000004,0.5666666666666668,0.19999999999999996,0.30000000000000004,0.25,0.9,68.11,Not Placed,C,A
0.9,0.3666666666666666,0.6000000000000001,0.30000000000000004,0.30000000000000004,0.2666666666666666,91.9,Placed,A,D
1.0,0.6833333333333335,0.19999999999999996,0.4,0.35000000000000003,0.43333333333333324,100.0,Placed,A,C
0.9,0.5333333333333333,0.0,0.4,0.8500000000000001,0.31666666666666665,100.0,Placed,A,D
0.8,0.6166666666666666,0.19999999999999996,1.0,0.15000000000000002,0.09999999999999998,72.82,Placed,B,F
0.30000000000000004,0.5666666666666668,0.19999999999999996,0.5000000000000001,0.1,0.9,66.59,Not Placed,C,A
0.9,0.8333333333333334,0.8,0.4,0.15000000000000002,0.04999999999999993,98.36,Placed,A,F
0.9,0.5833333333333334,0.6000000000000001,0.4,0.75,0.7999999999999999,100.0,Placed,A,A
0.9,1.0,0.19999999999999996,0.7000000000000001,0.6000000000000001,0.4999999999999999,100.0,Placed,A,C
0.8,0.31666666666666665,0.0,0.5000000000000001,0.5,0.4833333333333333,83.32,Placed,A,C
1.0,0.9,0.8,0.1,0.5,0.4999999999999999,100.0,Placed,A,C
0.6000000000000001,0.033333333333333326,0.6000000000000001,0.30000000000000004,0.2,0.9166666666666666,87.69,Placed,A,A
0.1,0.1166666666666667,0.6000000000000001,0.30000000000000004,0.9500000000000001,0.04999999999999993,77.38,Placed,B,F
0.8,0.65,0.40000000000000013,0.4,0.0,0.2833333333333333,94.41,Placed,A,D
0.30000000000000004,0.9666666666666667,1.0,0.5000000000000001,0.65,0.31666666666666665,100.0,Placed,A,D
0.7000000000000001,0.5166666666666667,0.0,1.0,0.9500000000000001,0.65,100.0,Placed,A,B
0.6000000000000001,0.4666666666666667,1.0,0.4,0.9,0.65,100.0,Placed,A,B
0.6000000000000001,0.09999999999999998,0.8,1.0,0.2,0.8666666666666666,94.14,Placed,A,A
0.7000000000000001,0.01666666666666672,0.8,0.5000000000000001,0.9500000000000001,0.7833333333333333,100.0,Placed,A,A
0.0,0.33333333333333337,0.0,0.7000000000000001,0.25,0.7666666666666667,72.31,Placed,B,A
0.4,0.08333333333333337,0.6000000000000001,0.30000000000000004,0.9,0.8166666666666665,100.0,Placed,A,A
0.1,0.45000000000000007,0.19999999999999996,1.0,0.55,0.3666666666666666,72.62,Placed,B,D
0.1,0.7833333333333333,0.0,0.20000000000000004,0.65,0.8333333333333334,93.71,Placed,A,A
0.0,0.6833333333333335,0.8,0.8,0.8,0.6166666666666666,93.18,Placed,A,B
0.4,0.5833333333333334,1.0,0.20000000000000004,0.30000000000000004,0.1333333333333333,78.53,Placed,B,F
0.1,0.5166666666666667,0.0,1.0,1.0,0.9999999999999999,74.49,Placed,B,A
0.30000000000000004,0.7333333333333333,0.6000000000000001,0.7000000000000001,0.0,0.25,80.11,Placed,A,D
0.20000000000000004,0.6833333333333335,0.40000000000000013,0.9,0.8,0.33333333333333326,84.24,Placed,A,D
0.20000000000000004,0.8666666666666666,0.40000000000000013,0.4,0.25,0.1333333333333333,71.99,Placed,B,F
0.1,0.7500000000000001,0.19999999999999996,0.8,0.15000000000000002,0.85,80.59,Placed,A,A
0.5000000000000001,0.13333333333333341,0.19999999999999996,0.20000000000000004,0.65,0.3999999999999999,81.27,Placed,A,D
0.1,0.16666666666666674,0.6000000000000001,0.9,0.35000000000000003,0.7999999999999999,67.63,Not Placed,C,A
0.7000000000000001,0.3666666666666666,1.0,0.9,0.8500000000000001,0.5833333333333334,100.0,Placed,A,B
0.7000000000000001,0.8166666666666668,0.19999999999999996,0.7000000000000001,0.9500000000000001,0.7666666666666667,100.0,Placed,A,A
0.4,0.16666666666666674,0.40000000000000013,0.6000000000000001,0.6000000000000001,0.6999999999999998,83.49,Placed,A,B
0.9,0.7999999999999999,0.6000000000000001,0.6000000000000001,0.35000000000000003,0.21666666666666667,96.16,Placed,A,F
0.6000000000000001,0.01666666666666672,0.6000000000000001,1.0,0.75,0.2666666666666666,87.87,Placed,A,D
0.30000000000000004,0.033333333333333326,0.6000000000000001,0.9,0.2,0.44999999999999984,42.78,Not Placed,F,C
0.0,0.16666666666666674,0.0,0.8,0.1,0.7333333333333333,63.98,Not Placed,C,B
1.0,0.8166666666666668,1.0,0.7000000000000001,0.6000000000000001,0.6666666666666666,100.0,Placed,A,B
0.1,0.9666666666666667,1.0,0.20000000000000004,0.7000000000000001,0.9166666666666666,100.0,Placed,A,A
0.9,0.5666666666666668,0.19999999999999996,0.5000000000000001,0.15000000000000002,0.7833333333333333,100.0,Placed,A,A
0.9,0.9500000000000001,1.0,1.0,0.1,0.11666666666666659,90.73,Placed,A,F
0.30000000000000004,0.2333333333333334,0.8,0.5000000000000001,0.05,0.21666666666666667,66.04,Not Placed,C,F
0.0,0.7000000000000001,0.40000000000000013,0.4,0.15000000000000002,0.23333333333333328,47.87,Not Placed,F,F
0.7000000000000001,0.16666666666666674,0.19999999999999996,0.20000000000000004,0.25,0.6333333333333332,84.62,Placed,A,B
0.8,0.5000000000000001,1.0,0.8,0.15000000000000002,0.3999999999999999,89.88,Placed,A,D
0.30000000000000004,0.45000000000000007,0.40000000000000013,0.6000000000000001,0.8,0.9666666666666667,100.0,Placed,A,A
0.9,0.45000000000000007,0.19999999999999996,0.30000000000000004,0.30000000000000004,0.16666666666666663,88.9,Placed,A,F
0.20000000000000004,0.5166666666666667,0.8,0.5000000000000001,0.8500000000000001,0.4666666666666667,91.18,Placed,A,C
0.1,0.4,0.40000000000000013,0.4,0.45,0.033333333333333326,69.79,Not Placed,C,F
0.4,0.31666666666666665,0.8,0.0,0.8,0.6333333333333332,100.0,Placed,A,B
0.20000000000000004,0.45000000000000007,0.40000000000000013,0.1,0.15000000000000002,0.35,91.98,Placed,A,D
0.9,0.4,0.0,0.0,0.9,0.6,100.0,Placed,A,B
0.6000000000000001,0.16666666666666674,0.0,0.8,0.30000000000000004,0.6666666666666666,66.35,Not Placed,C,B
1.0,0.30000000000000004,0.40000000000000013,0.8,0.6000000000000001,0.31666666666666665,100.0,Placed,A,D
0.5000000000000001,0.45000000000000007,0.40000000000000013,0.4,0.1,0.29999999999999993,76.92,Placed,B,D
0.0,0.0,0.8,0.7000000000000001,0.35000000000000003,0.19999999999999996,65.02,Not Placed,C,F
0.7000000000000001,0.9666666666666667,1.0,0.9,0.5,0.43333333333333324,96.75,Placed,A,C
0.1,0.06666666666666665,0.6000000000000001,0.30000000000000004,0.75,0.29999999999999993,69.22,Not Placed,C,D
0.4,0.15000000000000002,0.40000000000000013,0.0,0.9500000000000001,0.25,95.34,Placed,A,D
0.8,0.6833333333333335,0.19999999999999996,0.30000000000000004,0.9,0.016666666666666607,100.0,Placed,A,F
0.7000000000000001,0.7500000000000001,0.19999999999999996,0.6000000000000001,0.4,0.0,84.34,Placed,A,F
0.1,0.5499999999999999,0.19999999999999996,1.0,0.45,0.033333333333333326,39.16,Not Placed,F,F
0.8,0.5833333333333334,0.0,0.1,0.25,0.3833333333333333,93.65,Placed,A,D
0.4,0.01666666666666672,1.0,0.1,0.1,0.7166666666666667,85.51,Placed,A,B
0.9,0.2833333333333333,0.8,0.5000000000000001,0.9500000000000001,0.6166666666666666,100.0,Placed,A,B
0.5000000000000001,0.20000000000000007,1.0,0.8,0.35000000000000003,0.016666666666666607,81.5,Placed,A,F
0.20000000000000004,0.8333333333333334,0.0,0.20000000000000004,0.25,0.9166666666666666,96.74,Placed,A,A
0.20000000000000004,0.06666666666666665,1.0,0.6000000000000001,0.35000000000000003,0.25,67.48,Not Placed,C,D
0.9,0.31666666666666665,1.0,0.9,0.65,0.4666666666666667,100.0,Placed,A,C
0.7000000000000001,0.01666666666666672,0.19999999999999996,0.8,0.35000000000000003,0.6,85.98,Placed,A,B
1.0,0.16666666666666674,0.40000000000000013,1.0,0.5,0.7166666666666667,100.0,Placed,A,B
0.9,0.4833333333333333,0.19999999999999996,0.8,0.45,0.04999999999999993,89.59,Placed,A,F
0.9,0.5166666666666667,1.0,1.0,0.45,0.21666666666666667,91.34,Placed,A,F
0.1,0.5166666666666667,0.40000000000000013,0.30000000000000004,0.5,0.2666666666666666,80.34,Placed,A,D
1.0,0.9500000000000001,0.8,0.1,0.0,0.7166666666666667,100.0,Placed,A,B
0.1,0.8166666666666668,0.6000000000000001,0.0,0.7000000000000001,0.7333333333333333,96.11,Placed,A,B
0.4,0.6166666666666666,0.40000000000000013,0.5000000000000001,0.2,0.2666666666666666,75.85,Placed,B,D
0.5000000000000001,0.9,0.0,0.4,0.65,0.31666666666666665,86.08,Placed,A,D
0.1,0.45000000000000007,0.19999999999999996,0.5000000000000001,0.9500000000000001,0.9833333333333333,78.13,Placed,B,A
0.4,0.15000000000000002,0.19999999999999996,0.6000000000000001,0.35000000000000003,0.7666666666666667,63.93,Not Placed,C,A
0.6000000000000001,0.35,1.0,0.8,0.8,0.4666666666666667,100.0,Placed,A,C
0.9,0.9,1.0,0.9,0.15000000000000002,0.6666666666666666,100.0,Placed,A,B
0.9,0.2666666666666667,1.0,0.9,0.15000000000000002,0.41666666666666663,95.5,Placed,A,C
0.7000000000000001,0.35,1.0,1.0,0.8500000000000001,0.6833333333333332,100.0,Placed,A,B
0.6000000000000001,0.7000000000000001,0.19999999999999996,0.5000000000000001,0.9,0.6166666666666666,100.0,Placed,A,B
0.7000000000000001,0.30000000000000004,0.40000000000000013,0.5000000000000001,0.1,0.2666666666666666,71.16,Placed,B,D
0.8,0.2666666666666667,0.8,0.20000000000000004,0.4,0.18333333333333324,99.72,Placed,A,F
0.4,0.3833333333333334,0.40000000000000013,0.7000000000000001,0.30000000000000004,0.9166666666666666,82.42,Placed,A,A
0.4,0.5833333333333334,0.0,0.8,0.05,0.44999999999999984,62.77,Not Placed,C,C
1.0,0.5166666666666667,0.19999999999999996,0.0,0.4,0.1333333333333333,100.0,Placed,A,F
0.9,0.9500000000000001,0.40000000000000013,0.5000000000000001,0.25,0.5166666666666667,100.0,Placed,A,C
0.30000000000000004,0.9166666666666666,0.19999999999999996,0.6000000000000001,0.25,0.5499999999999999,76.63,Placed,B,C
0.8,0.9500000000000001,0.0,1.0,0.75,0.25,94.22,Placed,A,D
0.4,0.7500000000000001,0.6000000000000001,0.7000000000000001,0.05,0.7833333333333333,98.07,Placed,A,A
0.1,0.9666666666666667,0.6000000000000001,0.9,0.75,0.8833333333333332,96.66,Placed,A,A
0.9,0.85,0.6000000000000001,1.0,0.1,0.4999999999999999,85.65,Placed,A,C
0.7000000000000001,0.5833333333333334,0.19999999999999996,0.7000000000000001,0.75,0.9,100.0,Placed,A,A
0.6000000000000001,0.45000000000000007,0.40000000000000013,0.6000000000000001,0.55,0.43333333333333324,75.09,Placed,B,C
0.7000000000000001,0.21666666666666667,0.19999999999999996,0.7000000000000001,0.1,0.4666666666666667,50.38,Not Placed,D,C
0.20000000000000004,0.9500000000000001,0.8,1.0,0.5,0.0,82.45,Placed,A,F
0.30000000000000004,0.5833333333333334,0.40000000000000013,0.8,0.5,0.43333333333333324,70.3,Placed,B,C
0.4,0.08333333333333337,0.0,0.9,0.75,0.8666666666666666,74.61,Placed,B,A
0.5000000000000001,0.13333333333333341,1.0,0.6000000000000001,0.2,0.5166666666666667,74.74,Placed,B,C
0.0,0.33333333333333337,0.6000000000000001,0.20000000000000004,0.9500000000000001,0.9666666666666667,94.73,Placed,A,A
0.30000000000000004,0.18333333333333335,0.40000000000000013,0.8,0.35000000000000003,0.16666666666666663,55.06,Not Placed,D,F
1.0,1.0,0.40000000000000013,0.0,0.5,0.8666666666666666,100.0,Placed,A,A
0.9,0.9500000000000001,0.6000000000000001,0.7000000000000001,0.5,0.5666666666666665,100.0,Placed,A,C
0.4,0.4833333333333333,0.0,0.5000000000000001,0.8500000000000001,0.016666666666666607,79.0,Placed,B,F
0.6000000000000001,0.5000000000000001,0.19999999999999996,1.0,0.9,0.7499999999999999,100.0,Placed,A,A
0.4,0.65,0.19999999999999996,0.20000000000000004,0.45,0.0,73.95,Placed,B,F
0.0,0.9166666666666666,1.0,0.8,0.15000000000000002,0.08333333333333326,59.78,Not Placed,D,F
1.0,0.050000000000000044,0.40000000000000013,0.5000000000000001,0.45,0.09999999999999998,82.45,Placed,A,F
0.6000000000000001,0.5000000000000001,0.6000000000000001,0.6000000000000001,0.65,0.016666666666666607,94.98,Placed,A,F
0.7000000000000001,0.43333333333333346,0.8,1.0,0.25,0.016666666666666607,93.15,Placed,A,F
0.6000000000000001,0.9500000000000001,0.0,0.1,0.2,0.7666666666666667,100.0,Placed,A,A
1.0,0.9333333333333335,0.19999999999999996,0.0,0.7000000000000001,0.8666666666666666,100.0,Placed,A,A
0.30000000000000004,0.4,0.0,0.0,0.2,0.06666666666666665,65.41,Not Placed,C,F
0.7000000000000001,0.06666666666666665,0.0,0.20000000000000004,0.25,0.19999999999999996,80.67,Placed,A,F
0.4,0.08333333333333337,1.0,1.0,0.9,0.29999999999999993,100.0,Placed,A,D
0.9,0.06666666666666665,0.0,0.20000000000000004,0.9500000000000001,0.29999999999999993,100.0,Placed,A,D
0.8,0.8333333333333334,0.6000000000000001,0.7000000000000001,0.8,0.7666666666666667,100.0,Placed,A,A
0.9,0.43333333333333346,1.0,0.6000000000000001,0.65,0.0,91.35,Placed,A,F
0.4,0.1166666666666667,0.6000000000000001,0.9,0.5,0.5666666666666665,75.71,Placed,B,C
0.0,0.13333333333333341,1.0,0.7000000000000001,0.65,0.9333333333333332,78.49,Placed,B,A
0.8,0.2333333333333334,0.6000000000000001,0.0,0.2,0.2833333333333333,97.27,Placed,A,D
0.4,0.5833333333333334,1.0,0.30000000000000004,0.6000000000000001,0.7999999999999999,100.0,Placed,A,A
0.5000000000000001,0.9333333333333335,1.0,0.7000000000000001,0.55,0.9333333333333332,100.0,Placed,A,A
0.30000000000000004,0.6666666666666666,0.40000000000000013,0.9,0.9,0.5166666666666667,82.82,Placed,A,C
0.5000000000000001,0.09999999999999998,0.6000000000000001,0.1,0.45,0.5166666666666667,85.08,Placed,A,C
0.7000000000000001,0.5166666666666667,0.40000000000000013,0.6000000000000001,0.6000000000000001,0.8666666666666666,100.0,Placed,A,A
0.20000000000000004,0.1166666666666667,1.0,0.7000000000000001,0.7000000000000001,0.11666666666666659,74.08,Placed,B,F
0.4,0.7666666666666667,0.19999999999999996,0.8,0.9500000000000001,0.16666666666666663,96.2,Placed,A,F
0.1,0.8333333333333334,1.0,0.6000000000000001,0.6000000000000001,0.31666666666666665,84.34,Placed,A,D
0.1,0.2333333333333334,0.19999999999999996,0.8,0.15000000000000002,0.11666666666666659,48.68,Not Placed,F,F
0.6000000000000001,0.6,0.19999999999999996,0.1,0.4,0.44999999999999984,91.67,Placed,A,C
0.9,0.30000000000000004,0.19999999999999996,1.0,0.9,0.33333333333333326,94.59,Placed,A,D
0.9,0.6333333333333334,0.19999999999999996,0.0,0.9500000000000001,0.6166666666666666,100.0,Placed,A,B
1.0,0.08333333333333337,0.6000000000000001,0.0,0.30000000000000004,0.6166666666666666,99.21,Placed,A,B
0.9,0.9666666666666667,0.8,1.0,0.7000000000000001,0.08333333333333326,100.0,Placed,A,F
0.5000000000000001,0.30000000000000004,0.6000000000000001,0.30000000000000004,0.8,0.016666666666666607,98.77,Placed,A,F
0.30000000000000004,0.9333333333333335,0.8,0.0,0.65,0.1499999999999999,92.43,Placed,A,F
0.4,0.45000000000000007,0.6000000000000001,0.6000000000000001,0.65,0.6833333333333332,97.27,Placed,A,B
0.0,0.2666666666666667,0.19999999999999996,0.7000000000000001,0.4,0.1333333333333333,57.37,Not Placed,D,F
0.6000000000000001,0.6833333333333335,0.0,0.20000000000000004,0.75,0.9,100.0,Placed,A,A
0.7000000000000001,0.30000000000000004,1.0,0.0,0.05,0.033333333333333326,81.27,Placed,A,F
0.8,0.5000000000000001,0.8,0.20000000000000004,0.65,0.016666666666666607,93.8,Placed,A,F
0.7000000000000001,0.16666666666666674,0.0,0.1,0.15000000000000002,0.5833333333333334,76.38,Placed,B,B
0.4,0.2333333333333334,0.19999999999999996,0.5000000000000001,0.1,0.11666666666666659,65.52,Not Placed,C,F
0.20000000000000004,0.15000000000000002,0.8,1.0,0.1,0.1333333333333333,50.35,Not Placed,D,F
0.9,0.7000000000000001,0.0,0.6000000000000001,0.5,0.41666666666666663,100.0,Placed,A,C
1.0,0.3666666666666666,0.6000000000000001,0.8,0.2,0.5499999999999999,100.0,Placed,A,C
0.8,0.033333333333333326,0.19999999999999996,0.4,0.75,0.7833333333333333,100.0,Placed,A,A
0.5000000000000001,0.033333333333333326,0.6000000000000001,0.30000000000000004,0.9,0.4833333333333333,100.0,Placed,A,C
0.4,0.2833333333333333,0.6000000000000001,0.0,0.4,0.6166666666666666,82.44,Placed,A,B
0.20000000000000004,0.4,0.19999999999999996,1.0,0.5,0.11666666666666659,55.63,Not Placed,D,F
0.5000000000000001,0.7000000000000001,0.8,0.5000000000000001,0.55,0.033333333333333326,81.46,Placed,A,F
0.20000000000000004,0.31666666666666665,1.0,1.0,0.35000000000000003,0.16666666666666663,55.08,Not Placed,D,F
0.9,0.9500000000000001,0.40000000000000013,0.7000000000000001,0.65,0.3999999999999999,100.0,Placed,A,D
0.5000000000000001,0.4666666666666667,0.40000000000000013,0.30000000000000004,0.8,0.85,97.3,Placed,A,A
0.30000000000000004,0.35,1.0,0.0,0.9500000000000001,0.06666666666666665,88.21,Placed,A,F
0.1,0.8166666666666668,0.19999999999999996,0.4,0.7000000000000001,0.18333333333333324,57.63,Not Placed,D,F
0.7000000000000001,0.9333333333333335,0.40000000000000013,0.9,0.7000000000000001,0.9,100.0,Placed,A,A
0.30000000000000004,0.2333333333333334,1.0,0.4,0.55,0.4833333333333333,84.48,Placed,A,C
0.8,0.6333333333333334,0.0,0.1,0.4,0.43333333333333324,100.0,Placed,A,C
0.6000000000000001,0.15000000000000002,1.0,0.5000000000000001,0.55,0.6999999999999998,95.78,Placed,A,B
0.1,0.33333333333333337,0.8,0.9,0.9,0.06666666666666665,60.96,Not Placed,C,F
0.30000000000000004,0.9,1.0,0.8,0.55,0.31666666666666665,84.45,Placed,A,D
0.4,0.85,0.6000000000000001,0.5000000000000001,0.5,0.85,100.0,Placed,A,A
0.20000000000000004,0.4666666666666667,0.6000000000000001,0.7000000000000001,0.25,0.33333333333333326,73.89,Placed,B,D
0.8,0.5166666666666667,0.19999999999999996,0.9,0.35000000000000003,0.033333333333333326,74.23,Placed,B,F
0.4,0.15000000000000002,0.6000000000000001,0.20000000000000004,0.5,0.6666666666666666,80.65,Placed,A,B
0.1,0.20000000000000007,0.0,0.9,0.1,0.9833333333333333,56.37,Not Placed,D,A
1.0,0.7666666666666667,1.0,0.1,0.75,0.8166666666666665,100.0,Placed,A,A
0.20000000000000004,0.3666666666666666,0.0,0.30000000000000004,0.25,0.7166666666666667,80.47,Placed,A,B
0.8,0.8166666666666668,0.19999999999999996,0.8,0.4,0.9,99.26,Placed,A,A
0.6000000000000001,0.3666666666666666,0.6000000000000001,0.8,0.4,0.04999999999999993,69.79,Not Placed,C,F
0.1,0.5000000000000001,0.40000000000000013,0.20000000000000004,0.25,0.3833333333333333,47.05,Not Placed,F,D
0.8,0.050000000000000044,1.0,0.0,0.2,0.09999999999999998,67.55,Not Placed,C,F
0.30000000000000004,0.85,0.40000000000000013,0.0,0.0,0.3833333333333333,66.22,Not Placed,C,D
0.8,0.7999999999999999,0.8,0.30000000000000004,0.1,0.85,100.0,Placed,A,A
0.1,0.9833333333333333,0.19999999999999996,0.30000000000000004,0.1,0.16666666666666663,59.08,Not Placed,D,F
0.9,0.033333333333333326,0.8,1.0,0.55,0.016666666666666607,89.3,Placed,A,F
0.30000000000000004,0.33333333333333337,0.40000000000000013,0.9,0.15000000000000002,0.9,73.24,Placed,B,A
0.4,0.8666666666666666,0.40000000000000013,0.5000000000000001,1.0,0.7166666666666667,100.0,Placed,A,B
0.1,0.01666666666666672,0.40000000000000013,0.4,0.75,0.6666666666666666,87.84,Placed,A,B
0.9,0.050000000000000044,0.8,0.5000000000000001,0.5,0.08333333333333326,95.16,Placed,A,F
0.0,0.0,0.19999999999999996,0.9,0.35000000000000003,0.09999999999999998,38.9,Not Placed,F,F
0.6000000000000001,0.2333333333333334,1.0,0.6000000000000001,0.4,0.6166666666666666,99.2,Placed,A,B
0.9,0.9333333333333335,1.0,0.6000000000000001,0.65,0.2833333333333333,99.77,Placed,A,D
0.0,0.5333333333333333,0.0,0.9,0.7000000000000001,0.7333333333333333,71.63,Placed,B,B
1.0,0.08333333333333337,0.0,0.9,0.9,0.1333333333333333,100.0,Placed,A,F
1.0,0.09999999999999998,0.40000000000000013,0.8,0.4,0.8666666666666666,100.0,Placed,A,A
0.7000000000000001,0.30000000000000004,0.19999999999999996,0.5000000000000001,0.8,0.44999999999999984,100.0,Placed,A,C
0.20000000000000004,0.7166666666666667,0.19999999999999996,0.7000000000000001,0.4,0.29999999999999993,68.5,Not Placed,C,D
0.9,0.0,0.6000000000000001,0.1,0.1,0.04999999999999993,87.87,Placed,A,F
0.5000000000000001,0.6333333333333334,0.6000000000000001,0.7000000000000001,0.75,0.04999999999999993,98.38,Placed,A,F
0.6000000000000001,0.30000000000000004,0.8,0.8,0.6000000000000001,0.19999999999999996,66.39,Not Placed,C,F
0.9,0.7333333333333333,0.6000000000000001,0.30000000000000004,0.8,0.44999999999999984,100.0,Placed,A,C
0.0,0.41666666666666663,1.0,0.4,0.15000000000000002,0.9333333333333332,56.16,Not Placed,D,A
0.5000000000000001,0.7166666666666667,1.0,0.4,1.0,0.16666666666666663,69.28,Not Placed,C,F
0.6000000000000001,0.18333333333333335,0.8,0.1,0.4,0.8666666666666666,100.0,Placed,A,A
0.5000000000000001,0.35,0.0,0.4,0.4,0.016666666666666607,78.63,Placed,B,F
0.30000000000000004,0.20000000000000007,0.40000000000000013,0.8,0.8500000000000001,0.08333333333333326,69.24,Not Placed,C,F
0.0,0.45000000000000007,0.19999999999999996,0.30000000000000004,0.65,0.18333333333333324,60.28,Not Placed,C,F
1.0,0.21666666666666667,0.0,0.9,0.9500000000000001,0.9,100.0,Placed,A,A
0.8,0.35,1.0,0.20000000000000004,0.1,0.65,100.0,Placed,A,B
0.30000000000000004,0.4833333333333333,0.0,0.6000000000000001,0.15000000000000002,0.6,58.75,Not Placed,D,B
0.6000000000000001,0.7166666666666667,0.8,0.7000000000000001,0.0,0.9166666666666666,81.8,Placed,A,A
0.6000000000000001,0.31666666666666665,0.40000000000000013,0.9,0.8500000000000001,0.3833333333333333,100.0,Placed,A,D
0.1,0.7166666666666667,1.0,0.5000000000000001,0.15000000000000002,0.85,89.13,Placed,A,A
0.0,0.43333333333333346,0.8,0.5000000000000001,0.45,0.9,85.56,Placed,A,A
0.7000000000000001,0.6166666666666666,0.0,0.4,0.15000000000000002,0.9833333333333333,99.95,Placed,A,A
0.7000000000000001,0.9666666666666667,0.19999999999999996,1.0,1.0,0.9999999999999999,100.0,Placed,A,A
0.6000000000000001,0.6833333333333335,0.6000000000000001,0.5000000000000001,0.8,0.1333333333333333,85.3,Placed,A,F
0.7000000000000001,0.85,0.8,0.8,0.35000000000000003,0.41666666666666663,100.0,Placed,A,C
0.20000000000000004,1.0,1.0,0.1,0.9,0.04999999999999993,100.0,Placed,A,F
1.0,0.9166666666666666,0.0,0.9,0.4,0.6666666666666666,100.0,Placed,A,B
0.1,0.6666666666666666,0.6000000000000001,1.0,0.75,0.7166666666666667,100.0,Placed,A,B
0.6000000000000001,0.5499999999999999,0.6000000000000001,0.20000000000000004,0.7000000000000001,0.04999999999999993,99.92,Placed,A,F
0.7000000000000001,0.6333333333333334,0.0,0.0,0.9500000000000001,0.7999999999999999,100.0,Placed,A,A
0.0,0.6666666666666666,0.40000000000000013,0.30000000000000004,0.75,0.85,75.37,Placed,B,A
0.9,0.9333333333333335,0.0,0.1,1.0,0.5499999999999999,100.0,Placed,A,C
0.8,0.7166666666666667,1.0,0.5000000000000001,0.55,0.35,100.0,Placed,A,D
1.0,0.6,0.19999999999999996,0.0,0.8500000000000001,0.19999999999999996,100.0,Placed,A,F
0.30000000000000004,0.0,1.0,0.7000000000000001,0.30000000000000004,0.23333333333333328,67.55,Not Placed,C,F
0.30000000000000004,0.8833333333333334,0.6000000000000001,0.9,0.75,0.65,89.21,Placed,A,B
0.20000000000000004,0.2333333333333334,0.19999999999999996,0.5000000000000001,0.9,0.6166666666666666,75.55,Placed,B,B
0.5000000000000001,0.5166666666666667,0.8,0.8,0.25,0.6666666666666666,95.67,Placed,A,B
0.0,0.1166666666666667,0.6000000000000001,0.5000000000000001,0.25,0.8833333333333332,68.08,Not Placed,C,A
0.5000000000000001,0.5333333333333333,0.40000000000000013,0.9,0.25,0.6999999999999998,82.72,Placed,A,B
0.1,0.2833333333333333,0.0,0.6000000000000001,0.7000000000000001,0.9,93.85,Placed,A,A
0.8,0.7333333333333333,0.8,0.4,0.05,0.7166666666666667,100.0,Placed,A,B
0.1,0.4666666666666667,1.0,0.7000000000000001,0.4,0.8666666666666666,89.43,Placed,A,A
0.6000000000000001,0.5166666666666667,0.19999999999999996,0.7000000000000001,0.35000000000000003,0.9166666666666666,86.88,Placed,A,A
0.0,0.5333333333333333,0.8,0.9,0.30000000000000004,0.016666666666666607,53.53,Not Placed,D,F
0.6000000000000001,0.06666666666666665,0.40000000000000013,0.8,0.75,0.016666666666666607,75.06,Placed,B,F
0.4,0.2833333333333333,0.0,0.5000000000000001,0.7000000000000001,0.6999999999999998,88.32,Placed,A,B
0.7000000000000001,0.7833333333333333,0.8,0.0,0.4,0.11666666666666659,89.68,Placed,A,F
0.30000000000000004,0.9500000000000001,1.0,0.8,0.9500000000000001,0.6166666666666666,100.0,Placed,A,B
0.9,0.15000000000000002,0.19999999999999996,0.20000000000000004,0.7000000000000001,0.2833333333333333,98.17,Placed,A,D
0.6000000000000001,0.5833333333333334,0.8,0.8,0.05,0.8833333333333332,100.0,Placed,A,A
0.5000000000000001,0.5333333333333333,0.0,0.6000000000000001,0.9500000000000001,0.4666666666666667,97.63,Placed,A,C
0.4,0.3666666666666666,1.0,0.20000000000000004,0.65,0.16666666666666663,85.7,Placed,A,F
0.30000000000000004,0.65,0.8,0.8,0.5,0.9166666666666666,89.2,Placed,A,A
0.6000000000000001,0.06666666666666665,0.19999999999999996,0.6000000000000001,0.1,0.08333333333333326,55.21,Not Placed,D,F
0.4,0.5499999999999999,0.0,0.6000000000000001,0.05,0.1333333333333333,62.38,Not Placed,C,F
0.4,0.3833333333333334,0.40000000000000013,0.6000000000000001,0.8500000000000001,0.35,89.84,Placed,A,D
0.0,0.2666666666666667,0.40000000000000013,0.1,0.65,0.7499999999999999,89.92,Placed,A,A
0.1,0.5000000000000001,0.6000000000000001,1.0,0.2,0.8333333333333334,62.07,Not Placed,C,A
0.4,0.09999999999999998,0.8,0.30000000000000004,0.55,0.3999999999999999,87.42,Placed,A,D
0.20000000000000004,0.2666666666666667,0.19999999999999996,0.9,0.65,0.9499999999999998,95.21,Placed,A,A
0.1,0.45000000000000007,0.8,0.7000000000000001,0.25,0.4999999999999999,81.81,Placed,A,C
0.30000000000000004,0.6166666666666666,0.0,0.1,0.35000000000000003,0.33333333333333326,69.92,Not Placed,C,D
0.30000000000000004,1.0,0.6000000000000001,0.30000000000000004,0.30000000000000004,0.6166666666666666,89.56,Placed,A,B
0.30000000000000004,0.35,0.19999999999999996,0.9,0.30000000000000004,0.85,69.48,Not Placed,C,A
0.30000000000000004,0.2333333333333334,0.8,0.7000000000000001,0.55,0.29999999999999993,67.67,Not Placed,C,D
0.20000000000000004,0.6,0.19999999999999996,0.20000000000000004,0.30000000000000004,0.1499999999999999,74.51,Placed,B,F
0.6000000000000001,0.2333333333333334,0.0,0.5000000000000001,0.55,0.7499999999999999,82.26,Placed,A,A
0.8,0.8166666666666668,0.6000000000000001,0.1,0.75,0.6,100.0,Placed,A,B
0.4,0.8166666666666668,0.19999999999999996,0.7000000000000001,0.30000000000000004,0.18333333333333324,76.83,Placed,B,F
0.30000000000000004,0.4,0.0,0.7000000000000001,0.35000000000000003,0.29999999999999993,63.51,Not Placed,C,D
1.0,0.8666666666666666,0.40000000000000013,0.0,0.0,0.9999999999999999,100.0,Placed,A,A
0.1,0.33333333333333337,0.19999999999999996,0.20000000000000004,0.6000000000000001,0.016666666666666607,51.67,Not Placed,D,F
0.1,0.9,0.6000000000000001,0.1,0.9,0.23333333333333328,86.63,Placed,A,F
0.4,0.6166666666666666,1.0,0.6000000000000001,0.0,0.6166666666666666,68.98,Not Placed,C,B
0.6000000000000001,0.01666666666666672,1.0,0.6000000000000001,0.8500000000000001,0.11666666666666659,91.96,Placed,A,F
0.9,0.43333333333333346,0.19999999999999996,0.30000000000000004,0.30000000000000004,0.7499999999999999,99.6,Placed,A,A
0.9,0.7999999999999999,0.19999999999999996,0.7000000000000001,0.8,0.5666666666666665,100.0,Placed,A,C
0.8,0.5166666666666667,0.0,0.20000000000000004,0.7000000000000001,0.6166666666666666,99.66,Placed,A,B
0.6000000000000001,0.33333333333333337,0.8,0.8,0.9,0.6999999999999998,100.0,Placed,A,B
0.4,0.050000000000000044,1.0,0.4,0.15000000000000002,0.4833333333333333,81.34,Placed,A,C
0.9,0.7166666666666667,0.8,0.1,0.8,0.1333333333333333,100.0,Placed,A,F
0.9,0.30000000000000004,1.0,0.8,0.30000000000000004,0.4833333333333333,97.26,Placed,A,C
0.9,0.01666666666666672,0.19999999999999996,0.0,0.75,0.7999999999999999,100.0,Placed,A,A
0.5000000000000001,0.41666666666666663,0.6000000000000001,1.0,0.8,0.29999999999999993,82.95,Placed,A,D
1.0,0.5499999999999999,0.6000000000000001,0.7000000000000001,0.9500000000000001,0.4666666666666667,100.0,Placed,A,C
0.20000000000000004,0.21666666666666667,1.0,0.5000000000000001,0.7000000000000001,0.016666666666666607,73.57,Placed,B,F
0.4,0.2333333333333334,1.0,0.0,0.4,0.44999999999999984,91.47,Placed,A,C
0.7000000000000001,0.31666666666666665,0.0,0.30000000000000004,1.0,0.11666666666666659,100.0,Placed,A,F
0.0,0.5499999999999999,0.19999999999999996,0.20000000000000004,0.6000000000000001,0.3999999999999999,74.72,Placed,B,D
0.0,0.5833333333333334,0.19999999999999996,0.6000000000000001,0.30000000000000004,0.1499999999999999,54.5,Not Placed,D,F
0.6000000000000001,0.30000000000000004,0.8,0.6000000000000001,0.9,0.35,100.0,Placed,A,D
0.4,0.13333333333333341,0.0,0.5000000000000001,0.5,0.5666666666666665,72.01,Placed,B,C
0.4,0.09999999999999998,0.40000000000000013,0.9,0.35000000000000003,0.6833333333333332,70.19,Placed,B,B
0.0,0.4833333333333333,0.6000000000000001,0.9,0.8,0.3833333333333333,63.95,Not Placed,C,D
0.8,0.20000000000000007,0.6000000000000001,0.7000000000000001,0.15000000000000002,0.41666666666666663,98.63,Placed,A,C
0.0,0.43333333333333346,0.19999999999999996,0.6000000000000001,0.15000000000000002,0.4999999999999999,61.45,Not Placed,C,C
0.4,0.7166666666666667,0.0,0.30000000000000004,0.8500000000000001,0.3666666666666666,98.73,Placed,A,D
0.9,0.5666666666666668,0.40000000000000013,0.6000000000000001,0.8,0.016666666666666607,100.0,Placed,A,F
0.8,0.20000000000000007,0.6000000000000001,0.0,0.1,0.9666666666666667,92.35,Placed,A,A
0.30000000000000004,0.2333333333333334,0.0,0.20000000000000004,0.4,0.6333333333333332,76.97,Placed,B,B
0.7000000000000001,0.7500000000000001,0.40000000000000013,0.1,0.25,0.5333333333333333,86.54,Placed,A,C
0.5000000000000001,0.9166666666666666,1.0,0.6000000000000001,0.05,0.3833333333333333,72.72,Placed,B,D
1.0,0.13333333333333341,0.19999999999999996,0.8,0.55,0.18333333333333324,100.0,Placed,A,F
0.20000000000000004,0.7333333333333333,0.8,0.4,0.7000000000000001,0.6,100.0,Placed,A,B
0.30000000000000004,0.3666666666666666,0.6000000000000001,0.8,0.4,0.1333333333333333,62.84,Not Placed,C,F
0.1,0.8833333333333334,0.6000000000000001,0.7000000000000001,0.05,0.7166666666666667,68.92,Not Placed,C,B
0.0,0.5833333333333334,0.40000000000000013,0.0,0.55,0.6999999999999998,80.19,Placed,A,B
0.7000000000000001,0.8666666666666666,0.8,1.0,0.75,0.7166666666666667,100.0,Placed,A,B
0.0,0.65,1.0,0.1,0.30000000000000004,0.033333333333333326,61.26,Not Placed,C,F
1.0,0.033333333333333326,0.0,0.5000000000000001,0.0,0.7166666666666667,100.0,Placed,A,B
0.0,0.5499999999999999,0.19999999999999996,0.4,1.0,0.3666666666666666,83.17,Placed,A,D
0.30000000000000004,0.30000000000000004,0.0,1.0,0.30000000000000004,0.3833333333333333,55.55,Not Placed,D,D
0.9,0.45000000000000007,0.40000000000000013,0.6000000000000001,0.1,0.5333333333333333,96.18,Placed,A,C
0.9,0.3666666666666666,0.6000000000000001,0.8,0.9500000000000001,0.4833333333333333,100.0,Placed,A,C
0.5000000000000001,0.65,1.0,0.30000000000000004,0.2,0.6166666666666666,97.34,Placed,A,B
0.8,0.7999999999999999,0.6000000000000001,0.7000000000000001,0.1,0.6999999999999998,98.65,Placed,A,B
0.0,0.7333333333333333,0.0,0.30000000000000004,0.7000000000000001,0.016666666666666607,73.14,Placed,B,F
0.6000000000000001,0.09999999999999998,1.0,0.20000000000000004,0.25,0.65,90.98,Placed,A,B
0.9,0.6666666666666666,0.19999999999999996,0.1,0.7000000000000001,0.35,100.0,Placed,A,D
1.0,0.18333333333333335,0.40000000000000013,0.7000000000000001,0.1,0.16666666666666663,81.97,Placed,A,F
0.4,1.0,0.19999999999999996,1.0,0.0,0.9666666666666667,92.7,Placed,A,A
0.7000000000000001,0.21666666666666667,0.40000000000000013,0.7000000000000001,0.05,0.18333333333333324,74.6,Placed,B,F
0.6000000000000001,0.7500000000000001,0.19999999999999996,1.0,0.15000000000000002,0.29999999999999993,63.12,Not Placed,C,D
0.30000000000000004,0.2333333333333334,0.0,0.20000000000000004,1.0,0.31666666666666665,96.18,Placed,A,D
0.30000000000000004,0.033333333333333326,0.8,0.0,0.65,0.9,100.0,Placed,A,A
0.5000000000000001,0.2333333333333334,1.0,0.5000000000000001,0.65,0.1333333333333333,88.95,Placed,A,F
0.5000000000000001,0.8333333333333334,0.40000000000000013,0.4,0.45,0.6999999999999998,100.0,Placed,A,B
0.8,0.3833333333333334,0.0,0.7000000000000001,0.5,0.9499999999999998,100.0,Placed,A,A
0.4,0.85,0.6000000000000001,0.5000000000000001,0.15000000000000002,0.2833333333333333,88.23,Placed,A,D
0.7000000000000001,0.7500000000000001,0.6000000000000001,0.30000000000000004,0.7000000000000001,0.6666666666666666,100.0,Placed,A,B
0.4,0.1166666666666667,0.19999999999999996,0.9,0.9500000000000001,0.7666666666666667,99.41,Placed,A,A
0.1,0.06666666666666665,0.6000000000000001,0.9,0.15000000000000002,0.8833333333333332,59.97,Not Placed,D,A
0.5000000000000001,0.8333333333333334,0.8,1.0,0.9500000000000001,0.2833333333333333,100.0,Placed,A,D
0.8,0.050000000000000044,0.40000000000000013,0.1,0.9500000000000001,0.65,100.0,Placed,A,B
0.20000000000000004,0.21666666666666667,0.19999999999999996,0.7000000000000001,0.75,0.5833333333333334,87.98,Placed,A,B
0.0,0.25,0.40000000000000013,0.4,0.05,0.43333333333333324,63.08,Not Placed,C,C
0.0,0.31666666666666665,0.40000000000000013,0.7000000000000001,0.6000000000000001,0.19999999999999996,59.92,Not Placed,D,F
0.20000000000000004,0.3833333333333334,0.0,0.4,0.35000000000000003,0.7666666666666667,58.84,Not Placed,D,A
0.9,0.08333333333333337,0.6000000000000001,0.5000000000000001,0.6000000000000001,0.11666666666666659,100.0,Placed,A,F
0.4,0.9,1.0,0.9,0.9500000000000001,0.7833333333333333,100.0,Placed,A,A
0.20000000000000004,0.9333333333333335,0.40000000000000013,0.4,1.0,0.6999999999999998,88.43,Placed,A,B
0.8,0.5000000000000001,0.8,1.0,0.35000000000000003,0.3666666666666666,93.07,Placed,A,D
0.7000000000000001,0.08333333333333337,0.8,0.20000000000000004,0.15000000000000002,0.9,100.0,Placed,A,A
0.20000000000000004,0.5666666666666668,1.0,0.9,0.2,0.9666666666666667,61.0,Not Placed,C,A
0.8,0.2333333333333334,0.6000000000000001,0.7000000000000001,1.0,0.19999999999999996,100.0,Placed,A,F
0.5000000000000001,0.4666666666666667,0.6000000000000001,0.20000000000000004,0.25,0.09999999999999998,80.94,Placed,A,F
0.6000000000000001,0.033333333333333326,0.19999999999999996,0.30000000000000004,0.9,0.8166666666666665,100.0,Placed,A,A
0.30000000000000004,0.16666666666666674,0.19999999999999996,0.5000000000000001,0.45,0.65,74.58,Placed,B,B
0.30000000000000004,0.033333333333333326,0.19999999999999996,0.1,0.1,0.016666666666666607,55.11,Not Placed,D,F
0.1,0.45000000000000007,0.6000000000000001,0.6000000000000001,0.6000000000000001,0.033333333333333326,64.39,Not Placed,C,F
0.4,0.15000000000000002,0.40000000000000013,0.4,0.4,0.6833333333333332,80.37,Placed,A,B
0.7000000000000001,0.8166666666666668,0.0,0.9,0.8,0.6333333333333332,100.0,Placed,A,B
0.6000000000000001,0.5333333333333333,1.0,0.4,0.45,0.3666666666666666,100.0,Placed,A,D
0.6000000000000001,0.7833333333333333,1.0,0.4,0.55,0.9833333333333333,100.0,Placed,A,A
0.5000000000000001,0.25,1.0,0.1,0.6000000000000001,0.09999999999999998,83.61,Placed,A,F
0.20000000000000004,0.9666666666666667,0.19999999999999996,1.0,0.45,0.04999999999999993,65.61,Not Placed,C,F
0.4,0.15000000000000002,0.0,0.9,0.9,0.8666666666666666,91.61,Placed,A,A
0.0,0.5333333333333333,0.8,0.8,1.0,0.9,89.79,Placed,A,A
0.6000000000000001,0.5833333333333334,0.6000000000000001,0.20000000000000004,0.9,0.11666666666666659,98.05,Placed,A,F
0.8,0.033333333333333326,0.8,0.6000000000000001,0.8,0.5166666666666667,98.1,Placed,A,C
0.0,0.06666666666666665,0.19999999999999996,0.4,0.2,0.29999999999999993,42.72,Not Placed,F,D
0.1,0.18333333333333335,0.40000000000000013,0.9,0.35000000000000003,0.8833333333333332,69.74,Not Placed,C,A
0.20000000000000004,0.9333333333333335,0.19999999999999996,0.9,0.2,0.18333333333333324,62.28,Not Placed,C,F
0.20000000000000004,0.7166666666666667,0.0,0.4,0.7000000000000001,0.9333333333333332,100.0,Placed,A,A
0.7000000000000001,0.20000000000000007,0.19999999999999996,0.30000000000000004,0.15000000000000002,0.1499999999999999,54.43,Not Placed,D,F
0.6000000000000001,0.3833333333333334,1.0,0.9,0.6000000000000001,0.21666666666666667,88.36,Placed,A,F
0.5000000000000001,0.7166666666666667,0.40000000000000013,0.5000000000000001,0.8,0.43333333333333324,96.36,Placed,A,C
0.9,0.9333333333333335,0.40000000000000013,0.6000000000000001,0.2,0.7166666666666667,97.47,Placed,A,B
0.9,0.5166666666666667,0.6000000000000001,0.6000000000000001,0.0,0.33333333333333326,80.67,Placed,A,D
1.0,0.25,0.6000000000000001,1.0,0.7000000000000001,0.31666666666666665,85.62,Placed,A,D
0.30000000000000004,0.5166666666666667,1.0,0.7000000000000001,0.45,0.9333333333333332,94.01,Placed,A,A
0.8,0.7333333333333333,0.40000000000000013,0.4,0.5,0.04999999999999993,97.42,Placed,A,F
0.0,0.6,1.0,0.6000000000000001,0.8500000000000001,0.29999999999999993,69.07,Not Placed,C,D
1.0,0.9166666666666666,0.40000000000000013,0.30000000000000004,0.6000000000000001,0.4666666666666667,100.0,Placed,A,C
0.1,0.5833333333333334,0.0,0.8,0.9500000000000001,0.09999999999999998,73.36,Placed,B,F
0.30000000000000004,0.33333333333333337,0.19999999999999996,0.4,0.75,0.8666666666666666,86.07,Placed,A,A
0.20000000000000004,0.7666666666666667,0.6000000000000001,0.20000000000000004,0.9,0.5333333333333333,100.0,Placed,A,C
0.0,0.18333333333333335,0.0,0.4,0.55,0.11666666666666659,55.12,Not Placed,D,F
0.4,0.8333333333333334,0.19999999999999996,0.8,0.65,0.16666666666666663,81.78,Placed,A,F
0.6000000000000001,0.33333333333333337,0.6000000000000001,1.0,0.05,0.5333333333333333,82.94,Placed,A,C
0.1,0.9833333333333333,1.0,0.7000000000000001,0.45,0.3999999999999999,93.65,Placed,A,D
0.4,0.8333333333333334,0.0,0.0,0.15000000000000002,0.5333333333333333,96.0,Placed,A,C
0.5000000000000001,0.33333333333333337,0.8,0.4,0.0,0.5833333333333334,71.37,Placed,B,B
1.0,0.7000000000000001,0.8,0.5000000000000001,0.8,0.41666666666666663,100.0,Placed,A,C
0.6000000000000001,0.8666666666666666,0.6000000000000001,0.9,0.5,0.5833333333333334,80.86,Placed,A,B
0.0,0.08333333333333337,0.0,1.0,0.30000000000000004,0.16666666666666663,46.15,Not Placed,F,F
0.6000000000000001,0.13333333333333341,0.19999999999999996,0.1,0.8,0.4833333333333333,100.0,Placed,A,C
0.30000000000000004,0.0,0.19999999999999996,0.5000000000000001,0.8,0.9333333333333332,100.0,Placed,A,A
0.7000000000000001,0.18333333333333335,0.0,0.8,0.4,0.5333333333333333,100.0,Placed,A,C
0.30000000000000004,0.9500000000000001,0.8,0.30000000000000004,0.45,0.1499999999999999,98.07,Placed,A,F
0.5000000000000001,0.21666666666666667,0.0,0.20000000000000004,0.25,0.4666666666666667,82.37,Placed,A,C
0.8,0.08333333333333337,0.8,0.8,0.8,0.3999999999999999,100.0,Placed,A,D
0.4,0.0,0.8,0.1,0.75,0.5166666666666667,100.0,Placed,A,C
0.30000000000000004,0.35,1.0,0.8,0.30000000000000004,0.04999999999999993,68.33,Not Placed,C,F
0.7000000000000001,0.5499999999999999,1.0,1.0,0.9,0.9,100.0,Placed,A,A
0.8,0.9166666666666666,0.19999999999999996,0.9,0.15000000000000002,0.9333333333333332,96.58,Placed,A,A
0.30000000000000004,0.16666666666666674,0.6000000000000001,1.0,0.9500000000000001,0.9666666666666667,94.38,Placed,A,A
0.20000000000000004,0.033333333333333326,0.40000000000000013,1.0,0.8,0.6333333333333332,84.2,Placed,A,B
0.7000000000000001,0.6833333333333335,0.0,0.1,0.4,0.5499999999999999,71.05,Placed,B,C
0.4,0.08333333333333337,0.8,1.0,0.5,0.35,71.3,Placed,B,D
0.1,0.08333333333333337,0.0,0.9,0.0,0.19999999999999996,48.28,Not Placed,F,F
0.9,0.31666666666666665,0.6000000000000001,0.20000000000000004,0.30000000000000004,0.8833333333333332,100.0,Placed,A,A
0.8,0.33333333333333337,0.6000000000000001,0.6000000000000001,0.2,0.8333333333333334,99.6,Placed,A,A
0.20000000000000004,0.01666666666666672,0.40000000000000013,0.1,0.2,0.5833333333333334,52.11,Not Placed,D,B
0.1,0.41666666666666663,0.40000000000000013,0.0,0.0,0.08333333333333326,50.23,Not Placed,D,F
0.0,0.5000000000000001,0.8,0.8,0.25,0.9666666666666667,66.67,Not Placed,C,A
0.7000000000000001,0.41666666666666663,1.0,0.5000000000000001,0.6000000000000001,0.8833333333333332,100.0,Placed,A,A
1.0,0.9166666666666666,0.40000000000000013,0.8,0.7000000000000001,0.2666666666666666,100.0,Placed,A,D
0.20000000000000004,0.5166666666666667,1.0,0.20000000000000004,0.15000000000000002,0.41666666666666663,68.24,Not Placed,C,C
0.6000000000000001,0.15000000000000002,1.0,0.20000000000000004,0.8,0.3833333333333333,94.83,Placed,A,D
0.0,0.3666666666666666,0.8,0.9,0.6000000000000001,0.1333333333333333,77.41,Placed,B,F
0.0,0.9500000000000001,0.19999999999999996,0.20000000000000004,0.5,0.016666666666666607,55.72,Not Placed,D,F
0.8,0.08333333333333337,1.0,0.1,0.15000000000000002,0.31666666666666665,99.01,Placed,A,D
0.7000000000000001,0.3666666666666666,0.8,1.0,0.30000000000000004,0.43333333333333324,87.19,Placed,A,C
0.20000000000000004,0.45000000000000007,0.40000000000000013,0.5000000000000001,0.9,0.08333333333333326,91.04,Placed,A,F
0.5000000000000001,0.7999999999999999,0.0,0.20000000000000004,0.30000000000000004,0.8166666666666665,99.42,Placed,A,A
1.0,0.4833333333333333,0.40000000000000013,0.4,0.65,0.43333333333333324,100.0,Placed,A,C
0.20000000000000004,0.21666666666666667,0.6000000000000001,1.0,1.0,0.9,82.65,Placed,A,A
0.30000000000000004,0.6,0.40000000000000013,0.4,0.75,0.8833333333333332,91.1,Placed,A,A
0.0,0.9,0.19999999999999996,0.9,1.0,0.3833333333333333,70.78,Placed,B,D
0.4,0.5166666666666667,0.8,0.20000000000000004,0.4,0.23333333333333328,84.17,Placed,A,F
0.0,0.7999999999999999,1.0,0.20000000000000004,0.05,0.9,90.02,Placed,A,A
0.0,0.5499999999999999,0.6000000000000001,0.0,0.75,0.7833333333333333,84.83,Placed,A,A
0.9,0.6666666666666666,0.8,0.5000000000000001,0.2,0.9499999999999998,100.0,Placed,A,A
1.0,0.7166666666666667,0.8,0.20000000000000004,0.55,0.5333333333333333,100.0,Placed,A,C
1.0,0.8333333333333334,1.0,0.0,0.9500000000000001,0.6833333333333332,100.0,Placed,A,B
0.6000000000000001,0.35,0.40000000000000013,0.9,0.7000000000000001,0.1499999999999999,92.63,Placed,A,F
0.5000000000000001,0.5000000000000001,0.0,0.8,0.1,0.33333333333333326,66.29,Not Placed,C,D
0.1,0.09999999999999998,0.6000000000000001,1.0,0.4,0.08333333333333326,40.33,Not Placed,F,F
1.0,0.6666666666666666,1.0,0.0,0.30000000000000004,0.4833333333333333,100.0,Placed,A,C
0.1,0.33333333333333337,0.19999999999999996,0.4,0.15000000000000002,0.3666666666666666,66.15,Not Placed,C,D
1.0,0.25,0.19999999999999996,0.4,0.4,0.5833333333333334,100.0,Placed,A,B
0.6000000000000001,0.31666666666666665,0.0,0.1,0.7000000000000001,0.7499999999999999,100.0,Placed,A,A
0.0,0.7000000000000001,0.0,0.0,1.0,0.9333333333333332,100.0,Placed,A,A
0.1,0.7166666666666667,0.40000000000000013,0.5000000000000001,0.30000000000000004,0.7999999999999999,94.87,Placed,A,A
0.7000000000000001,0.7666666666666667,0.19999999999999996,0.6000000000000001,0.5,0.033333333333333326,97.56,Placed,A,F
0.5000000000000001,0.8166666666666668,0.6000000000000001,1.0,0.9,0.41666666666666663,82.48,Placed,A,C
0.1,0.30000000000000004,1.0,1.0,0.5,0.5499999999999999,82.07,Placed,A,C
0.6000000000000001,0.7833333333333333,0.0,0.8,0.0,0.4833333333333333,75.43,Placed,B,C
0.30000000000000004,0.5166666666666667,0.0,0.7000000000000001,1.0,0.2833333333333333,87.84,Placed,A,D
0.1,0.2333333333333334,0.0,0.9,0.6000000000000001,0.2666666666666666,56.06,Not Placed,D,D
0.5000000000000001,0.06666666666666665,1.0,0.20000000000000004,0.6000000000000001,0.7333333333333333,94.41,Placed,A,B
1.0,0.16666666666666674,0.6000000000000001,0.8,0.05,0.8333333333333334,73.98,Placed,B,A
0.8,0.2333333333333334,0.19999999999999996,0.0,0.8,0.6833333333333332,100.0,Placed,A,B
1.0,0.4666666666666667,0.6000000000000001,0.5000000000000001,0.9,0.33333333333333326,100.0,Placed,A,D
0.8,0.8166666666666668,1.0,0.9,0.7000000000000001,0.8833333333333332,100.0,Placed,A,A
0.7000000000000001,0.7333333333333333,0.6000000000000001,0.1,0.9,0.3833333333333333,100.0,Placed,A,D
0.20000000000000004,0.050000000000000044,0.40000000000000013,0.9,0.45,0.04999999999999993,64.82,Not Placed,C,F
0.20000000000000004,0.7999999999999999,1.0,0.8,0.45,0.7999999999999999,100.0,Placed,A,A
0.1,0.5833333333333334,0.0,0.8,0.4,0.9833333333333333,76.02,Placed,B,A
0.4,0.7833333333333333,0.19999999999999996,0.7000000000000001,0.9,0.7833333333333333,100.0,Placed,A,A
0.30000000000000004,0.3666666666666666,0.40000000000000013,1.0,0.5,0.3999999999999999,64.73,Not Placed,C,D
0.6000000000000001,0.2333333333333334,0.40000000000000013,0.6000000000000001,0.25,0.8333333333333334,93.8,Placed,A,A
0.30000000000000004,0.7500000000000001,1.0,0.5000000000000001,0.05,0.3833333333333333,71.21,Placed,B,D
0.8,0.7166666666666667,0.8,0.1,0.45,0.7499999999999999,100.0,Placed,A,A
0.1,0.033333333333333326,0.0,0.30000000000000004,0.7000000000000001,0.85,69.9,Not Placed,C,A
1.0,0.5166666666666667,0.19999999999999996,0.9,0.2,0.43333333333333324,94.22,Placed,A,C
0.5000000000000001,0.15000000000000002,0.19999999999999996,0.6000000000000001,0.8500000000000001,0.4999999999999999,100.0,Placed,A,C
0.6000000000000001,0.65,0.19999999999999996,0.5000000000000001,0.30000000000000004,0.7666666666666667,88.53,Placed,A,A
0.30000000000000004,0.6166666666666666,1.0,0.8,0.1,0.8333333333333334,83.45,Placed,A,A
0.5000000000000001,0.35,0.0,0.4,1.0,0.5666666666666665,100.0,Placed,A,C
0.6000000000000001,0.21666666666666667,1.0,0.5000000000000001,0.75,0.85,100.0,Placed,A,A
0.30000000000000004,0.2666666666666667,0.19999999999999996,0.9,0.8,0.31666666666666665,87.93,Placed,A,D
0.7000000000000001,0.33333333333333337,0.6000000000000001,0.5000000000000001,0.05,0.25,85.57,Placed,A,D
0.8,0.8333333333333334,0.6000000000000001,0.7000000000000001,0.75,0.9833333333333333,100.0,Placed,A,A
0.0,0.7833333333333333,0.0,0.7000000000000001,1.0,0.4999999999999999,100.0,Placed,A,C
0.6000000000000001,0.2333333333333334,0.19999999999999996,0.5000000000000001,0.9500000000000001,0.09999999999999998,98.98,Placed,A,F
0.8,0.9500000000000001,1.0,0.7000000000000001,0.0,0.2833333333333333,97.19,Placed,A,D
0.9,0.2333333333333334,0.8,0.6000000000000001,0.65,0.11666666666666659,100.0,Placed,A,F
0.4,0.0,0.8,0.0,0.75,0.43333333333333324,99.49,Placed,A,C
0.1,0.3833333333333334,0.8,0.4,0.4,0.21666666666666667,93.54,Placed,A,F
0.9,0.9,0.6000000000000001,1.0,0.8,0.2833333333333333,100.0,Placed,A,D
0.5000000000000001,0.9,1.0,0.9,0.35000000000000003,0.0,82.22,Placed,A,F
0.6000000000000001,0.18333333333333335,0.8,0.9,0.4,0.9166666666666666,81.95,Placed,A,A
0.1,0.15000000000000002,0.19999999999999996,0.9,0.05,0.4999999999999999,47.09,Not Placed,F,C
0.1,0.7500000000000001,0.19999999999999996,0.4,0.6000000000000001,0.31666666666666665,65.33,Not Placed,C,D
0.9,0.6833333333333335,0.8,0.9,0.0,0.08333333333333326,85.52,Placed,A,F
0.9,0.6833333333333335,0.40000000000000013,0.8,0.30000000000000004,0.7333333333333333,99.16,Placed,A,B
0.0,0.85,0.8,0.6000000000000001,0.8500000000000001,0.0,86.29,Placed,A,F
0.30000000000000004,1.0,0.40000000000000013,0.6000000000000001,1.0,0.29999999999999993,95.87,Placed,A,D
0.6000000000000001,0.5000000000000001,0.0,0.9,0.2,0.6333333333333332,87.31,Placed,A,B
0.8,0.16666666666666674,0.0,0.1,0.30000000000000004,0.9,99.09,Placed,A,A
0.20000000000000004,0.8833333333333334,0.19999999999999996,0.7000000000000001,0.55,0.43333333333333324,93.11,Placed,A,C
1.0,0.25,1.0,0.20000000000000004,0.8,0.9166666666666666,100.0,Placed,A,A
0.6000000000000001,1.0,0.6000000000000001,0.8,0.2,0.25,82.86,Placed,A,D
0.6000000000000001,0.13333333333333341,1.0,0.5000000000000001,0.55,0.21666666666666667,70.7,Placed,B,F
0.6000000000000001,0.7666666666666667,0.19999999999999996,0.8,0.9,0.5499999999999999,93.71,Placed,A,C
0.1,0.21666666666666667,0.19999999999999996,0.8,0.6000000000000001,0.09999999999999998,64.97,Not Placed,C,F
0.5000000000000001,0.30000000000000004,1.0,0.6000000000000001,0.75,0.31666666666666665,82.26,Placed,A,D
0.1,0.5000000000000001,0.6000000000000001,0.9,0.9,0.4999999999999999,93.56,Placed,A,C
0.5000000000000001,0.13333333333333341,0.19999999999999996,0.7000000000000001,0.45,0.35,70.35,Placed,B,D
0.9,0.5833333333333334,0.6000000000000001,0.1,0.55,0.31666666666666665,100.0,Placed,A,D
0.20000000000000004,0.8666666666666666,0.19999999999999996,0.4,0.30000000000000004,0.23333333333333328,77.83,Placed,B,F
0.1,0.6333333333333334,0.0,0.20000000000000004,0.65,0.3999999999999999,89.66,Placed,A,D
0.5000000000000001,0.8833333333333334,0.40000000000000013,0.0,0.45,0.7499999999999999,93.61,Placed,A,A
0.1,0.41666666666666663,0.19999999999999996,0.5000000000000001,0.35000000000000003,0.0,41.0,Not Placed,F,F
0.4,0.1166666666666667,0.40000000000000013,0.8,0.7000000000000001,0.2666666666666666,74.08,Placed,B,D
0.1,0.3833333333333334,0.8,0.1,0.75,0.25,94.96,Placed,A,D
0.20000000000000004,0.1166666666666667,0.19999999999999996,0.8,0.35000000000000003,0.6,64.39,Not Placed,C,B
0.20000000000000004,0.30000000000000004,0.0,0.7000000000000001,0.15000000000000002,0.33333333333333326,65.89,Not Placed,C,D
0.5000000000000001,0.7666666666666667,0.6000000000000001,1.0,0.8,0.43333333333333324,82.48,Placed,A,C
0.5000000000000001,0.7833333333333333,0.0,0.8,0.15000000000000002,0.9166666666666666,82.17,Placed,A,A
0.9,0.4833333333333333,0.40000000000000013,0.4,0.5,0.9,100.0,Placed,A,A
0.20000000000000004,0.9500000000000001,0.6000000000000001,0.1,0.6000000000000001,0.9666666666666667,97.17,Placed,A,A
0.20000000000000004,0.35,0.0,0.9,0.25,0.5666666666666665,49.89,Not Placed,F,C
0.0,0.9,0.0,0.9,0.65,0.3833333333333333,62.87,Not Placed,C,D
0.6000000000000001,0.13333333333333341,0.0,0.5000000000000001,0.30000000000000004,0.85,82.76,Placed,A,A
0.7000000000000001,0.9500000000000001,1.0,0.6000000000000001,0.55,0.8333333333333334,100.0,Placed,A,A
0.1,0.9500000000000001,0.6000000000000001,0.20000000000000004,0.0,0.016666666666666607,74.08,Placed,B,F
0.30000000000000004,0.7166666666666667,0.0,0.5000000000000001,0.45,0.9333333333333332,93.62,Placed,A,A
0.9,0.7833333333333333,0.0,0.5000000000000001,0.0,0.7499999999999999,100.0,Placed,A,A
0.6000000000000001,0.050000000000000044,0.40000000000000013,0.7000000000000001,0.75,0.9833333333333333,100.0,Placed,A,A
0.7000000000000001,0.6,0.0,0.0,0.30000000000000004,0.9,100.0,Placed,A,A
0.0,0.1166666666666667,0.0,0.30000000000000004,0.9500000000000001,0.8666666666666666,100.0,Placed,A,A
0.30000000000000004,0.0,0.8,0.0,0.25,0.3999999999999999,71.13,Placed,B,D
0.5000000000000001,0.45000000000000007,0.6000000000000001,0.7000000000000001,0.8500000000000001,0.29999999999999993,100.0,Placed,A,D
0.20000000000000004,0.08333333333333337,0.8,0.1,0.9500000000000001,0.7333333333333333,96.22,Placed,A,B
0.4,0.7666666666666667,1.0,0.7000000000000001,0.15000000000000002,0.19999999999999996,86.35,Placed,A,F
0.9,0.5833333333333334,0.40000000000000013,0.20000000000000004,0.75,0.4666666666666667,100.0,Placed,A,C
0.8,0.8666666666666666,0.8,0.7000000000000001,0.0,0.5166666666666667,96.34,Placed,A,C
1.0,0.16666666666666674,1.0,0.5000000000000001,1.0,0.08333333333333326,100.0,Placed,A,F
0.20000000000000004,0.06666666666666665,0.19999999999999996,0.0,0.9500000000000001,0.9166666666666666,95.24,Placed,A,A
0.4,0.8166666666666668,0.6000000000000001,0.6000000000000001,0.05,0.1333333333333333,82.6,Placed,A,F
0.7000000000000001,0.3833333333333334,0.0,0.6000000000000001,0.75,0.85,98.5,Placed,A,A
0.5000000000000001,0.7666666666666667,0.8,0.5000000000000001,1.0,0.0,91.86,Placed,A,F
0.30000000000000004,0.2833333333333333,0.8,0.0,0.4,0.3833333333333333,89.12,Placed,A,D
0.7000000000000001,0.31666666666666665,0.0,0.4,0.7000000000000001,0.1499999999999999,100.0,Placed,A,F
1.0,0.45000000000000007,0.0,0.0,0.75,0.5666666666666665,100.0,Placed,A,C
0.20000000000000004,0.20000000000000007,0.40000000000000013,0.0,0.4,0.08333333333333326,76.99,Placed,B,F
0.20000000000000004,0.06666666666666665,0.8,0.5000000000000001,0.30000000000000004,0.7833333333333333,67.29,Not Placed,C,A
0.30000000000000004,0.4833333333333333,0.8,0.7000000000000001,0.45,0.31666666666666665,77.52,Placed,B,D
0.8,0.0,0.19999999999999996,0.0,0.30000000000000004,0.6166666666666666,78.83,Placed,B,B
0.4,0.35,1.0,0.1,0.6000000000000001,0.18333333333333324,78.36,Placed,B,F
0.7000000000000001,0.2833333333333333,0.19999999999999996,0.4,0.05,0.033333333333333326,83.95,Placed,A,F
0.5000000000000001,0.7500000000000001,0.8,0.7000000000000001,0.55,0.9,100.0,Placed,A,A
0.20000000000000004,0.06666666666666665,0.19999999999999996,1.0,0.6000000000000001,0.2833333333333333,79.37,Placed,B,D
0.7000000000000001,0.5000000000000001,0.8,0.30000000000000004,0.1,0.33333333333333326,90.87,Placed,A,D
0.8,0.08333333333333337,0.6000000000000001,0.4,0.5,0.5666666666666665,97.89,Placed,A,C
0.7000000000000001,0.43333333333333346,0.40000000000000013,0.9,0.35000000000000003,0.6,88.21,Placed,A,B
0.30000000000000004,0.9166666666666666,0.19999999999999996,0.4,0.5,0.29999999999999993,94.72,Placed,A,D
1.0,0.4,0.8,0.20000000000000004,0.8500000000000001,0.3999999999999999,100.0,Placed,A,D
0.5000000000000001,0.4666666666666667,0.19999999999999996,0.5000000000000001,0.30000000000000004,0.9166666666666666,92.62,Placed,A,A
0.0,0.45000000000000007,1.0,0.4,0.55,0.2833333333333333,76.52,Placed,B,D
0.30000000000000004,0.25,0.40000000000000013,0.1,0.25,0.65,65.77,Not Placed,C,B
0.7000000000000001,0.8833333333333334,0.6000000000000001,0.9,0.45,0.4833333333333333,100.0,Placed,A,C
0.0,0.8666666666666666,0.0,0.30000000000000004,0.9500000000000001,0.9166666666666666,98.8,Placed,A,A
0.20000000000000004,0.18333333333333335,0.0,1.0,0.7000000000000001,0.6833333333333332,78.07,Placed,B,B
0.0,0.31666666666666665,0.19999999999999996,0.30000000000000004,0.9500000000000001,0.8333333333333334,99.33,Placed,A,A
0.8,0.2833333333333333,0.8,0.6000000000000001,0.7000000000000001,0.6833333333333332,100.0,Placed,A,B
0.1,0.5499999999999999,1.0,0.6000000000000001,0.9,0.8666666666666666,100.0,Placed,A,A
0.8,0.9,0.40000000000000013,0.8,0.25,0.5499999999999999,86.55,Placed,A,C
0.30000000000000004,0.8666666666666666,0.6000000000000001,0.9,0.9,0.1499999999999999,100.0,Placed,A,F
0.1,0.3666666666666666,0.6000000000000001,0.1,0.7000000000000001,0.35,97.01,Placed,A,D
0.30000000000000004,0.7333333333333333,0.6000000000000001,0.5000000000000001,0.9500000000000001,0.8166666666666665,100.0,Placed,A,A
1.0,0.43333333333333346,0.0,0.1,0.9500000000000001,0.04999999999999993,100.0,Placed,A,F
1.0,0.7999999999999999,0.40000000000000013,0.8,0.8500000000000001,0.033333333333333326,90.14,Placed,A,F
0.9,0.2666666666666667,0.0,0.1,0.05,0.7999999999999999,100.0,Placed,A,A
0.5000000000000001,0.7833333333333333,0.19999999999999996,0.5000000000000001,0.30000000000000004,0.9166666666666666,90.56,Placed,A,A
1.0,0.33333333333333337,0.6000000000000001,0.7000000000000001,0.2,0.9166666666666666,92.13,Placed,A,A
0.6000000000000001,0.8166666666666668,0.40000000000000013,0.5000000000000001,0.1,0.7999999999999999,99.15,Placed,A,A
0.20000000000000004,0.65,0.6000000000000001,0.20000000000000004,0.25,0.44999999999999984,69.32,Not Placed,C,C
0.20000000000000004,0.5000000000000001,0.0,0.4,0.25,0.35,54.6,Not Placed,D,D
0.9,0.033333333333333326,0.0,0.30000000000000004,0.0,0.18333333333333324,81.99,Placed,A,F
0.7000000000000001,0.2666666666666667,0.0,0.0,0.9,0.7999999999999999,100.0,Placed,A,A
0.4,1.0,0.6000000000000001,0.4,0.55,0.19999999999999996,96.09,Placed,A,F
0.30000000000000004,0.8166666666666668,0.40000000000000013,0.9,0.2,0.6666666666666666,91.28,Placed,A,B
0.6000000000000001,0.9500000000000001,0.40000000000000013,0.4,0.30000000000000004,0.5333333333333333,95.51,Placed,A,C
0.6000000000000001,0.41666666666666663,0.19999999999999996,0.6000000000000001,0.9500000000000001,0.7666666666666667,100.0,Placed,A,A
0.8,0.3666666666666666,0.6000000000000001,0.6000000000000001,0.35000000000000003,0.29999999999999993,94.33,Placed,A,D
0.8,0.08333333333333337,0.19999999999999996,0.1,0.9,0.6666666666666666,100.0,Placed,A,B
0.4,0.45000000000000007,1.0,0.30000000000000004,0.25,0.2666666666666666,71.77,Placed,B,D
0.7000000000000001,0.1166666666666667,0.19999999999999996,0.0,0.7000000000000001,0.7666666666666667,84.0,Placed,A,A
0.9,0.9,0.19999999999999996,0.4,0.25,0.5499999999999999,100.0,Placed,A,C
0.0,0.9500000000000001,0.19999999999999996,0.4,0.4,0.04999999999999993,61.77,Not Placed,C,F
0.8,0.7333333333333333,0.0,0.30000000000000004,0.15000000000000002,0.6333333333333332,79.45,Placed,B,B
0.7000000000000001,0.1166666666666667,1.0,0.9,0.75,0.11666666666666659,91.26,Placed,A,F
0.5000000000000001,0.30000000000000004,0.19999999999999996,0.6000000000000001,0.45,0.5333333333333333,87.05,Placed,A,C
0.20000000000000004,0.6166666666666666,0.40000000000000013,0.5000000000000001,0.0,0.0,54.4,Not Placed,D,F
0.20000000000000004,0.4666666666666667,0.19999999999999996,0.9,0.5,0.06666666666666665,63.64,Not Placed,C,F
0.7000000000000001,0.3666666666666666,0.0,0.20000000000000004,0.8,0.5166666666666667,100.0,Placed,A,C
0.4,0.7666666666666667,0.8,0.1,0.8500000000000001,0.65,100.0,Placed,A,B
0.9,0.5166666666666667,1.0,0.30000000000000004,0.9500000000000001,0.0,100.0,Placed,A,F
1.0,0.15000000000000002,0.8,0.8,0.9500000000000001,0.5666666666666665,100.0,Placed,A,C
0.6000000000000001,0.43333333333333346,0.8,0.9,0.7000000000000001,0.35,97.19,Placed,A,D
0.4,0.7999999999999999,1.0,0.4,0.25,0.4666666666666667,95.07,Placed,A,C
0.7000000000000001,0.0,0.6000000000000001,0.0,0.75,0.2666666666666666,100.0,Placed,A,D
0.9,0.6333333333333334,0.40000000000000013,1.0,0.05,0.4833333333333333,84.35,Placed,A,C
0.9,0.4666666666666667,0.0,0.20000000000000004,0.1,0.5666666666666665,100.0,Placed,A,C
0.30000000000000004,0.9666666666666667,1.0,0.8,0.8,0.9833333333333333,100.0,Placed,A,A
0.1,0.7333333333333333,0.8,0.6000000000000001,0.35000000000000003,0.0,77.58,Placed,B,F
0.20000000000000004,0.033333333333333326,0.0,0.20000000000000004,0.9500000000000001,0.04999999999999993,74.63,Placed,B,F
0.7000000000000001,0.8333333333333334,0.0,0.0,0.7000000000000001,0.1333333333333333,100.0,Placed,A,F
1.0,0.7666666666666667,0.6000000000000001,0.30000000000000004,0.6000000000000001,0.7333333333333333,100.0,Placed,A,B
0.6000000000000001,0.6,0.8,0.8,1.0,0.5166666666666667,100.0,Placed,A,C
0.1,0.5000000000000001,0.19999999999999996,0.6000000000000001,0.9,0.06666666666666665,84.33,Placed,A,F
0.5000000000000001,0.16666666666666674,0.0,0.4,0.0,0.21666666666666667,63.55,Not Placed,C,F
0.8,0.35,0.8,1.0,0.55,0.8333333333333334,97.1,Placed,A,A
0.30000000000000004,0.2833333333333333,0.0,0.5000000000000001,0.8500000000000001,0.41666666666666663,85.27,Placed,A,C
0.8,0.5666666666666668,0.6000000000000001,0.0,0.8500000000000001,0.3666666666666666,100.0,Placed,A,D
0.1,0.08333333333333337,0.6000000000000001,0.6000000000000001,0.1,0.7499999999999999,49.77,Not Placed,F,A
0.1,0.033333333333333326,0.19999999999999996,0.4,0.8500000000000001,0.35,75.32,Placed,B,D
0.8,0.06666666666666665,0.6000000000000001,0.6000000000000001,0.8,0.43333333333333324,100.0,Placed,A,C
0.6000000000000001,0.13333333333333341,0.8,0.4,0.5,0.3999999999999999,82.97,Placed,A,D
0.6000000000000001,0.45000000000000007,1.0,0.4,0.2,0.5833333333333334,85.02,Placed,A,B
0.0,0.30000000000000004,0.6000000000000001,0.20000000000000004,0.30000000000000004,0.04999999999999993,31.41,Not Placed,F,F
1.0,0.45000000000000007,1.0,0.4,0.8500000000000001,0.5166666666666667,100.0,Placed,A,C
0.5000000000000001,0.43333333333333346,0.19999999999999996,0.7000000000000001,0.30000000000000004,0.1333333333333333,79.66,Placed,B,F
0.6000000000000001,0.20000000000000007,0.40000000000000013,0.7000000000000001,0.8500000000000001,0.016666666666666607,80.73,Placed,A,F
1.0,1.0,0.0,0.1,0.05,0.6833333333333332,100.0,Placed,A,B
0.5000000000000001,0.6166666666666666,0.0,1.0,0.25,0.8166666666666665,100.0,Placed,A,A
0.5000000000000001,0.7000000000000001,0.8,0.0,0.35000000000000003,0.9333333333333332,100.0,Placed,A,A
0.1,0.8666666666666666,0.19999999999999996,0.1,1.0,0.6333333333333332,95.22,Placed,A,B
0.5000000000000001,0.33333333333333337,0.19999999999999996,1.0,1.0,0.8666666666666666,100.0,Placed,A,A
0.30000000000000004,0.43333333333333346,0.19999999999999996,0.6000000000000001,0.8,0.7499999999999999,87.54,Placed,A,A
0.8,0.7500000000000001,0.0,0.20000000000000004,0.15000000000000002,0.8666666666666666,98.7,Placed,A,A
0.0,0.08333333333333337,0.6000000000000001,0.7000000000000001,0.8,0.3999999999999999,72.94,Placed,B,D
0.7000000000000001,0.6166666666666666,0.0,0.30000000000000004,0.75,0.9999999999999999,100.0,Placed,A,A
0.4,0.7999999999999999,0.0,0.9,1.0,0.7666666666666667,85.87,Placed,A,A
0.0,0.16666666666666674,0.0,0.9,0.7000000000000001,0.1499999999999999,39.63,Not Placed,F,F
0.30000000000000004,0.7666666666666667,0.6000000000000001,0.7000000000000001,0.7000000000000001,0.6,98.29,Placed,A,B
0.0,0.6666666666666666,0.40000000000000013,0.1,0.35000000000000003,0.3999999999999999,90.65,Placed,A,D
0.5000000000000001,0.8666666666666666,0.8,0.4,0.8,0.65,100.0,Placed,A,B
0.1,0.2666666666666667,0.40000000000000013,0.5000000000000001,0.9,0.8833333333333332,90.69,Placed,A,A
0.4,0.9166666666666666,0.40000000000000013,0.0,0.0,0.8666666666666666,100.0,Placed,A,A
0.6000000000000001,0.6333333333333334,0.0,0.0,0.6000000000000001,0.4666666666666667,100.0,Placed,A,C
0.1,0.09999999999999998,0.40000000000000013,0.8,0.25,0.6,69.58,Not Placed,C,B
0.5000000000000001,0.4833333333333333,0.0,0.4,0.45,0.06666666666666665,83.36,Placed,A,F
0.5000000000000001,0.33333333333333337,0.0,0.30000000000000004,0.0,0.21666666666666667,40.48,Not Placed,F,F
0.4,0.0,0.8,0.0,0.55,0.5333333333333333,83.61,Placed,A,C
0.4,0.4,0.19999999999999996,0.20000000000000004,0.9,0.43333333333333324,100.0,Placed,A,C
0.20000000000000004,0.5166666666666667,0.0,0.30000000000000004,0.7000000000000001,0.06666666666666665,81.25,Placed,A,F
0.9,0.9666666666666667,0.40000000000000013,1.0,1.0,0.8333333333333334,100.0,Placed,A,A
0.9,0.9333333333333335,0.8,1.0,0.2,0.8833333333333332,91.4,Placed,A,A
1.0,0.1166666666666667,1.0,0.4,0.05,0.9333333333333332,100.0,Placed,A,A
0.1,0.06666666666666665,1.0,0.9,0.9,0.7166666666666667,70.08,Placed,B,B
0.6000000000000001,0.4833333333333333,1.0,0.4,0.65,0.23333333333333328,91.48,Placed,A,F
0.0,0.8333333333333334,0.40000000000000013,0.9,0.4,0.033333333333333326,71.89,Placed,B,F
0.5000000000000001,0.1166666666666667,0.19999999999999996,0.7000000000000001,0.0,0.0,47.93,Not Placed,F,F
0.5000000000000001,0.7999999999999999,0.6000000000000001,0.20000000000000004,0.6000000000000001,0.3833333333333333,94.93,Placed,A,D
0.20000000000000004,0.30000000000000004,0.19999999999999996,0.6000000000000001,0.8,0.18333333333333324,72.13,Placed,B,F
0.1,0.7166666666666667,0.8,0.5000000000000001,0.05,0.7333333333333333,83.89,Placed,A,B
0.1,0.9666666666666667,0.19999999999999996,0.9,0.65,0.21666666666666667,71.61,Placed,B,F
0.8,0.9,1.0,1.0,0.9500000000000001,0.9333333333333332,100.0,Placed,A,A
1.0,0.4833333333333333,0.19999999999999996,0.9,0.25,0.6833333333333332,91.39,Placed,A,B
0.4,0.2333333333333334,0.8,0.9,0.25,0.31666666666666665,58.87,Not Placed,D,D
0.6000000000000001,0.5833333333333334,0.8,1.0,0.8500000000000001,0.9499999999999998,100.0,Placed,A,A
0.4,0.9,1.0,0.5000000000000001,0.9,0.21666666666666667,98.22,Placed,A,F
0.6000000000000001,0.7166666666666667,0.40000000000000013,0.9,0.4,0.21666666666666667,88.9,Placed,A,F
0.30000000000000004,0.43333333333333346,0.0,0.8,0.7000000000000001,0.7333333333333333,100.0,Placed,A,B
0.7000000000000001,0.20000000000000007,0.6000000000000001,0.6000000000000001,0.30000000000000004,0.8666666666666666,84.32,Placed,A,A
1.0,0.21666666666666667,0.6000000000000001,1.0,0.25,0.5666666666666665,99.07,Placed,A,C
0.9,0.6,1.0,0.6000000000000001,0.2,0.9999999999999999,100.0,Placed,A,A
1.0,0.8833333333333334,0.6000000000000001,1.0,0.9,0.9166666666666666,100.0,Placed,A,A
0.9,0.7833333333333333,0.19999999999999996,0.0,0.9500000000000001,0.29999999999999993,100.0,Placed,A,D
0.6000000000000001,0.4833333333333333,0.8,0.0,0.0,0.31666666666666665,62.1,Not Placed,C,D
0.9,0.6333333333333334,0.8,0.8,1.0,0.6833333333333332,100.0,Placed,A,B
0.4,0.7666666666666667,1.0,0.8,0.30000000000000004,0.7166666666666667,83.25,Placed,A,B
1.0,0.20000000000000007,0.8,1.0,0.8500000000000001,0.3666666666666666,100.0,Placed,A,D
0.5000000000000001,0.9500000000000001,0.0,0.9,0.35000000000000003,0.5499999999999999,84.73,Placed,A,C
0.4,0.25,0.8,0.20000000000000004,0.55,0.0,74.92,Placed,B,F
0.6000000000000001,0.7166666666666667,0.8,1.0,0.45,0.04999999999999993,72.0,Placed,B,F
0.1,0.09999999999999998,0.19999999999999996,1.0,0.25,0.65,71.34,Placed,B,B
0.4,0.7833333333333333,0.40000000000000013,0.7000000000000001,0.75,0.2666666666666666,92.88,Placed,A,D
0.9,0.9,0.6000000000000001,0.8,0.9,0.41666666666666663,100.0,Placed,A,C
0.20000000000000004,0.9,0.19999999999999996,0.0,0.8500000000000001,0.21666666666666667,88.05,Placed,A,F
0.8,0.43333333333333346,0.19999999999999996,0.20000000000000004,0.6000000000000001,0.7499999999999999,100.0,Placed,A,A
0.5000000000000001,0.7333333333333333,0.19999999999999996,0.5000000000000001,0.9500000000000001,0.8333333333333334,93.65,Placed,A,A
0.9,1.0,0.6000000000000001,0.30000000000000004,0.30000000000000004,0.5166666666666667,100.0,Placed,A,C
0.20000000000000004,0.9,1.0,0.7000000000000001,0.30000000000000004,0.5833333333333334,100.0,Placed,A,B
0.6000000000000001,0.5666666666666668,0.19999999999999996,0.8,0.75,0.31666666666666665,99.71,Placed,A,D
0.30000000000000004,0.2333333333333334,0.40000000000000013,0.6000000000000001,0.45,0.25,64.47,Not Placed,C,D
0.20000000000000004,0.45000000000000007,1.0,1.0,0.7000000000000001,0.8333333333333334,95.81,Placed,A,A
0.7000000000000001,0.5666666666666668,0.8,0.0,0.65,0.29999999999999993,92.21,Placed,A,D
0.30000000000000004,0.09999999999999998,0.40000000000000013,0.1,0.55,0.7333333333333333,83.46,Placed,A,B
1.0,0.8166666666666668,1.0,0.0,0.7000000000000001,0.6333333333333332,100.0,Placed,A,B
0.0,0.7500000000000001,0.8,0.8,0.35000000000000003,0.3833333333333333,76.29,Placed,B,D
0.5000000000000001,0.8166666666666668,0.8,0.30000000000000004,0.30000000000000004,0.21666666666666667,82.02,Placed,A,F
0.9,0.8333333333333334,0.19999999999999996,0.9,1.0,0.4666666666666667,100.0,Placed,A,C
1.0,0.7500000000000001,0.19999999999999996,0.7000000000000001,0.4,0.6833333333333332,100.0,Placed,A,B
1.0,0.31666666666666665,0.6000000000000001,0.4,0.65,0.21666666666666667,100.0,Placed,A,F
0.0,0.5166666666666667,0.0,0.4,0.30000000000000004,0.85,73.06,Placed,B,A
0.4,0.6166666666666666,0.40000000000000013,0.4,0.55,0.16666666666666663,83.18,Placed,A,F
0.6000000000000001,1.0,0.6000000000000001,1.0,0.65,0.16666666666666663,99.71,Placed,A,F
0.5000000000000001,0.65,0.6000000000000001,0.4,0.5,0.7666666666666667,97.08,Placed,A,A
0.1,0.5166666666666667,0.40000000000000013,0.20000000000000004,0.9,0.65,89.06,Placed,A,B
1.0,0.41666666666666663,1.0,0.5000000000000001,0.25,0.3833333333333333,89.34,Placed,A,D
0.30000000000000004,0.9500000000000001,0.40000000000000013,0.0,0.1,0.35,88.33,Placed,A,D
1.0,0.6333333333333334,0.8,0.7000000000000001,0.25,0.7999999999999999,100.0,Placed,A,A
0.1,0.31666666666666665,0.0,0.30000000000000004,0.4,0.9,65.7,Not Placed,C,A
1.0,0.2833333333333333,1.0,0.5000000000000001,0.05,0.9,100.0,Placed,A,A
0.0,0.8166666666666668,0.19999999999999996,0.1,0.25,0.33333333333333326,84.3,Placed,A,D
0.20000000000000004,0.2333333333333334,0.0,0.1,0.65,0.08333333333333326,66.7,Not Placed,C,F
0.20000000000000004,0.85,0.0,0.7000000000000001,0.9,0.21666666666666667,88.11,Placed,A,F
0.6000000000000001,0.35,0.19999999999999996,0.0,0.15000000000000002,0.1333333333333333,71.68,Placed,B,F
0.0,0.8333333333333334,0.0,0.7000000000000001,0.65,0.5666666666666665,65.02,Not Placed,C,C
0.8,0.35,1.0,0.9,1.0,0.7166666666666667,100.0,Placed,A,B
1.0,0.8666666666666666,1.0,0.9,0.45,0.5833333333333334,100.0,Placed,A,B
0.5000000000000001,0.33333333333333337,1.0,0.0,0.25,0.3999999999999999,100.0,Placed,A,D
0.30000000000000004,0.01666666666666672,0.6000000000000001,0.8,0.5,0.23333333333333328,79.72,Placed,B,F
0.20000000000000004,0.65,0.6000000000000001,0.0,0.6000000000000001,0.7333333333333333,100.0,Placed,A,B
0.20000000000000004,0.8666666666666666,1.0,0.30000000000000004,0.8500000000000001,0.9499999999999998,100.0,Placed,A,A
0.1,0.7000000000000001,0.19999999999999996,0.8,0.9500000000000001,0.44999999999999984,75.98,Placed,B,C
0.1,0.2833333333333333,0.19999999999999996,0.0,0.65,0.8166666666666665,87.78,Placed,A,A
0.9,0.3666666666666666,0.40000000000000013,0.8,0.9500000000000001,0.21666666666666667,100.0,Placed,A,F
0.4,0.20000000000000007,0.40000000000000013,0.7000000000000001,0.9500000000000001,0.19999999999999996,99.67,Placed,A,F
0.8,0.6666666666666666,1.0,0.4,0.5,0.6666666666666666,100.0,Placed,A,B
0.1,0.13333333333333341,0.0,0.5000000000000001,1.0,0.4999999999999999,75.07,Placed,B,C
0.1,0.7999999999999999,0.0,0.4,0.2,0.06666666666666665,48.81,Not Placed,F,F
0.5000000000000001,0.09999999999999998,0.19999999999999996,0.30000000000000004,0.35000000000000003,0.29999999999999993,74.69,Placed,B,D
0.9,0.6666666666666666,0.0,0.9,0.15000000000000002,0.11666666666666659,93.06,Placed,A,F
0.1,0.8833333333333334,0.8,0.30000000000000004,0.55,0.19999999999999996,77.52,Placed,B,F
0.30000000000000004,0.0,0.6000000000000001,0.9,0.25,0.6666666666666666,74.19,Placed,B,B
0.5000000000000001,0.01666666666666672,0.0,0.7000000000000001,0.35000000000000003,0.2666666666666666,77.27,Placed,B,D
0.4,0.050000000000000044,0.0,0.7000000000000001,0.15000000000000002,0.5166666666666667,58.22,Not Placed,D,C
0.0,0.21666666666666667,0.40000000000000013,0.8,0.9500000000000001,0.06666666666666665,63.47,Not Placed,C,F
0.5000000000000001,0.5166666666666667,0.8,0.20000000000000004,0.45,0.1333333333333333,100.0,Placed,A,F
0.0,0.5833333333333334,0.0,0.9,0.5,0.6999999999999998,72.02,Placed,B,B
0.20000000000000004,0.01666666666666672,0.6000000000000001,0.7000000000000001,0.7000000000000001,0.5499999999999999,93.21,Placed,A,C
0.9,0.65,0.0,0.20000000000000004,0.2,0.7333333333333333,100.0,Placed,A,B
0.4,0.8166666666666668,0.19999999999999996,0.1,0.1,0.0,83.05,Placed,A,F
0.9,0.8333333333333334,0.8,0.1,0.7000000000000001,0.65,100.0,Placed,A,B
0.4,0.21666666666666667,0.0,0.8,0.05,0.23333333333333328,62.09,Not Placed,C,F
0.9,0.31666666666666665,0.8,0.30000000000000004,0.05,0.8833333333333332,100.0,Placed,A,A
0.5000000000000001,0.4,0.0,0.4,0.35000000000000003,0.5166666666666667,69.39,Not Placed,C,C
0.9,0.6833333333333335,0.6000000000000001,0.1,0.65,0.5499999999999999,100.0,Placed,A,C
0.7000000000000001,0.7999999999999999,0.6000000000000001,0.8,0.4,0.5666666666666665,99.87,Placed,A,C
0.4,0.1166666666666667,0.8,0.6000000000000001,0.2,0.8666666666666666,88.37,Placed,A,A
1.0,0.45000000000000007,1.0,0.20000000000000004,0.55,0.7999999999999999,100.0,Placed,A,A
0.0,0.7500000000000001,0.40000000000000013,0.5000000000000001,0.45,0.8166666666666665,62.57,Not Placed,C,A
0.4,0.33333333333333337,0.40000000000000013,0.6000000000000001,0.0,0.9666666666666667,75.65,Placed,B,A
0.20000000000000004,0.3666666666666666,0.19999999999999996,0.5000000000000001,0.9,0.44999999999999984,85.28,Placed,A,C
0.30000000000000004,0.5166666666666667,1.0,0.9,0.5,0.2666666666666666,85.25,Placed,A,D
0.7000000000000001,0.1166666666666667,0.40000000000000013,1.0,0.8,0.7499999999999999,100.0,Placed,A,A
0.6000000000000001,0.5000000000000001,0.8,0.9,0.1,0.16666666666666663,66.94,Not Placed,C,F
1.0,0.6,0.40000000000000013,0.5000000000000001,0.0,0.3666666666666666,87.14,Placed,A,D
0.4,0.25,0.19999999999999996,0.7000000000000001,0.8,0.9,88.55,Placed,A,A
0.1,0.65,0.0,0.7000000000000001,0.25,0.41666666666666663,51.89,Not Placed,D,C
0.5000000000000001,0.6833333333333335,0.40000000000000013,0.4,0.6000000000000001,0.7499999999999999,88.09,Placed,A,A
1.0,0.43333333333333346,0.8,0.30000000000000004,0.9500000000000001,0.06666666666666665,100.0,Placed,A,F
0.5000000000000001,0.65,0.8,1.0,0.15000000000000002,0.41666666666666663,100.0,Placed,A,C
0.9,0.6666666666666666,0.19999999999999996,0.4,0.2,0.08333333333333326,98.69,Placed,A,F
0.9,0.2833333333333333,0.19999999999999996,0.8,0.7000000000000001,0.9999999999999999,100.0,Placed,A,A
1.0,0.5666666666666668,0.6000000000000001,0.9,0.65,0.8333333333333334,100.0,Placed,A,A
0.5000000000000001,0.7999999999999999,0.6000000000000001,0.5000000000000001,0.9,0.6999999999999998,100.0,Placed,A,B
0.8,0.85,0.6000000000000001,0.20000000000000004,0.7000000000000001,0.5499999999999999,100.0,Placed,A,C
1.0,0.2333333333333334,0.0,0.20000000000000004,0.55,0.6833333333333332,100.0,Placed,A,B
0.7000000000000001,0.8666666666666666,0.8,0.0,0.8500000000000001,0.19999999999999996,100.0,Placed,A,F
0.7000000000000001,0.43333333333333346,0.6000000000000001,0.4,0.65,0.3999999999999999,98.08,Placed,A,D
0.0,0.2666666666666667,0.8,0.5000000000000001,0.45,0.016666666666666607,44.41,Not Placed,F,F
0.4,0.65,0.19999999999999996,0.7000000000000001,0.35000000000000003,0.21666666666666667,68.83,Not Placed,C,F
0.6000000000000001,0.01666666666666672,0.0,1.0,0.15000000000000002,0.2666666666666666,79.85,Placed,B,D
0.5000000000000001,0.7999999999999999,0.19999999999999996,0.8,0.8500000000000001,0.6666666666666666,100.0,Placed,A,B
0.4,0.8166666666666668,0.8,0.6000000000000001,0.35000000000000003,0.65,96.02,Placed,A,B
0.7000000000000001,0.5000000000000001,1.0,0.0,0.15000000000000002,0.65,100.0,Placed,A,B
0.20000000000000004,1.0,1.0,0.6000000000000001,0.5,0.6333333333333332,100.0,Placed,A,B
0.5000000000000001,0.6,0.6000000000000001,0.9,0.2,0.3999999999999999,75.88,Placed,B,D
0.4,0.6666666666666666,1.0,0.8,0.45,0.43333333333333324,76.76,Placed,B,C
0.7000000000000001,0.6666666666666666,0.19999999999999996,0.30000000000000004,0.25,0.7833333333333333,98.0,Placed,A,A
0.30000000000000004,0.5499999999999999,1.0,1.0,0.15000000000000002,0.8333333333333334,78.32,Placed,B,A
0.7000000000000001,0.5499999999999999,0.40000000000000013,0.6000000000000001,0.8500000000000001,0.3833333333333333,100.0,Placed,A,D
0.9,0.8333333333333334,0.0,0.8,1.0,0.7999999999999999,100.0,Placed,A,A
0.1,0.9,0.8,0.0,0.8,0.5333333333333333,91.4,Placed,A,C
0.8,0.9666666666666667,0.6000000000000001,0.9,0.30000000000000004,0.43333333333333324,87.86,Placed,A,C
0.8,0.033333333333333326,0.19999999999999996,0.8,0.4,0.7333333333333333,77.84,Placed,B,B
0.9,0.2666666666666667,0.0,0.30000000000000004,0.1,0.4999999999999999,93.45,Placed,A,C
0.9,0.21666666666666667,0.6000000000000001,0.7000000000000001,0.4,0.7833333333333333,95.53,Placed,A,A
0.5000000000000001,0.21666666666666667,0.19999999999999996,0.20000000000000004,0.15000000000000002,0.6166666666666666,81.71,Placed,A,B
0.30000000000000004,0.7500000000000001,1.0,0.1,0.9,0.23333333333333328,100.0,Placed,A,F
0.30000000000000004,0.6166666666666666,0.8,0.7000000000000001,0.4,0.7166666666666667,92.15,Placed,A,B
0.5000000000000001,0.5666666666666668,0.40000000000000013,0.7000000000000001,0.9500000000000001,0.9166666666666666,100.0,Placed,A,A
0.4,0.0,0.40000000000000013,0.20000000000000004,0.25,0.65,66.56,Not Placed,C,B
0.5000000000000001,0.7833333333333333,1.0,0.7000000000000001,0.5,0.9499999999999998,100.0,Placed,A,A
0.6000000000000001,0.4666666666666667,0.8,1.0,0.7000000000000001,0.0,79.19,Placed,B,F
0.6000000000000001,0.050000000000000044,0.0,1.0,0.25,0.16666666666666663,80.54,Placed,A,F
0.8,1.0,0.8,0.5000000000000001,0.9500000000000001,0.23333333333333328,100.0,Placed,A,F
0.7000000000000001,0.5333333333333333,1.0,0.9,0.45,0.5333333333333333,89.76,Placed,A,C
0.5000000000000001,0.2666666666666667,0.19999999999999996,0.8,0.8500000000000001,0.9333333333333332,83.95,Placed,A,A
0.5000000000000001,0.45000000000000007,0.0,0.9,0.75,0.7833333333333333,96.23,Placed,A,A
0.4,0.8166666666666668,0.40000000000000013,0.5000000000000001,0.15000000000000002,0.5166666666666667,88.91,Placed,A,C
0.0,0.41666666666666663,1.0,0.7000000000000001,0.9500000000000001,0.3999999999999999,69.25,Not Placed,C,D
0.8,0.1166666666666667,0.19999999999999996,0.1,0.6000000000000001,0.6333333333333332,100.0,Placed,A,B
0.8,0.5499999999999999,1.0,0.0,0.2,0.5333333333333333,100.0,Placed,A,C
0.8,0.9666666666666667,0.6000000000000001,0.9,0.9500000000000001,0.4666666666666667,100.0,Placed,A,C
1.0,0.2833333333333333,0.6000000000000001,0.9,0.9,0.9499999999999998,100.0,Placed,A,A
0.7000000000000001,0.5000000000000001,0.6000000000000001,0.1,0.8500000000000001,0.5499999999999999,100.0,Placed,A,C
0.9,0.9666666666666667,0.40000000000000013,0.30000000000000004,0.9500000000000001,0.11666666666666659,100.0,Placed,A,F
0.20000000000000004,0.43333333333333346,0.8,0.9,0.8,0.9166666666666666,79.12,Placed,B,A
0.0,0.25,0.0,0.8,0.75,0.16666666666666663,68.42,Not Placed,C,F
1.0,0.9500000000000001,0.40000000000000013,0.6000000000000001,0.0,0.19999999999999996,100.0,Placed,A,F
0.7000000000000001,0.15000000000000002,0.19999999999999996,0.8,1.0,0.06666666666666665,87.79,Placed,A,F
0.6000000000000001,0.65,0.19999999999999996,0.8,0.0,0.8166666666666665,67.29,Not Placed,C,A
0.4,0.18333333333333335,0.6000000000000001,0.8,0.9500000000000001,0.29999999999999993,91.52,Placed,A,D
0.9,0.35,0.0,0.7000000000000001,0.65,0.33333333333333326,81.22,Placed,A,D
0.6000000000000001,0.25,0.6000000000000001,0.5000000000000001,0.05,0.033333333333333326,70.75,Placed,B,F
0.9,0.18333333333333335,0.19999999999999996,1.0,0.7000000000000001,0.41666666666666663,91.22,Placed,A,C
0.30000000000000004,0.16666666666666674,0.19999999999999996,0.9,0.1,0.5333333333333333,50.3,Not Placed,D,C
0.8,0.31666666666666665,0.8,0.6000000000000001,0.6000000000000001,0.4833333333333333,100.0,Placed,A,C
1.0,0.8333333333333334,0.8,0.1,0.9,0.35,100.0,Placed,A,D
0.9,0.0,0.8,1.0,0.0,0.06666666666666665,84.99,Placed,A,F
0.1,0.43333333333333346,0.6000000000000001,0.0,0.6000000000000001,0.29999999999999993,79.72,Placed,B,D
0.8,0.033333333333333326,1.0,0.4,0.7000000000000001,0.1333333333333333,100.0,Placed,A,F
0.8,0.18333333333333335,0.0,0.7000000000000001,0.75,0.9499999999999998,100.0,Placed,A,A
0.4,0.4833333333333333,0.8,0.20000000000000004,0.5,0.3833333333333333,88.4,Placed,A,D
1.0,0.13333333333333341,0.40000000000000013,0.6000000000000001,0.1,0.6333333333333332,100.0,Placed,A,B
0.0,0.8666666666666666,0.8,0.4,0.35000000000000003,0.18333333333333324,73.34,Placed,B,F
0.6000000000000001,1.0,0.6000000000000001,0.9,0.25,0.7499999999999999,100.0,Placed,A,A
0.9,0.8833333333333334,0.0,0.7000000000000001,0.2,0.9999999999999999,100.0,Placed,A,A
0.9,0.6,0.8,0.5000000000000001,0.7000000000000001,0.7833333333333333,100.0,Placed,A,A
0.30000000000000004,0.0,0.0,0.5000000000000001,0.4,0.7333333333333333,61.96,Not Placed,C,B
0.8,0.6833333333333335,0.40000000000000013,0.6000000000000001,0.2,0.43333333333333324,85.66,Placed,A,C
0.5000000000000001,0.7999999999999999,0.19999999999999996,0.6000000000000001,1.0,0.8166666666666665,100.0,Placed,A,A
0.20000000000000004,0.050000000000000044,0.0,0.30000000000000004,0.45,0.6833333333333332,78.0,Placed,B,B
0.5000000000000001,0.2333333333333334,1.0,0.9,0.25,0.8666666666666666,76.5,Placed,B,A
0.9,0.8333333333333334,0.8,0.9,0.5,0.33333333333333326,100.0,Placed,A,D
0.5000000000000001,0.43333333333333346,0.6000000000000001,0.9,0.15000000000000002,0.6166666666666666,73.65,Placed,B,B
0.4,0.1166666666666667,1.0,0.7000000000000001,0.9500000000000001,0.8833333333333332,96.79,Placed,A,A
0.1,0.9833333333333333,1.0,0.5000000000000001,0.55,0.5666666666666665,72.03,Placed,B,C
0.9,0.9833333333333333,0.6000000000000001,1.0,0.9500000000000001,0.5166666666666667,100.0,Placed,A,C
0.9,0.3666666666666666,0.6000000000000001,0.7000000000000001,0.25,0.9666666666666667,100.0,Placed,A,A
0.1,0.2333333333333334,0.6000000000000001,0.6000000000000001,0.0,0.5833333333333334,63.45,Not Placed,C,B
0.6000000000000001,0.43333333333333346,1.0,0.0,0.8500000000000001,0.5333333333333333,100.0,Placed,A,C
0.1,0.5000000000000001,0.0,0.30000000000000004,0.05,0.6999999999999998,69.04,Not Placed,C,B
0.5000000000000001,0.6333333333333334,0.6000000000000001,0.6000000000000001,0.2,0.2666666666666666,80.34,Placed,A,D
0.4,0.7666666666666667,0.19999999999999996,0.8,0.75,0.06666666666666665,90.06,Placed,A,F
0.30000000000000004,0.1166666666666667,1.0,0.1,0.55,0.7166666666666667,100.0,Placed,A,B
0.6000000000000001,0.4833333333333333,1.0,0.4,0.55,0.31666666666666665,90.01,Placed,A,D
0.7000000000000001,0.9500000000000001,1.0,0.8,0.5,0.3666666666666666,100.0,Placed,A,D
0.30000000000000004,0.9,0.40000000000000013,0.8,0.9500000000000001,0.6333333333333332,90.8,Placed,A,B
0.0,0.6833333333333335,0.0,0.5000000000000001,0.9,0.04999999999999993,86.41,Placed,A,F
0.0,0.2833333333333333,0.0,0.6000000000000001,1.0,0.41666666666666663,70.34,Placed,B,C
0.0,0.050000000000000044,0.6000000000000001,0.8,0.30000000000000004,0.4833333333333333,57.07,Not Placed,D,C
1.0,0.7666666666666667,1.0,0.9,0.05,0.7833333333333333,100.0,Placed,A,A
0.0,0.7000000000000001,1.0,0.7000000000000001,0.25,0.7666666666666667,91.21,Placed,A,A
0.4,0.35,0.6000000000000001,0.9,0.15000000000000002,0.7499999999999999,61.93,Not Placed,C,A
0.30000000000000004,0.033333333333333326,0.0,0.5000000000000001,0.05,0.4666666666666667,65.5,Not Placed,C,C
0.8,0.2333333333333334,0.6000000000000001,0.5000000000000001,0.8,0.5499999999999999,90.7,Placed,A,C
0.20000000000000004,0.5666666666666668,0.6000000000000001,0.6000000000000001,0.35000000000000003,0.1499999999999999,56.49,Not Placed,D,F
0.6000000000000001,0.7666666666666667,0.6000000000000001,0.6000000000000001,0.2,0.31666666666666665,84.79,Placed,A,D
1.0,0.6166666666666666,0.6000000000000001,0.1,0.45,0.3833333333333333,100.0,Placed,A,D
0.7000000000000001,0.5333333333333333,0.6000000000000001,0.8,0.75,0.5499999999999999,100.0,Placed,A,C
0.5000000000000001,0.21666666666666667,0.8,0.30000000000000004,0.05,0.6,81.47,Placed,A,B
0.9,0.7833333333333333,0.8,0.9,0.9,0.19999999999999996,100.0,Placed,A,F
0.0,0.0,1.0,0.8,0.30000000000000004,0.3666666666666666,56.9,Not Placed,D,D
0.7000000000000001,0.8666666666666666,1.0,1.0,0.05,0.1499999999999999,94.9,Placed,A,F
0.9,0.7999999999999999,0.8,0.9,0.6000000000000001,0.35,100.0,Placed,A,D
0.20000000000000004,0.41666666666666663,0.0,0.20000000000000004,0.15000000000000002,0.7333333333333333,55.59,Not Placed,D,B
0.7000000000000001,0.1166666666666667,0.40000000000000013,0.4,0.75,0.21666666666666667,94.75,Placed,A,F
0.30000000000000004,0.8166666666666668,0.0,0.4,0.45,0.3999999999999999,82.65,Placed,A,D
0.7000000000000001,0.25,1.0,0.6000000000000001,0.8,0.2833333333333333,100.0,Placed,A,D
1.0,0.6166666666666666,0.8,0.30000000000000004,1.0,0.31666666666666665,100.0,Placed,A,D
0.0,0.15000000000000002,0.0,1.0,0.65,0.9,77.06,Placed,B,A
0.20000000000000004,0.6833333333333335,0.40000000000000013,0.30000000000000004,0.55,0.44999999999999984,65.77,Not Placed,C,C
0.5000000000000001,0.6,0.6000000000000001,0.0,0.6000000000000001,0.11666666666666659,89.38,Placed,A,F
0.8,0.41666666666666663,0.19999999999999996,0.5000000000000001,0.9500000000000001,0.06666666666666665,100.0,Placed,A,F
0.1,0.45000000000000007,0.8,0.30000000000000004,0.35000000000000003,0.33333333333333326,76.0,Placed,B,D
1.0,0.18333333333333335,0.8,1.0,0.8,0.31666666666666665,100.0,Placed,A,D
0.0,0.31666666666666665,0.40000000000000013,0.9,0.8500000000000001,0.9333333333333332,98.71,Placed,A,A
0.9,0.7999999999999999,0.6000000000000001,0.9,1.0,0.7166666666666667,100.0,Placed,A,B
0.20000000000000004,0.21666666666666667,0.6000000000000001,0.4,0.45,0.25,75.51,Placed,B,D
0.30000000000000004,0.7500000000000001,0.19999999999999996,1.0,0.6000000000000001,0.9499999999999998,79.32,Placed,B,A
1.0,0.5666666666666668,0.6000000000000001,0.8,0.05,0.31666666666666665,85.68,Placed,A,D
0.4,0.4666666666666667,0.40000000000000013,0.30000000000000004,0.8,0.8333333333333334,100.0,Placed,A,A
0.20000000000000004,0.18333333333333335,1.0,0.0,0.25,0.3999999999999999,61.01,Not Placed,C,D
0.9,0.85,0.6000000000000001,1.0,0.55,0.09999999999999998,100.0,Placed,A,F
1.0,0.2833333333333333,1.0,0.8,0.6000000000000001,0.3999999999999999,100.0,Placed,A,D
0.1,0.7166666666666667,1.0,0.4,0.15000000000000002,0.5833333333333334,95.74,Placed,A,B
0.1,0.01666666666666672,0.40000000000000013,0.9,0.7000000000000001,0.8333333333333334,81.84,Placed,A,A
0.6000000000000001,0.01666666666666672,0.8,1.0,0.75,0.1499999999999999,86.46,Placed,A,F
0.8,0.9666666666666667,0.8,0.6000000000000001,1.0,0.65,100.0,Placed,A,B
0.9,0.2666666666666667,0.8,0.20000000000000004,0.9,0.25,100.0,Placed,A,D
0.1,0.15000000000000002,0.0,0.30000000000000004,0.7000000000000001,0.04999999999999993,43.92,Not Placed,F,F
0.6000000000000001,0.2833333333333333,0.8,0.9,0.25,0.1499999999999999,83.6,Placed,A,F
0.6000000000000001,0.35,0.40000000000000013,0.8,0.9500000000000001,0.8333333333333334,100.0,Placed,A,A
1.0,0.30000000000000004,0.19999999999999996,0.9,0.25,0.7833333333333333,98.36,Placed,A,A
0.6000000000000001,0.9500000000000001,0.6000000000000001,0.0,0.2,0.4999999999999999,97.1,Placed,A,C
0.20000000000000004,0.8666666666666666,0.8,1.0,0.05,0.18333333333333324,55.04,Not Placed,D,F
0.6000000000000001,0.0,0.0,0.4,0.9500000000000001,0.31666666666666665,92.02,Placed,A,D
0.0,0.3833333333333334,1.0,0.7000000000000001,0.05,0.5166666666666667,61.3,Not Placed,C,C
0.9,1.0,0.0,0.9,0.2,0.016666666666666607,93.39,Placed,A,F
0.0,0.5833333333333334,0.40000000000000013,0.6000000000000001,0.1,0.9833333333333333,56.36,Not Placed,D,A
0.4,0.4,0.19999999999999996,0.30000000000000004,0.25,0.16666666666666663,80.99,Placed,A,F
0.1,0.5833333333333334,0.8,0.6000000000000001,0.5,0.31666666666666665,72.72,Placed,B,D
0.8,0.5000000000000001,0.8,0.0,0.2,0.3666666666666666,100.0,Placed,A,D
0.6000000000000001,0.5000000000000001,0.0,0.5000000000000001,0.8500000000000001,0.19999999999999996,86.68,Placed,A,F
0.30000000000000004,0.01666666666666672,0.40000000000000013,0.8,0.65,0.5666666666666665,81.24,Placed,A,C
0.30000000000000004,0.30000000000000004,0.0,0.20000000000000004,0.45,0.2666666666666666,90.08,Placed,A,D
0.1,0.8666666666666666,0.0,0.30000000000000004,0.1,0.1499999999999999,67.29,Not Placed,C,F
0.4,0.18333333333333335,0.19999999999999996,0.7000000000000001,0.75,0.65,83.38,Placed,A,B
0.30000000000000004,0.15000000000000002,0.40000000000000013,0.4,0.75,0.6166666666666666,70.47,Placed,B,B
0.0,0.5000000000000001,0.19999999999999996,0.4,0.5,0.21666666666666667,57.08,Not Placed,D,F
0.7000000000000001,0.7333333333333333,0.40000000000000013,0.0,0.15000000000000002,0.29999999999999993,88.22,Placed,A,D
0.20000000000000004,1.0,0.8,0.5000000000000001,0.5,0.5166666666666667,96.35,Placed,A,C
0.5000000000000001,0.35,0.6000000000000001,0.1,0.35000000000000003,0.9166666666666666,93.83,Placed,A,A
0.30000000000000004,0.3666666666666666,1.0,0.0,0.75,0.8833333333333332,100.0,Placed,A,A
0.8,0.85,0.6000000000000001,0.5000000000000001,0.35000000000000003,0.5333333333333333,100.0,Placed,A,C
0.6000000000000001,0.3666666666666666,0.40000000000000013,0.4,0.4,0.9333333333333332,100.0,Placed,A,A
0.8,0.2333333333333334,0.6000000000000001,0.4,0.65,0.6999999999999998,100.0,Placed,A,B
0.9,0.41666666666666663,0.0,0.8,0.35000000000000003,0.3999999999999999,86.73,Placed,A,D
0.20000000000000004,0.033333333333333326,0.8,0.9,0.75,0.3999999999999999,61.11,Not Placed,C,D
0.0,0.3666666666666666,1.0,0.9,0.05,0.21666666666666667,53.76,Not Placed,D,F
0.4,0.31666666666666665,1.0,0.20000000000000004,0.9500000000000001,0.7333333333333333,100.0,Placed,A,B
0.20000000000000004,1.0,1.0,0.0,0.9,0.7166666666666667,100.0,Placed,A,B
0.5000000000000001,0.7333333333333333,0.8,0.7000000000000001,0.9500000000000001,0.8833333333333332,100.0,Placed,A,A
0.7000000000000001,0.65,0.6000000000000001,0.4,0.9500000000000001,0.6166666666666666,100.0,Placed,A,B
1.0,0.9333333333333335,1.0,1.0,0.9,0.9999999999999999,100.0,Placed,A,A
0.30000000000000004,0.6333333333333334,1.0,0.4,0.9,0.5833333333333334,100.0,Placed,A,B
0.4,0.9166666666666666,0.40000000000000013,0.7000000000000001,0.8500000000000001,0.3833333333333333,100.0,Placed,A,D
0.4,0.1166666666666667,0.0,0.7000000000000001,0.6000000000000001,0.6666666666666666,70.62,Placed,B,B
0.30000000000000004,0.2833333333333333,0.40000000000000013,1.0,0.8,0.9833333333333333,67.9,Not Placed,C,A
0.30000000000000004,0.6666666666666666,0.6000000000000001,0.1,0.0,0.6333333333333332,80.84,Placed,A,B
0.30000000000000004,0.08333333333333337,0.8,0.20000000000000004,1.0,0.6333333333333332,100.0,Placed,A,B
0.30000000000000004,0.43333333333333346,0.8,0.9,0.2,0.19999999999999996,73.48,Placed,B,F
0.30000000000000004,0.5833333333333334,0.40000000000000013,0.9,0.9500000000000001,0.016666666666666607,61.77,Not Placed,C,F
0.4,0.2333333333333334,0.19999999999999996,0.0,1.0,0.5499999999999999,100.0,Placed,A,C
0.1,0.6,0.40000000000000013,0.20000000000000004,0.6000000000000001,0.9833333333333333,100.0,Placed,A,A
0.1,0.9500000000000001,0.19999999999999996,0.30000000000000004,0.25,0.23333333333333328,73.67,Placed,B,F
0.8,0.06666666666666665,0.40000000000000013,1.0,0.45,0.9499999999999998,84.79,Placed,A,A
0.1,0.6333333333333334,0.19999999999999996,0.6000000000000001,0.4,0.7833333333333333,75.5,Placed,B,A
0.5000000000000001,0.13333333333333341,0.19999999999999996,0.8,0.25,0.9666666666666667,70.77,Placed,B,A
0.1,0.09999999999999998,1.0,0.4,0.0,0.016666666666666607,35.08,Not Placed,F,F
0.4,0.6666666666666666,1.0,0.0,0.8500000000000001,0.85,100.0,Placed,A,A
0.30000000000000004,0.31666666666666665,0.19999999999999996,0.1,0.30000000000000004,0.3999999999999999,76.09,Placed,B,D
0.6000000000000001,0.15000000000000002,0.19999999999999996,0.9,0.45,0.06666666666666665,61.5,Not Placed,C,F
0.6000000000000001,0.41666666666666663,0.0,0.1,0.55,0.5499999999999999,94.45,Placed,A,C
0.5000000000000001,0.050000000000000044,0.19999999999999996,0.8,1.0,0.85,100.0,Placed,A,A
0.9,0.6166666666666666,1.0,0.9,0.7000000000000001,0.6333333333333332,100.0,Placed,A,B
0.4,0.3833333333333334,0.19999999999999996,0.6000000000000001,0.8,0.06666666666666665,76.13,Placed,B,F
0.0,0.21666666666666667,0.8,0.1,0.1,0.6999999999999998,65.88,Not Placed,C,B
0.20000000000000004,0.6666666666666666,0.0,0.0,0.7000000000000001,0.11666666666666659,96.63,Placed,A,F
0.8,0.0,0.19999999999999996,0.4,0.0,0.7999999999999999,98.14,Placed,A,A
0.0,0.2666666666666667,1.0,0.0,0.5,0.21666666666666667,47.3,Not Placed,F,F
0.4,0.7333333333333333,1.0,0.8,0.25,0.4666666666666667,80.25,Placed,A,C
0.1,0.3833333333333334,0.6000000000000001,0.20000000000000004,0.75,0.4833333333333333,85.55,Placed,A,C
0.30000000000000004,0.43333333333333346,1.0,0.1,1.0,0.6,100.0,Placed,A,B
1.0,0.09999999999999998,0.0,0.5000000000000001,0.55,0.04999999999999993,88.45,Placed,A,F
0.0,0.13333333333333341,1.0,0.20000000000000004,1.0,0.5666666666666665,86.37,Placed,A,C
0.20000000000000004,0.7000000000000001,0.8,0.4,0.7000000000000001,0.09999999999999998,81.61,Placed,A,F
0.9,0.5666666666666668,0.40000000000000013,0.9,0.8500000000000001,0.41666666666666663,100.0,Placed,A,C
0.6000000000000001,0.9500000000000001,0.8,0.7000000000000001,0.45,0.5166666666666667,100.0,Placed,A,C
0.9,0.18333333333333335,0.8,0.9,0.55,0.6999999999999998,100.0,Placed,A,B
0.20000000000000004,0.33333333333333337,0.0,0.1,0.9500000000000001,0.5333333333333333,88.96,Placed,A,C
0.30000000000000004,0.033333333333333326,0.0,0.4,0.9,0.8833333333333332,100.0,Placed,A,A
0.1,0.2333333333333334,0.6000000000000001,1.0,0.2,0.3833333333333333,54.53,Not Placed,D,D
0.20000000000000004,0.33333333333333337,1.0,0.7000000000000001,0.8500000000000001,0.8166666666666665,100.0,Placed,A,A
0.8,0.15000000000000002,0.6000000000000001,0.0,0.9,0.8833333333333332,100.0,Placed,A,A
0.20000000000000004,0.5333333333333333,0.0,0.9,0.55,0.9666666666666667,79.12,Placed,B,A
1.0,0.7500000000000001,1.0,0.9,0.0,0.0,94.17,Placed,A,F
0.4,0.9666666666666667,0.0,1.0,0.05,0.4666666666666667,46.86,Not Placed,F,C
0.1,0.85,0.0,0.30000000000000004,0.1,0.7833333333333333,72.73,Placed,B,A
0.30000000000000004,0.08333333333333337,0.40000000000000013,0.4,0.55,0.7333333333333333,54.45,Not Placed,D,B
0.6000000000000001,0.01666666666666672,0.8,0.9,0.65,0.6166666666666666,80.34,Placed,A,B
0.6000000000000001,0.4666666666666667,0.6000000000000001,1.0,0.30000000000000004,0.6166666666666666,79.02,Placed,B,B
0.20000000000000004,0.9,0.6000000000000001,0.20000000000000004,0.15000000000000002,0.33333333333333326,76.86,Placed,B,D
0.4,0.65,0.19999999999999996,0.1,0.55,0.3666666666666666,93.95,Placed,A,D
0.0,0.5333333333333333,0.40000000000000013,0.20000000000000004,0.35000000000000003,0.7499999999999999,59.8,Not Placed,D,A
0.9,1.0,0.0,1.0,0.0,0.06666666666666665,75.42,Placed,B,F
0.9,0.050000000000000044,0.0,0.4,0.2,0.4833333333333333,83.01,Placed,A,C
0.9,0.9666666666666667,0.40000000000000013,0.6000000000000001,0.0,0.65,100.0,Placed,A,B
1.0,0.050000000000000044,1.0,0.1,0.7000000000000001,0.2833333333333333,100.0,Placed,A,D
0.0,0.4666666666666667,0.6000000000000001,0.6000000000000001,0.6000000000000001,0.08333333333333326,51.27,Not Placed,D,F
0.4,0.6,0.0,0.5000000000000001,0.6000000000000001,0.06666666666666665,85.75,Placed,A,F
0.9,0.9833333333333333,0.19999999999999996,0.6000000000000001,0.15000000000000002,0.6833333333333332,100.0,Placed,A,B
0.8,0.9833333333333333,0.6000000000000001,0.6000000000000001,0.7000000000000001,0.2833333333333333,100.0,Placed,A,D
0.0,0.31666666666666665,0.8,0.8,0.55,0.9666666666666667,90.65,Placed,A,A
0.0,0.6666666666666666,0.40000000000000013,0.6000000000000001,0.35000000000000003,0.19999999999999996,52.37,Not Placed,D,F
0.30000000000000004,0.3666666666666666,0.6000000000000001,0.5000000000000001,0.75,0.9,95.41,Placed,A,A
0.30000000000000004,0.7333333333333333,0.8,0.9,0.55,0.31666666666666665,79.5,Placed,B,D
0.1,0.2833333333333333,0.19999999999999996,0.7000000000000001,0.25,0.6166666666666666,70.61,Placed,B,B
0.8,0.7999999999999999,1.0,0.6000000000000001,0.7000000000000001,0.33333333333333326,100.0,Placed,A,D
0.8,0.4,0.40000000000000013,0.5000000000000001,0.30000000000000004,0.04999999999999993,100.0,Placed,A,F
0.1,0.0,1.0,0.30000000000000004,0.2,0.19999999999999996,55.89,Not Placed,D,F
0.8,0.8833333333333334,0.0,0.6000000000000001,0.7000000000000001,0.2833333333333333,100.0,Placed,A,D
0.5000000000000001,0.2333333333333334,1.0,0.7000000000000001,0.55,0.19999999999999996,87.63,Placed,A,F
0.7000000000000001,0.5499999999999999,0.0,0.7000000000000001,0.5,0.19999999999999996,82.48,Placed,A,F
0.9,0.7833333333333333,0.8,0.30000000000000004,0.15000000000000002,0.6333333333333332,100.0,Placed,A,B
0.30000000000000004,0.31666666666666665,0.6000000000000001,0.9,0.6000000000000001,0.6,86.85,Placed,A,B
0.1,0.8833333333333334,0.19999999999999996,0.8,0.8500000000000001,0.9999999999999999,100.0,Placed,A,A
0.1,0.6,0.8,0.20000000000000004,0.35000000000000003,0.5666666666666665,93.57,Placed,A,C
0.8,0.43333333333333346,0.19999999999999996,0.8,0.30000000000000004,0.6166666666666666,84.85,Placed,A,B
0.0,0.35,1.0,0.20000000000000004,0.75,0.65,92.26,Placed,A,B
0.6000000000000001,0.8333333333333334,0.19999999999999996,0.6000000000000001,0.1,0.43333333333333324,75.46,Placed,B,C
1.0,0.06666666666666665,1.0,0.30000000000000004,0.75,0.9499999999999998,100.0,Placed,A,A
0.20000000000000004,0.5499999999999999,0.19999999999999996,0.4,0.75,0.41666666666666663,89.06,Placed,A,C
0.20000000000000004,0.6333333333333334,0.40000000000000013,0.20000000000000004,0.30000000000000004,0.18333333333333324,74.33,Placed,B,F
0.1,0.033333333333333326,0.8,0.1,0.6000000000000001,0.016666666666666607,76.52,Placed,B,F
0.9,0.2666666666666667,0.40000000000000013,0.7000000000000001,0.6000000000000001,0.6999999999999998,100.0,Placed,A,B
0.5000000000000001,0.3833333333333334,0.6000000000000001,0.6000000000000001,1.0,0.9499999999999998,100.0,Placed,A,A
0.9,0.3833333333333334,0.6000000000000001,0.6000000000000001,0.9,0.9833333333333333,100.0,Placed,A,A
0.1,0.033333333333333326,0.0,0.7000000000000001,0.8500000000000001,0.31666666666666665,54.73,Not Placed,D,D
0.9,0.7333333333333333,0.0,0.0,0.30000000000000004,0.5666666666666665,100.0,Placed,A,C
0.30000000000000004,0.09999999999999998,0.0,0.7000000000000001,0.9500000000000001,0.9,96.88,Placed,A,A
0.9,0.4,0.6000000000000001,0.9,0.8500000000000001,0.1499999999999999,100.0,Placed,A,F
0.8,0.9166666666666666,0.19999999999999996,0.4,0.8500000000000001,0.11666666666666659,100.0,Placed,A,F
0.8,0.033333333333333326,1.0,0.7000000000000001,0.15000000000000002,0.65,69.27,Not Placed,C,B
0.5000000000000001,0.2333333333333334,0.19999999999999996,0.8,0.4,0.7499999999999999,75.01,Placed,B,A
0.30000000000000004,0.4666666666666667,0.8,0.1,1.0,0.5833333333333334,100.0,Placed,A,B
0.6000000000000001,0.8166666666666668,0.6000000000000001,0.20000000000000004,0.75,0.4999999999999999,100.0,Placed,A,C
0.0,0.4666666666666667,1.0,0.5000000000000001,0.15000000000000002,0.23333333333333328,77.32,Placed,B,F
0.30000000000000004,0.15000000000000002,1.0,0.8,0.35000000000000003,0.6833333333333332,70.81,Placed,B,B
0.4,0.5166666666666667,1.0,0.9,0.1,0.2833333333333333,79.78,Placed,B,D
0.7000000000000001,0.3666666666666666,0.0,0.9,0.4,0.8833333333333332,99.65,Placed,A,A
0.1,0.6333333333333334,1.0,0.7000000000000001,0.35000000000000003,0.23333333333333328,45.84,Not Placed,F,F
0.4,0.13333333333333341,1.0,0.5000000000000001,0.55,0.29999999999999993,82.71,Placed,A,D
0.5000000000000001,0.6,0.6000000000000001,0.4,0.65,0.3833333333333333,98.62,Placed,A,D
0.4,0.85,0.19999999999999996,0.20000000000000004,0.45,0.5666666666666665,100.0,Placed,A,C
0.8,0.65,0.19999999999999996,0.30000000000000004,1.0,0.016666666666666607,92.1,Placed,A,F
0.9,0.21666666666666667,0.40000000000000013,0.6000000000000001,0.8,0.19999999999999996,100.0,Placed,A,F
0.0,0.050000000000000044,0.40000000000000013,0.6000000000000001,0.5,0.7333333333333333,71.06,Placed,B,B
0.20000000000000004,0.31666666666666665,0.8,0.20000000000000004,0.45,0.9333333333333332,100.0,Placed,A,A
0.1,0.45000000000000007,0.6000000000000001,0.30000000000000004,0.6000000000000001,0.1333333333333333,66.19,Not Placed,C,F
0.20000000000000004,0.21666666666666667,0.40000000000000013,0.20000000000000004,0.05,0.9333333333333332,81.92,Placed,A,A
0.9,0.7166666666666667,0.40000000000000013,0.1,0.0,0.5666666666666665,90.99,Placed,A,C
0.8,0.5499999999999999,0.6000000000000001,0.5000000000000001,0.0,0.016666666666666607,99.72,Placed,A,F
0.8,0.20000000000000007,0.19999999999999996,0.6000000000000001,0.75,0.7499999999999999,100.0,Placed,A,A
0.9,0.5000000000000001,0.8,0.30000000000000004,0.45,0.25,90.83,Placed,A,D
0.1,0.5333333333333333,0.8,0.4,0.45,0.7499999999999999,76.41,Placed,B,A
0.20000000000000004,0.85,0.8,0.7000000000000001,0.30000000000000004,0.5833333333333334,92.39,Placed,A,B
0.30000000000000004,0.6333333333333334,0.40000000000000013,0.8,0.30000000000000004,0.016666666666666607,63.66,Not Placed,C,F
0.8,0.45000000000000007,0.19999999999999996,0.6000000000000001,0.0,0.25,87.8,Placed,A,D
0.20000000000000004,0.4,0.8,0.9,0.6000000000000001,0.11666666666666659,85.81,Placed,A,F
0.6000000000000001,0.5166666666666667,0.6000000000000001,0.0,0.2,0.9499999999999998,100.0,Placed,A,A
0.20000000000000004,0.13333333333333341,0.8,1.0,0.1,0.0,55.53,Not Placed,D,F
0.6000000000000001,0.45000000000000007,0.0,0.20000000000000004,0.6000000000000001,0.2833333333333333,81.34,Placed,A,D
0.6000000000000001,0.9500000000000001,0.19999999999999996,1.0,0.55,0.8833333333333332,97.95,Placed,A,A
0.8,0.5000000000000001,0.0,0.4,0.8500000000000001,0.6666666666666666,100.0,Placed,A,B
0.1,0.2666666666666667,0.19999999999999996,0.20000000000000004,0.2,0.41666666666666663,61.51,Not Placed,C,C
0.5000000000000001,0.8666666666666666,1.0,0.0,0.2,0.7166666666666667,100.0,Placed,A,B
0.8,0.3666666666666666,0.6000000000000001,0.1,0.05,0.06666666666666665,80.78,Placed,A,F
0.1,0.20000000000000007,1.0,0.7000000000000001,0.25,0.33333333333333326,79.06,Placed,B,D
0.1,0.9,0.40000000000000013,0.6000000000000001,0.30000000000000004,0.5666666666666665,60.39,Not Placed,C,C
0.4,0.15000000000000002,0.40000000000000013,0.9,0.0,0.65,59.77,Not Placed,D,B
0.9,0.25,1.0,0.20000000000000004,0.1,0.44999999999999984,89.47,Placed,A,C
0.9,0.08333333333333337,0.19999999999999996,0.30000000000000004,0.9500000000000001,0.8833333333333332,100.0,Placed,A,A
0.9,0.7833333333333333,0.8,0.20000000000000004,0.05,0.41666666666666663,100.0,Placed,A,C
0.7000000000000001,0.16666666666666674,0.0,0.30000000000000004,0.45,0.5166666666666667,73.51,Placed,B,C
1.0,0.9500000000000001,0.6000000000000001,0.7000000000000001,0.5,0.9833333333333333,100.0,Placed,A,A
0.8,0.85,0.8,0.8,1.0,0.7833333333333333,100.0,Placed,A,A
0.1,0.033333333333333326,0.40000000000000013,0.6000000000000001,0.6000000000000001,0.8166666666666665,85.44,Placed,A,A
0.4,0.45000000000000007,0.8,0.8,0.75,0.7166666666666667,90.62,Placed,A,B
0.6000000000000001,1.0,1.0,0.8,0.9500000000000001,0.7166666666666667,100.0,Placed,A,B
0.5000000000000001,0.6666666666666666,1.0,0.6000000000000001,0.5,0.33333333333333326,93.4,Placed,A,D
0.5000000000000001,0.2333333333333334,0.0,0.6000000000000001,0.8500000000000001,0.04999999999999993,71.72,Placed,B,F
0.6000000000000001,0.9833333333333333,0.40000000000000013,0.7000000000000001,0.5,0.9666666666666667,100.0,Placed,A,A
0.20000000000000004,0.20000000000000007,0.19999999999999996,0.9,0.0,0.6833333333333332,53.98,Not Placed,D,B
0.20000000000000004,0.6833333333333335,0.6000000000000001,0.20000000000000004,0.8500000000000001,0.6666666666666666,100.0,Placed,A,B
0.9,0.85,1.0,0.7000000000000001,0.9500000000000001,0.5833333333333334,100.0,Placed,A,B
0.8,0.9166666666666666,0.6000000000000001,0.0,0.2,0.3833333333333333,100.0,Placed,A,D
0.7000000000000001,0.7333333333333333,0.40000000000000013,0.5000000000000001,0.05,0.5333333333333333,85.12,Placed,A,C
0.4,0.2666666666666667,0.19999999999999996,0.1,0.8500000000000001,0.06666666666666665,80.54,Placed,A,F
0.5000000000000001,0.09999999999999998,1.0,0.6000000000000001,0.30000000000000004,0.9333333333333332,92.32,Placed,A,A
1.0,0.45000000000000007,0.0,0.20000000000000004,0.5,0.033333333333333326,82.79,Placed,A,F
0.9,0.6166666666666666,0.6000000000000001,1.0,0.5,0.16666666666666663,96.16,Placed,A,F
0.0,0.20000000000000007,0.40000000000000013,0.9,0.6000000000000001,0.7333333333333333,80.17,Placed,A,B
0.9,0.9833333333333333,0.6000000000000001,0.4,0.15000000000000002,0.5166666666666667,97.14,Placed,A,C
0.0,0.2666666666666667,0.19999999999999996,0.9,0.0,0.35,51.15,Not Placed,D,D
0.30000000000000004,0.2333333333333334,0.0,0.1,0.8500000000000001,0.16666666666666663,82.06,Placed,A,F
0.1,0.5833333333333334,0.19999999999999996,0.0,0.55,0.9499999999999998,94.38,Placed,A,A
1.0,0.45000000000000007,1.0,0.4,0.45,0.6166666666666666,100.0,Placed,A,B
0.6000000000000001,0.2333333333333334,0.8,0.8,0.35000000000000003,0.9666666666666667,94.16,Placed,A,A
0.1,0.7500000000000001,0.19999999999999996,0.8,0.1,0.35,61.61,Not Placed,C,D
0.9,0.8666666666666666,0.19999999999999996,0.6000000000000001,0.30000000000000004,0.04999999999999993,91.07,Placed,A,F
0.1,0.16666666666666674,0.6000000000000001,0.8,0.9500000000000001,0.6333333333333332,78.04,Placed,B,B
0.4,0.9166666666666666,0.19999999999999996,0.30000000000000004,0.5,0.033333333333333326,95.28,Placed,A,F
0.30000000000000004,0.5000000000000001,0.40000000000000013,0.20000000000000004,0.30000000000000004,0.8833333333333332,77.16,Placed,B,A
0.7000000000000001,0.050000000000000044,1.0,1.0,0.30000000000000004,0.1499999999999999,71.36,Placed,B,F
0.30000000000000004,0.5666666666666668,0.6000000000000001,0.30000000000000004,0.4,0.6,96.08,Placed,A,B
0.5000000000000001,0.5499999999999999,0.6000000000000001,0.6000000000000001,0.1,0.29999999999999993,66.53,Not Placed,C,D
0.4,0.85,0.8,0.7000000000000001,0.5,0.2833333333333333,87.75,Placed,A,D
1.0,0.43333333333333346,1.0,0.1,0.8,0.44999999999999984,100.0,Placed,A,C
0.1,0.15000000000000002,0.40000000000000013,0.4,0.35000000000000003,0.4999999999999999,61.0,Not Placed,C,C
1.0,0.4833333333333333,1.0,0.4,0.9500000000000001,0.2666666666666666,100.0,Placed,A,D
0.7000000000000001,0.7333333333333333,0.19999999999999996,0.8,0.05,0.3833333333333333,73.86,Placed,B,D
0.1,0.31666666666666665,0.8,0.20000000000000004,1.0,0.0,83.76,Placed,A,F
0.8,0.4666666666666667,0.40000000000000013,0.5000000000000001,0.9500000000000001,0.06666666666666665,100.0,Placed,A,F
0.8,0.9500000000000001,0.8,0.9,0.0,0.5166666666666667,100.0,Placed,A,C
0.20000000000000004,0.8666666666666666,1.0,0.4,0.75,0.8666666666666666,100.0,Placed,A,A
0.30000000000000004,0.4666666666666667,0.0,0.1,0.15000000000000002,0.2666666666666666,63.24,Not Placed,C,D
0.7000000000000001,0.3666666666666666,1.0,0.1,0.4,0.9333333333333332,100.0,Placed,A,A
0.8,0.9333333333333335,0.19999999999999996,0.30000000000000004,0.35000000000000003,0.33333333333333326,100.0,Placed,A,D
0.20000000000000004,0.8166666666666668,0.8,0.30000000000000004,0.0,0.6666666666666666,73.09,Placed,B,B
0.4,0.33333333333333337,0.0,0.6000000000000001,0.35000000000000003,0.6999999999999998,66.54,Not Placed,C,B
1.0,0.7833333333333333,0.19999999999999996,0.0,0.2,0.35,100.0,Placed,A,D
0.7000000000000001,0.7000000000000001,0.8,1.0,0.0,0.6333333333333332,100.0,Placed,A,B
0.20000000000000004,0.15000000000000002,0.8,0.5000000000000001,0.30000000000000004,0.6333333333333332,71.68,Placed,B,B
0.6000000000000001,0.6666666666666666,1.0,1.0,0.7000000000000001,0.5499999999999999,100.0,Placed,A,C
1.0,0.18333333333333335,0.8,0.8,0.30000000000000004,0.21666666666666667,90.36,Placed,A,F
0.7000000000000001,0.4833333333333333,0.8,0.1,0.0,0.25,67.25,Not Placed,C,D
0.9,1.0,0.6000000000000001,0.4,0.4,0.06666666666666665,100.0,Placed,A,F
1.0,0.8333333333333334,0.8,0.9,0.0,0.2833333333333333,74.39,Placed,B,D
0.20000000000000004,0.5333333333333333,1.0,1.0,0.55,0.04999999999999993,58.29,Not Placed,D,F
0.1,0.2833333333333333,0.6000000000000001,0.9,0.30000000000000004,0.7166666666666667,67.17,Not Placed,C,B
0.9,0.21666666666666667,0.6000000000000001,0.30000000000000004,0.4,0.8333333333333334,100.0,Placed,A,A
0.6000000000000001,0.35,0.0,0.30000000000000004,0.2,0.44999999999999984,63.57,Not Placed,C,C
0.8,0.33333333333333337,0.19999999999999996,0.7000000000000001,0.55,0.7333333333333333,100.0,Placed,A,B
0.0,0.0,0.6000000000000001,0.5000000000000001,0.05,0.43333333333333324,47.98,Not Placed,F,C
0.20000000000000004,0.7999999999999999,0.40000000000000013,0.6000000000000001,0.8500000000000001,0.08333333333333326,81.86,Placed,A,F
0.4,0.7000000000000001,0.6000000000000001,1.0,0.4,0.16666666666666663,78.69,Placed,B,F
0.20000000000000004,0.85,0.40000000000000013,0.8,0.0,0.7666666666666667,80.61,Placed,A,A
0.0,0.9833333333333333,0.0,0.20000000000000004,0.45,0.33333333333333326,74.04,Placed,B,D
0.6000000000000001,0.2333333333333334,0.40000000000000013,1.0,0.65,0.2666666666666666,98.29,Placed,A,D
0.6000000000000001,0.5833333333333334,0.0,0.1,1.0,0.4999999999999999,100.0,Placed,A,C
0.9,0.7666666666666667,0.0,0.20000000000000004,0.65,0.5499999999999999,100.0,Placed,A,C
0.7000000000000001,0.8833333333333334,0.0,0.7000000000000001,0.30000000000000004,0.19999999999999996,100.0,Placed,A,F
0.4,0.35,0.40000000000000013,0.8,0.55,0.3666666666666666,100.0,Placed,A,D
0.9,0.5166666666666667,0.40000000000000013,0.9,0.25,0.9333333333333332,100.0,Placed,A,A
0.4,0.9500000000000001,0.0,0.4,0.6000000000000001,0.0,60.29,Not Placed,C,F
0.4,0.7500000000000001,0.0,0.7000000000000001,0.35000000000000003,0.04999999999999993,72.25,Placed,B,F
0.0,0.8833333333333334,0.19999999999999996,1.0,1.0,0.4833333333333333,77.36,Placed,B,C
0.9,0.5333333333333333,0.0,0.6000000000000001,0.05,0.4999999999999999,100.0,Placed,A,C
0.4,0.9500000000000001,0.8,0.8,0.45,0.7666666666666667,100.0,Placed,A,A
0.5000000000000001,0.6666666666666666,0.19999999999999996,0.30000000000000004,0.25,0.25,73.9,Placed,B,D
0.0,0.9666666666666667,0.19999999999999996,0.9,0.75,0.6999999999999998,88.09,Placed,A,B
1.0,0.6333333333333334,0.19999999999999996,0.20000000000000004,0.45,0.033333333333333326,100.0,Placed,A,F
0.6000000000000001,0.3666666666666666,0.8,0.8,0.7000000000000001,0.18333333333333324,83.05,Placed,A,F
0.0,0.7000000000000001,0.19999999999999996,0.7000000000000001,1.0,0.18333333333333324,85.15,Placed,A,F
1.0,0.9,0.19999999999999996,0.6000000000000001,0.9500000000000001,0.16666666666666663,100.0,Placed,A,F
0.1,0.01666666666666672,0.40000000000000013,0.0,0.45,0.25,63.74,Not Placed,C,D
0.1,0.01666666666666672,1.0,0.1,0.5,0.4666666666666667,62.31,Not Placed,C,C
0.4,0.6166666666666666,0.40000000000000013,0.8,1.0,0.8666666666666666,100.0,Placed,A,A
0.9,0.9,0.0,0.4,0.05,0.33333333333333326,100.0,Placed,A,D
0.6000000000000001,0.8333333333333334,0.0,0.0,0.45,0.7333333333333333,100.0,Placed,A,B
0.0,0.4666666666666667,0.6000000000000001,0.8,1.0,0.7166666666666667,81.51,Placed,A,B
0.9,0.85,1.0,0.0,0.55,0.6833333333333332,100.0,Placed,A,B
0.0,0.7500000000000001,0.8,0.7000000000000001,0.5,0.9499999999999998,93.49,Placed,A,A
0.0,0.9833333333333333,0.40000000000000013,0.4,0.7000000000000001,0.6999999999999998,72.76,Placed,B,B
0.5000000000000001,0.033333333333333326,0.0,1.0,0.15000000000000002,0.8166666666666665,68.8,Not Placed,C,A
0.1,0.6333333333333334,0.8,0.5000000000000001,0.2,0.06666666666666665,62.42,Not Placed,C,F
0.0,0.09999999999999998,0.19999999999999996,0.0,0.0,0.85,68.81,Not Placed,C,A
0.5000000000000001,0.5833333333333334,0.8,0.1,0.0,0.19999999999999996,76.06,Placed,B,F
0.1,0.4666666666666667,0.40000000000000013,0.6000000000000001,0.45,0.2666666666666666,85.32,Placed,A,D
0.5000000000000001,0.9,1.0,0.1,0.15000000000000002,0.18333333333333324,93.58,Placed,A,F
0.9,0.6,0.6000000000000001,0.4,0.6000000000000001,0.2666666666666666,93.39,Placed,A,D
0.7000000000000001,0.7999999999999999,0.40000000000000013,1.0,0.65,0.0,86.97,Placed,A,F
0.1,0.9500000000000001,1.0,0.8,0.9,0.11666666666666659,98.97,Placed,A,F
1.0,0.5833333333333334,0.0,0.4,0.2,0.25,91.55,Placed,A,D
0.8,0.3666666666666666,0.0,0.20000000000000004,0.5,0.23333333333333328,94.69,Placed,A,F
0.7000000000000001,0.7333333333333333,0.8,1.0,0.35000000000000003,0.29999999999999993,91.35,Placed,A,D
0.9,0.25,0.40000000000000013,0.5000000000000001,0.0,0.3999999999999999,60.56,Not Placed,C,D
0.0,0.7833333333333333,0.0,0.6000000000000001,0.2,0.4999999999999999,57.63,Not Placed,D,C
0.6000000000000001,0.5000000000000001,0.19999999999999996,0.9,1.0,0.6833333333333332,100.0,Placed,A,B
0.9,0.5499999999999999,0.19999999999999996,1.0,0.8500000000000001,0.016666666666666607,100.0,Placed,A,F
0.5000000000000001,0.8166666666666668,0.6000000000000001,0.9,0.6000000000000001,0.9333333333333332,100.0,Placed,A,A
0.5000000000000001,0.0,0.8,1.0,0.2,0.9666666666666667,70.16,Placed,B,A
0.5000000000000001,0.2833333333333333,0.0,0.7000000000000001,0.30000000000000004,0.3999999999999999,57.21,Not Placed,D,D
0.5000000000000001,0.9500000000000001,0.6000000000000001,0.20000000000000004,0.55,0.4999999999999999,100.0,Placed,A,C
0.9,0.65,0.19999999999999996,1.0,0.05,0.04999999999999993,77.3,Placed,B,F
0.6000000000000001,0.7000000000000001,0.6000000000000001,0.30000000000000004,0.6000000000000001,0.04999999999999993,96.71,Placed,A,F
0.20000000000000004,0.9166666666666666,0.6000000000000001,0.9,0.65,0.85,84.78,Placed,A,A
0.5000000000000001,0.9166666666666666,0.0,0.30000000000000004,0.25,0.18333333333333324,80.95,Placed,A,F
0.20000000000000004,0.2333333333333334,0.0,0.1,0.75,0.2666666666666666,69.82,Not Placed,C,D
0.6000000000000001,0.7833333333333333,0.0,0.6000000000000001,0.45,0.33333333333333326,77.83,Placed,B,D
0.6000000000000001,0.7999999999999999,0.8,0.30000000000000004,0.5,0.4666666666666667,100.0,Placed,A,C
0.7000000000000001,0.2666666666666667,0.6000000000000001,0.30000000000000004,0.0,0.35,78.57,Placed,B,D
0.1,0.7166666666666667,0.6000000000000001,0.7000000000000001,0.7000000000000001,0.5833333333333334,74.0,Placed,B,B
0.8,0.15000000000000002,0.8,0.5000000000000001,0.75,0.65,100.0,Placed,A,B
0.4,0.31666666666666665,0.19999999999999996,0.5000000000000001,0.45,0.25,66.99,Not Placed,C,D
0.8,0.08333333333333337,0.40000000000000013,1.0,0.45,0.23333333333333328,79.44,Placed,B,F
0.9,0.1166666666666667,0.19999999999999996,0.8,0.1,0.4833333333333333,77.75,Placed,B,C
0.4,0.7333333333333333,0.8,0.30000000000000004,0.5,0.7499999999999999,100.0,Placed,A,A
0.6000000000000001,0.5499999999999999,0.6000000000000001,0.8,0.5,0.8333333333333334,100.0,Placed,A,A
1.0,1.0,0.6000000000000001,0.0,0.75,0.16666666666666663,100.0,Placed,A,F
0.8,0.5166666666666667,0.0,1.0,0.25,0.9333333333333332,100.0,Placed,A,A
0.30000000000000004,0.8333333333333334,0.0,0.8,0.4,0.19999999999999996,50.03,Not Placed,D,F
0.1,0.8833333333333334,0.6000000000000001,0.0,0.0,0.3666666666666666,77.12,Placed,B,D
0.8,0.6833333333333335,0.6000000000000001,0.6000000000000001,0.25,0.65,100.0,Placed,A,B
0.1,0.050000000000000044,1.0,0.5000000000000001,0.8500000000000001,0.9,95.74,Placed,A,A
0.20000000000000004,0.7166666666666667,0.0,0.6000000000000001,0.6000000000000001,0.6666666666666666,79.27,Placed,B,B
0.9,0.8166666666666668,0.0,0.8,0.05,0.5499999999999999,100.0,Placed,A,C
0.1,0.6333333333333334,0.19999999999999996,0.9,0.9,0.31666666666666665,81.47,Placed,A,D
0.20000000000000004,0.31666666666666665,0.6000000000000001,0.30000000000000004,0.05,0.016666666666666607,63.45,Not Placed,C,F
0.5000000000000001,0.3833333333333334,0.6000000000000001,0.8,0.15000000000000002,0.11666666666666659,58.64,Not Placed,D,F
0.20000000000000004,0.3833333333333334,0.8,0.20000000000000004,0.15000000000000002,0.2833333333333333,79.72,Placed,B,D
0.9,0.9,0.19999999999999996,0.9,0.45,0.9166666666666666,100.0,Placed,A,A
0.7000000000000001,0.41666666666666663,0.40000000000000013,1.0,0.8,0.8833333333333332,94.77,Placed,A,A
1.0,0.4,0.40000000000000013,1.0,0.75,0.09999999999999998,100.0,Placed,A,F
0.5000000000000001,0.5833333333333334,0.40000000000000013,0.8,1.0,0.6999999999999998,100.0,Placed,A,B
0.6000000000000001,0.09999999999999998,1.0,0.0,0.35000000000000003,0.4999999999999999,100.0,Placed,A,C
0.0,0.15000000000000002,0.0,0.4,0.25,0.9999999999999999,66.0,Not Placed,C,A
0.20000000000000004,0.9500000000000001,0.40000000000000013,0.9,0.05,0.35,74.89,Placed,B,D
0.20000000000000004,0.7666666666666667,0.8,0.4,0.7000000000000001,0.44999999999999984,100.0,Placed,A,C
0.1,0.18333333333333335,0.0,0.0,0.5,0.3999999999999999,65.24,Not Placed,C,D
0.6000000000000001,0.0,0.0,0.0,1.0,0.85,95.14,Placed,A,A
0.8,0.85,0.40000000000000013,0.20000000000000004,0.75,0.0,100.0,Placed,A,F
0.30000000000000004,0.8166666666666668,0.0,0.8,0.15000000000000002,0.5166666666666667,73.64,Placed,B,C
0.4,0.4,0.19999999999999996,0.6000000000000001,0.5,0.3999999999999999,82.67,Placed,A,D
0.20000000000000004,0.25,0.19999999999999996,0.5000000000000001,0.65,0.7833333333333333,83.61,Placed,A,A
1.0,0.06666666666666665,0.40000000000000013,0.8,0.35000000000000003,0.25,83.74,Placed,A,D
0.8,0.30000000000000004,0.8,0.30000000000000004,0.25,0.4666666666666667,91.21,Placed,A,C
0.30000000000000004,0.050000000000000044,0.0,0.30000000000000004,1.0,0.6833333333333332,99.4,Placed,A,B
0.4,0.08333333333333337,0.6000000000000001,0.20000000000000004,0.9,0.3833333333333333,63.11,Not Placed,C,D
0.0,0.41666666666666663,0.40000000000000013,0.4,0.15000000000000002,0.2666666666666666,37.35,Not Placed,F,D
1.0,0.7999999999999999,1.0,0.4,0.15000000000000002,0.9999999999999999,100.0,Placed,A,A
0.1,0.6333333333333334,0.0,0.9,0.25,0.6833333333333332,45.15,Not Placed,F,B
0.8,0.9166666666666666,0.40000000000000013,0.6000000000000001,0.5,0.08333333333333326,97.67,Placed,A,F
0.1,0.9,0.40000000000000013,0.6000000000000001,0.0,0.21666666666666667,64.6,Not Placed,C,F
0.4,0.6333333333333334,0.8,0.5000000000000001,0.05,0.41666666666666663,82.95,Placed,A,C
0.7000000000000001,0.13333333333333341,0.6000000000000001,0.30000000000000004,0.4,0.9833333333333333,93.01,Placed,A,A
0.20000000000000004,0.7333333333333333,0.0,0.6000000000000001,0.75,0.44999999999999984,66.98,Not Placed,C,C
0.5000000000000001,0.85,0.40000000000000013,0.1,0.25,0.7666666666666667,100.0,Placed,A,A
0.30000000000000004,0.21666666666666667,0.40000000000000013,0.8,0.4,0.5833333333333334,78.23,Placed,B,B
1.0,0.7833333333333333,0.0,0.6000000000000001,0.9,0.4999999999999999,100.0,Placed,A,C
0.6000000000000001,0.9,0.40000000000000013,0.1,0.2,0.43333333333333324,82.01,Placed,A,C
0.9,0.13333333333333341,0.40000000000000013,0.9,1.0,0.016666666666666607,100.0,Placed,A,F
0.20000000000000004,0.2333333333333334,0.40000000000000013,0.1,0.45,0.29999999999999993,74.31,Placed,B,D
0.5000000000000001,0.6,0.19999999999999996,0.5000000000000001,0.30000000000000004,0.44999999999999984,73.44,Placed,B,C
0.9,0.8166666666666668,0.19999999999999996,1.0,0.05,0.7333333333333333,90.33,Placed,A,B
0.8,0.8666666666666666,0.6000000000000001,0.6000000000000001,0.9500000000000001,0.7166666666666667,100.0,Placed,A,B
1.0,0.31666666666666665,0.8,0.8,0.15000000000000002,0.9333333333333332,99.67,Placed,A,A
0.9,0.1166666666666667,0.0,0.30000000000000004,0.35000000000000003,0.33333333333333326,100.0,Placed,A,D
0.0,0.5166666666666667,0.8,0.7000000000000001,0.1,0.9,75.51,Placed,B,A
0.20000000000000004,0.7666666666666667,0.8,0.9,0.05,0.7333333333333333,63.81,Not Placed,C,B
0.1,0.33333333333333337,0.19999999999999996,0.1,0.4,0.23333333333333328,60.68,Not Placed,C,F
0.7000000000000001,0.9333333333333335,0.6000000000000001,0.5000000000000001,0.5,0.5499999999999999,100.0,Placed,A,C
0.6000000000000001,0.6666666666666666,0.8,0.30000000000000004,0.15000000000000002,0.65,77.04,Placed,B,B
0.1,0.30000000000000004,0.8,0.7000000000000001,0.4,0.033333333333333326,64.59,Not Placed,C,F
0.5000000000000001,0.4666666666666667,0.40000000000000013,0.8,0.25,0.0,86.88,Placed,A,F
0.20000000000000004,0.9500000000000001,0.0,0.1,0.0,0.9999999999999999,87.85,Placed,A,A
0.7000000000000001,0.5000000000000001,0.6000000000000001,0.6000000000000001,0.1,0.3833333333333333,82.97,Placed,A,D
0.9,0.8833333333333334,0.0,0.6000000000000001,0.30000000000000004,0.6999999999999998,92.1,Placed,A,B
0.20000000000000004,0.08333333333333337,0.19999999999999996,0.7000000000000001,0.4,0.43333333333333324,39.27,Not Placed,F,C
0.9,0.050000000000000044,0.8,0.4,0.35000000000000003,0.1333333333333333,85.5,Placed,A,F
0.8,0.7000000000000001,0.8,1.0,1.0,0.3833333333333333,100.0,Placed,A,D
0.0,0.4666666666666667,1.0,0.20000000000000004,0.6000000000000001,0.2666666666666666,75.58,Placed,B,D
0.4,0.6833333333333335,0.0,0.0,0.8500000000000001,0.44999999999999984,100.0,Placed,A,C
0.20000000000000004,0.033333333333333326,0.19999999999999996,0.30000000000000004,0.9,0.6333333333333332,89.69,Placed,A,B
0.5000000000000001,0.0,1.0,0.20000000000000004,0.4,0.9,90.02,Placed,A,A
0.9,0.7166666666666667,1.0,0.1,0.9500000000000001,0.04999999999999993,100.0,Placed,A,F
0.1,0.9,0.40000000000000013,0.5000000000000001,0.25,0.9999999999999999,92.42,Placed,A,A
0.8,0.2333333333333334,1.0,0.6000000000000001,1.0,0.4666666666666667,100.0,Placed,A,C
0.5000000000000001,0.7666666666666667,1.0,0.9,0.55,0.7333333333333333,93.97,Placed,A,B
0.6000000000000001,0.33333333333333337,0.40000000000000013,0.6000000000000001,0.15000000000000002,0.44999999999999984,73.99,Placed,B,C
0.4,0.7500000000000001,0.8,0.7000000000000001,0.4,0.9166666666666666,100.0,Placed,A,A
0.8,0.9500000000000001,0.8,0.1,0.45,0.6,100.0,Placed,A,B
0.0,0.5000000000000001,0.6000000000000001,1.0,0.1,0.4666666666666667,43.69,Not Placed,F,C
0.4,0.09999999999999998,1.0,0.9,0.8,0.7166666666666667,100.0,Placed,A,B
1.0,0.2666666666666667,0.0,0.5000000000000001,0.30000000000000004,0.85,100.0,Placed,A,A
0.9,0.9166666666666666,0.8,0.5000000000000001,0.35000000000000003,0.4666666666666667,100.0,Placed,A,C
1.0,0.30000000000000004,0.19999999999999996,0.9,0.5,0.06666666666666665,87.02,Placed,A,F
0.5000000000000001,0.6333333333333334,0.0,0.0,0.6000000000000001,0.16666666666666663,85.03,Placed,A,F
0.6000000000000001,0.9833333333333333,0.6000000000000001,0.1,0.1,0.016666666666666607,78.3,Placed,B,F
0.30000000000000004,0.033333333333333326,1.0,0.8,0.9,0.04999999999999993,91.03,Placed,A,F
0.0,0.4833333333333333,0.40000000000000013,0.7000000000000001,0.65,0.1499999999999999,62.93,Not Placed,C,F
1.0,0.5666666666666668,0.6000000000000001,0.30000000000000004,0.75,0.9166666666666666,100.0,Placed,A,A
0.7000000000000001,0.9500000000000001,0.0,0.5000000000000001,0.7000000000000001,0.6333333333333332,100.0,Placed,A,B
0.9,0.9333333333333335,0.40000000000000013,0.1,0.05,0.7166666666666667,100.0,Placed,A,B
0.30000000000000004,0.4666666666666667,0.19999999999999996,0.4,0.25,0.11666666666666659,58.73,Not Placed,D,F
0.20000000000000004,0.8166666666666668,0.40000000000000013,0.1,1.0,0.9,100.0,Placed,A,A
0.6000000000000001,0.85,0.40000000000000013,0.4,0.30000000000000004,0.3666666666666666,85.31,Placed,A,D
0.1,0.8833333333333334,0.19999999999999996,0.6000000000000001,0.4,0.43333333333333324,73.6,Placed,B,C
0.7000000000000001,0.21666666666666667,0.8,0.6000000000000001,0.4,0.3666666666666666,84.6,Placed,A,D
0.5000000000000001,0.5666666666666668,0.8,0.8,0.8,0.7833333333333333,94.76,Placed,A,A
0.6000000000000001,0.45000000000000007,0.40000000000000013,0.20000000000000004,0.1,0.5499999999999999,83.12,Placed,A,C
0.4,0.9500000000000001,0.40000000000000013,0.30000000000000004,0.15000000000000002,0.5666666666666665,70.62,Placed,B,C
0.8,0.4833333333333333,0.6000000000000001,0.8,0.05,0.2666666666666666,95.36,Placed,A,D
0.4,0.41666666666666663,0.8,0.7000000000000001,0.0,0.7666666666666667,83.32,Placed,A,A
1.0,0.09999999999999998,0.19999999999999996,0.6000000000000001,0.45,0.8166666666666665,100.0,Placed,A,A
0.4,0.6333333333333334,1.0,0.7000000000000001,0.1,0.1499999999999999,54.71,Not Placed,D,F
0.20000000000000004,0.5000000000000001,1.0,0.8,0.45,0.8833333333333332,89.04,Placed,A,A
1.0,0.06666666666666665,0.40000000000000013,0.30000000000000004,0.4,0.016666666666666607,93.07,Placed,A,F
0.0,0.5666666666666668,0.40000000000000013,0.4,0.8,0.2666666666666666,80.78,Placed,A,D
0.1,0.8166666666666668,1.0,0.8,0.7000000000000001,0.4999999999999999,81.17,Placed,A,C
0.7000000000000001,0.7666666666666667,0.6000000000000001,0.6000000000000001,0.1,0.25,88.5,Placed,A,D
0.0,0.85,0.6000000000000001,0.30000000000000004,1.0,0.3833333333333333,100.0,Placed,A,D
0.6000000000000001,0.21666666666666667,0.6000000000000001,0.5000000000000001,0.1,0.9333333333333332,84.9,Placed,A,A
0.4,1.0,0.0,1.0,0.15000000000000002,0.09999999999999998,76.05,Placed,B,F
0.20000000000000004,0.5833333333333334,0.19999999999999996,0.0,0.15000000000000002,0.29999999999999993,68.86,Not Placed,C,D
1.0,0.43333333333333346,0.0,0.0,0.8,0.25,100.0,Placed,A,D
0.6000000000000001,0.3833333333333334,0.40000000000000013,0.8,0.25,0.5333333333333333,83.7,Placed,A,C
0.8,0.65,0.6000000000000001,0.7000000000000001,0.5,0.5833333333333334,100.0,Placed,A,B
0.1,0.4666666666666667,0.6000000000000001,0.0,0.55,0.7333333333333333,90.71,Placed,A,B
0.7000000000000001,0.8666666666666666,1.0,1.0,0.30000000000000004,0.1499999999999999,100.0,Placed,A,F
0.8,0.7333333333333333,1.0,0.1,0.6000000000000001,0.6999999999999998,100.0,Placed,A,B
1.0,0.35,0.6000000000000001,0.30000000000000004,0.25,0.8333333333333334,100.0,Placed,A,A
0.20000000000000004,0.1166666666666667,0.8,0.0,0.1,0.23333333333333328,57.26,Not Placed,D,F
0.1,0.2333333333333334,1.0,0.1,1.0,0.6999999999999998,100.0,Placed,A,B
0.6000000000000001,0.7999999999999999,0.19999999999999996,0.4,0.65,0.033333333333333326,100.0,Placed,A,F
0.4,0.06666666666666665,0.0,0.7000000000000001,0.65,0.016666666666666607,55.77,Not Placed,D,F
0.4,0.85,0.19999999999999996,0.5000000000000001,0.45,0.6999999999999998,93.29,Placed,A,B
0.9,0.050000000000000044,1.0,0.5000000000000001,0.2,0.6833333333333332,87.98,Placed,A,B
0.4,0.16666666666666674,0.6000000000000001,0.30000000000000004,0.05,0.5666666666666665,74.4,Placed,B,C
0.30000000000000004,0.2833333333333333,0.40000000000000013,0.1,0.25,0.43333333333333324,85.02,Placed,A,C
0.4,0.6833333333333335,0.8,0.20000000000000004,0.5,0.06666666666666665,100.0,Placed,A,F
0.30000000000000004,0.7999999999999999,1.0,0.5000000000000001,0.8500000000000001,0.23333333333333328,88.31,Placed,A,F
0.5000000000000001,0.4833333333333333,0.19999999999999996,0.5000000000000001,1.0,0.5833333333333334,97.23,Placed,A,B
0.30000000000000004,0.2333333333333334,0.40000000000000013,0.4,0.5,0.7999999999999999,100.0,Placed,A,A
0.1,0.08333333333333337,1.0,0.5000000000000001,0.7000000000000001,0.5333333333333333,49.81,Not Placed,F,C
0.8,0.9,0.6000000000000001,1.0,0.1,0.0,75.61,Placed,B,F
0.1,0.8666666666666666,0.6000000000000001,0.5000000000000001,0.05,0.18333333333333324,72.01,Placed,B,F
0.8,0.25,0.6000000000000001,0.0,0.30000000000000004,0.6833333333333332,87.68,Placed,A,B
0.9,0.7666666666666667,0.6000000000000001,0.5000000000000001,0.2,0.6666666666666666,98.11,Placed,A,B
0.5000000000000001,0.65,1.0,0.4,1.0,0.1333333333333333,100.0,Placed,A,F
0.8,0.13333333333333341,0.8,0.7000000000000001,0.6000000000000001,0.9333333333333332,91.33,Placed,A,A
0.8,0.7000000000000001,0.8,0.8,0.35000000000000003,0.9499999999999998,92.83,Placed,A,A
0.20000000000000004,0.9666666666666667,0.19999999999999996,0.5000000000000001,0.4,0.85,99.0,Placed,A,A
0.0,0.5499999999999999,1.0,0.9,0.35000000000000003,0.31666666666666665,80.24,Placed,A,D
0.0,0.43333333333333346,0.6000000000000001,0.30000000000000004,0.45,0.4833333333333333,86.43,Placed,A,C
0.20000000000000004,0.20000000000000007,0.8,0.20000000000000004,0.05,0.21666666666666667,34.79,Not Placed,F,F
0.4,0.5833333333333334,1.0,0.9,0.45,0.9499999999999998,100.0,Placed,A,A
0.20000000000000004,0.43333333333333346,0.40000000000000013,0.0,0.5,0.3666666666666666,81.19,Placed,A,D
0.8,0.13333333333333341,0.8,0.6000000000000001,0.5,0.4666666666666667,90.12,Placed,A,C
0.8,0.06666666666666665,0.8,0.4,0.2,0.8333333333333334,89.84,Placed,A,A
0.20000000000000004,0.8333333333333334,0.19999999999999996,0.30000000000000004,0.65,0.6833333333333332,100.0,Placed,A,B
0.20000000000000004,0.35,0.8,0.8,0.1,0.5666666666666665,70.47,Placed,B,C
0.4,0.5000000000000001,0.40000000000000013,0.6000000000000001,0.9500000000000001,0.85,100.0,Placed,A,A
0.1,0.033333333333333326,0.6000000000000001,0.9,0.05,0.43333333333333324,42.24,Not Placed,F,C
0.5000000000000001,0.4833333333333333,0.0,0.7000000000000001,0.8500000000000001,0.8833333333333332,98.93,Placed,A,A
0.6000000000000001,0.33333333333333337,0.19999999999999996,0.30000000000000004,0.0,0.7999999999999999,92.46,Placed,A,A
0.8,0.5666666666666668,0.40000000000000013,0.9,0.0,0.43333333333333324,74.68,Placed,B,C
0.5000000000000001,0.08333333333333337,0.19999999999999996,0.9,0.8,0.4833333333333333,93.3,Placed,A,C
0.20000000000000004,0.45000000000000007,1.0,0.7000000000000001,0.25,0.033333333333333326,51.64,Not Placed,D,F
0.4,0.5166666666666667,0.6000000000000001,0.30000000000000004,0.6000000000000001,0.18333333333333324,100.0,Placed,A,F
0.30000000000000004,0.6833333333333335,0.8,0.0,1.0,0.7666666666666667,100.0,Placed,A,A
0.4,0.6,1.0,1.0,1.0,0.4999999999999999,96.24,Placed,A,C
0.7000000000000001,0.4,0.8,0.7000000000000001,0.0,0.6,86.62,Placed,A,B
0.7000000000000001,0.5166666666666667,0.40000000000000013,0.0,0.25,0.43333333333333324,97.23,Placed,A,C
0.5000000000000001,0.5666666666666668,0.6000000000000001,0.20000000000000004,0.35000000000000003,0.7666666666666667,98.16,Placed,A,A
0.0,0.35,0.0,0.6000000000000001,0.6000000000000001,0.85,64.29,Not Placed,C,A
0.7000000000000001,0.3833333333333334,0.0,0.20000000000000004,0.05,0.3833333333333333,81.05,Placed,A,D
0.7000000000000001,0.6333333333333334,0.8,0.7000000000000001,0.35000000000000003,0.7833333333333333,90.3,Placed,A,A
0.1,0.8833333333333334,1.0,0.4,0.0,0.6666666666666666,93.27,Placed,A,B
0.30000000000000004,0.4833333333333333,0.6000000000000001,0.20000000000000004,0.6000000000000001,0.65,100.0,Placed,A,B
0.1,0.8166666666666668,0.6000000000000001,0.4,0.0,0.16666666666666663,74.19,Placed,B,F
0.30000000000000004,0.5166666666666667,0.40000000000000013,0.4,0.45,0.43333333333333324,95.39,Placed,A,C
0.9,0.5000000000000001,1.0,0.7000000000000001,0.2,0.1333333333333333,100.0,Placed,A,F
0.6000000000000001,0.3666666666666666,0.0,0.8,0.9500000000000001,0.25,83.21,Placed,A,D
0.8,0.65,0.40000000000000013,0.5000000000000001,0.6000000000000001,0.21666666666666667,88.56,Placed,A,F
0.7000000000000001,0.5333333333333333,0.19999999999999996,0.9,0.2,0.7666666666666667,79.25,Placed,B,A
0.8,0.4,0.6000000000000001,0.20000000000000004,0.45,0.4833333333333333,100.0,Placed,A,C
0.7000000000000001,0.5833333333333334,0.0,0.1,0.1,0.7499999999999999,81.73,Placed,A,A
0.1,0.3833333333333334,0.40000000000000013,1.0,0.05,0.3833333333333333,52.14,Not Placed,D,D
0.6000000000000001,0.5000000000000001,0.8,0.20000000000000004,0.05,0.6833333333333332,98.86,Placed,A,B
0.1,0.9500000000000001,0.19999999999999996,0.8,0.2,0.19999999999999996,59.25,Not Placed,D,F
1.0,0.6333333333333334,0.40000000000000013,0.6000000000000001,0.15000000000000002,0.5333333333333333,100.0,Placed,A,C
0.1,0.7500000000000001,0.8,1.0,0.05,0.9,99.47,Placed,A,A
0.30000000000000004,0.20000000000000007,0.0,1.0,1.0,0.1333333333333333,73.28,Placed,B,F
0.0,0.15000000000000002,0.0,0.8,0.4,0.7999999999999999,65.14,Not Placed,C,A
0.4,0.3666666666666666,0.19999999999999996,0.5000000000000001,0.4,0.41666666666666663,89.16,Placed,A,C
0.5000000000000001,0.2833333333333333,0.8,0.7000000000000001,0.4,0.7999999999999999,100.0,Placed,A,A
0.8,0.5166666666666667,0.6000000000000001,0.9,0.15000000000000002,0.6833333333333332,100.0,Placed,A,B
0.9,0.5333333333333333,0.0,1.0,0.35000000000000003,0.7333333333333333,100.0,Placed,A,B
0.7000000000000001,0.5833333333333334,1.0,0.8,0.8500000000000001,0.8166666666666665,100.0,Placed,A,A
0.1,0.45000000000000007,0.6000000000000001,0.20000000000000004,0.4,0.19999999999999996,51.1,Not Placed,D,F
0.0,0.25,0.6000000000000001,0.6000000000000001,0.1,0.33333333333333326,68.45,Not Placed,C,D
0.1,0.25,0.40000000000000013,0.8,0.25,0.4666666666666667,52.47,Not Placed,D,C
0.6000000000000001,0.2833333333333333,0.40000000000000013,0.1,0.9,0.44999999999999984,100.0,Placed,A,C
0.30000000000000004,0.1166666666666667,0.0,0.6000000000000001,0.2,0.3833333333333333,56.55,Not Placed,D,D
0.9,0.6833333333333335,0.6000000000000001,0.4,0.8,0.19999999999999996,100.0,Placed,A,F
0.4,0.25,0.40000000000000013,0.7000000000000001,0.9,0.9166666666666666,93.62,Placed,A,A
0.6000000000000001,0.9,0.8,0.30000000000000004,0.1,0.6833333333333332,100.0,Placed,A,B
0.20000000000000004,0.9166666666666666,0.8,0.0,0.35000000000000003,0.31666666666666665,86.13,Placed,A,D
0.9,0.16666666666666674,0.8,1.0,0.4,0.6333333333333332,100.0,Placed,A,B
0.1,0.08333333333333337,0.8,0.9,0.35000000000000003,0.09999999999999998,52.57,Not Placed,D,F
0.6000000000000001,0.0,0.6000000000000001,0.7000000000000001,0.65,0.6666666666666666,100.0,Placed,A,B
0.4,1.0,0.8,0.5000000000000001,0.45,0.7833333333333333,100.0,Placed,A,A
0.0,1.0,0.6000000000000001,0.7000000000000001,0.8,0.23333333333333328,85.22,Placed,A,F
0.0,0.18333333333333335,0.0,0.20000000000000004,0.1,0.3999999999999999,51.33,Not Placed,D,D
0.8,0.9333333333333335,0.0,0.7000000000000001,0.1,0.5666666666666665,99.46,Placed,A,C
0.4,0.6166666666666666,0.8,0.7000000000000001,0.1,0.19999999999999996,62.03,Not Placed,C,F
0.0,0.45000000000000007,0.8,0.0,0.15000000000000002,0.6999999999999998,52.1,Not Placed,D,B
0.6000000000000001,0.7333333333333333,0.8,0.30000000000000004,0.8,0.11666666666666659,100.0,Placed,A,F
0.8,0.9500000000000001,0.0,0.6000000000000001,0.65,0.33333333333333326,100.0,Placed,A,D
1.0,0.2666666666666667,0.40000000000000013,1.0,0.05,0.8666666666666666,91.79,Placed,A,A
0.0,0.0,0.0,0.0,0.55,0.9166666666666666,82.98,Placed,A,A
0.9,0.5166666666666667,0.8,0.20000000000000004,0.2,0.08333333333333326,80.89,Placed,A,F
0.30000000000000004,0.1166666666666667,0.40000000000000013,0.20000000000000004,0.05,0.1499999999999999,52.04,Not Placed,D,F
0.20000000000000004,0.8833333333333334,0.40000000000000013,0.5000000000000001,0.55,0.9499999999999998,98.48,Placed,A,A
0.4,0.65,0.19999999999999996,0.4,0.4,0.7999999999999999,92.6,Placed,A,A
0.6000000000000001,0.9166666666666666,0.6000000000000001,1.0,0.4,0.85,100.0,Placed,A,A
0.7000000000000001,0.7000000000000001,0.8,0.6000000000000001,0.9500000000000001,0.6666666666666666,100.0,Placed,A,B
0.1,0.7500000000000001,0.6000000000000001,0.20000000000000004,0.0,0.33333333333333326,64.2,Not Placed,C,D
0.6000000000000001,0.3833333333333334,0.19999999999999996,1.0,0.30000000000000004,0.21666666666666667,65.64,Not Placed,C,F
0.0,0.15000000000000002,0.6000000000000001,0.0,0.8500000000000001,0.85,82.29,Placed,A,A
0.6000000000000001,0.7666666666666667,0.8,1.0,0.45,0.9666666666666667,99.99,Placed,A,A
0.7000000000000001,0.6333333333333334,0.19999999999999996,0.20000000000000004,0.7000000000000001,0.7333333333333333,100.0,Placed,A,B
0.1,0.6333333333333334,0.6000000000000001,0.7000000000000001,0.4,0.9499999999999998,86.06,Placed,A,A
0.8,0.15000000000000002,0.0,0.4,0.5,0.5333333333333333,92.53,Placed,A,C
0.0,0.5833333333333334,0.40000000000000013,0.20000000000000004,0.0,0.3999999999999999,44.98,Not Placed,F,D
0.5000000000000001,0.4,0.19999999999999996,0.7000000000000001,0.5,0.9166666666666666,91.93,Placed,A,A
0.0,0.9833333333333333,0.0,0.5000000000000001,0.0,0.29999999999999993,66.97,Not Placed,C,D
0.20000000000000004,0.8166666666666668,0.8,0.20000000000000004,0.2,0.1333333333333333,57.87,Not Placed,D,F
1.0,0.9666666666666667,0.40000000000000013,0.4,0.8500000000000001,0.7999999999999999,100.0,Placed,A,A
0.5000000000000001,0.9333333333333335,0.19999999999999996,0.0,0.0,0.7666666666666667,82.53,Placed,A,A
0.20000000000000004,0.15000000000000002,0.40000000000000013,0.5000000000000001,0.45,0.85,68.35,Not Placed,C,A
0.7000000000000001,0.30000000000000004,1.0,0.8,0.6000000000000001,0.6,100.0,Placed,A,B
0.4,0.7500000000000001,1.0,0.6000000000000001,0.35000000000000003,0.5833333333333334,87.2,Placed,A,B
0.1,0.7333333333333333,0.19999999999999996,1.0,0.6000000000000001,0.5833333333333334,67.43,Not Placed,C,B
0.30000000000000004,0.2333333333333334,0.19999999999999996,0.7000000000000001,0.9500000000000001,0.9333333333333332,97.69,Placed,A,A
0.8,0.25,0.6000000000000001,0.5000000000000001,0.05,0.23333333333333328,64.73,Not Placed,C,F
0.30000000000000004,0.01666666666666672,0.40000000000000013,1.0,1.0,0.06666666666666665,92.66,Placed,A,F
0.9,0.4666666666666667,1.0,0.4,0.55,0.2666666666666666,100.0,Placed,A,D
0.9,0.050000000000000044,1.0,0.5000000000000001,0.6000000000000001,0.4833333333333333,100.0,Placed,A,C
0.7000000000000001,0.8666666666666666,0.40000000000000013,0.6000000000000001,0.35000000000000003,0.09999999999999998,86.67,Placed,A,F
0.4,0.8166666666666668,1.0,0.8,0.7000000000000001,0.08333333333333326,81.21,Placed,A,F
1.0,0.4666666666666667,0.0,0.7000000000000001,0.30000000000000004,0.23333333333333328,100.0,Placed,A,F
1.0,0.5000000000000001,1.0,0.4,0.30000000000000004,0.9333333333333332,100.0,Placed,A,A
0.9,0.2666666666666667,1.0,0.6000000000000001,0.8,0.85,99.74,Placed,A,A
0.0,0.15000000000000002,0.8,0.7000000000000001,0.9,0.7499999999999999,71.72,Placed,B,A
0.6000000000000001,0.43333333333333346,0.0,0.0,0.1,0.1499999999999999,68.75,Not Placed,C,F
0.20000000000000004,0.8666666666666666,0.6000000000000001,0.7000000000000001,0.30000000000000004,0.08333333333333326,75.34,Placed,B,F
0.9,0.6666666666666666,0.19999999999999996,1.0,0.55,0.6833333333333332,100.0,Placed,A,B
0.7000000000000001,0.2333333333333334,1.0,0.6000000000000001,0.65,0.9,100.0,Placed,A,A
0.20000000000000004,0.9833333333333333,0.6000000000000001,1.0,0.05,0.85,94.29,Placed,A,A
0.0,0.7166666666666667,0.6000000000000001,0.1,0.30000000000000004,0.9833333333333333,94.84,Placed,A,A
0.4,0.5000000000000001,0.0,0.1,0.75,0.6666666666666666,100.0,Placed,A,B
0.1,0.33333333333333337,0.19999999999999996,0.5000000000000001,0.4,0.19999999999999996,54.0,Not Placed,D,F
1.0,0.9833333333333333,0.8,0.20000000000000004,0.0,0.21666666666666667,100.0,Placed,A,F
0.30000000000000004,0.9666666666666667,0.6000000000000001,0.0,0.55,0.0,90.84,Placed,A,F
0.0,0.9500000000000001,0.8,0.7000000000000001,0.05,0.5333333333333333,60.42,Not Placed,C,C
0.8,0.6666666666666666,0.19999999999999996,0.6000000000000001,0.8500000000000001,0.29999999999999993,100.0,Placed,A,D
0.5000000000000001,0.7500000000000001,0.19999999999999996,0.30000000000000004,0.65,0.1333333333333333,79.04,Placed,B,F
0.7000000000000001,0.7333333333333333,0.0,0.0,0.55,0.6,94.1,Placed,A,B
1.0,0.9833333333333333,0.40000000000000013,0.1,0.8500000000000001,0.7999999999999999,100.0,Placed,A,A
0.30000000000000004,0.41666666666666663,1.0,0.8,0.2,0.7833333333333333,96.3,Placed,A,A
0.8,0.6166666666666666,0.0,0.30000000000000004,0.30000000000000004,0.18333333333333324,94.62,Placed,A,F
0.1,0.8333333333333334,0.8,0.20000000000000004,0.15000000000000002,0.06666666666666665,75.66,Placed,B,F
0.8,0.5833333333333334,0.0,0.7000000000000001,0.6000000000000001,0.08333333333333326,100.0,Placed,A,F
0.4,0.85,0.19999999999999996,0.30000000000000004,0.75,0.85,100.0,Placed,A,A
0.5000000000000001,0.2666666666666667,0.6000000000000001,0.6000000000000001,0.75,0.9,100.0,Placed,A,A
0.20000000000000004,0.8333333333333334,1.0,0.4,0.9,0.16666666666666663,100.0,Placed,A,F
0.30000000000000004,0.033333333333333326,1.0,0.4,0.15000000000000002,0.8333333333333334,88.76,Placed,A,A
0.5000000000000001,1.0,0.40000000000000013,1.0,0.9500000000000001,0.8666666666666666,100.0,Placed,A,A
0.6000000000000001,0.21666666666666667,0.19999999999999996,0.5000000000000001,0.9500000000000001,0.6166666666666666,95.51,Placed,A,B
0.0,0.7999999999999999,1.0,0.30000000000000004,0.0,0.9,78.67,Placed,B,A
0.6000000000000001,0.20000000000000007,1.0,0.1,0.6000000000000001,0.1499999999999999,100.0,Placed,A,F
0.0,0.6666666666666666,0.6000000000000001,0.5000000000000001,0.9500000000000001,0.23333333333333328,73.18,Placed,B,F
0.4,0.43333333333333346,0.8,0.4,0.9500000000000001,0.8166666666666665,100.0,Placed,A,A
0.5000000000000001,0.0,0.8,0.20000000000000004,0.4,0.8666666666666666,100.0,Placed,A,A
0.1,0.9333333333333335,0.8,0.30000000000000004,0.45,0.9999999999999999,97.03,Placed,A,A
0.9,0.2666666666666667,0.0,0.20000000000000004,0.25,0.6333333333333332,100.0,Placed,A,B
0.8,0.7833333333333333,0.8,0.20000000000000004,0.30000000000000004,0.9,100.0,Placed,A,A
0.9,0.8166666666666668,0.8,0.30000000000000004,0.75,0.44999999999999984,100.0,Placed,A,C
0.5000000000000001,0.5499999999999999,0.0,0.1,0.8,0.033333333333333326,91.1,Placed,A,F
0.6000000000000001,0.21666666666666667,0.6000000000000001,0.30000000000000004,0.0,0.9166666666666666,87.85,Placed,A,A
0.9,0.8833333333333334,0.19999999999999996,0.9,0.4,0.25,100.0,Placed,A,D
0.7000000000000001,0.9,1.0,1.0,0.65,0.7333333333333333,90.44,Placed,A,B
1.0,0.9666666666666667,0.40000000000000013,0.1,0.7000000000000001,0.2666666666666666,100.0,Placed,A,D
0.9,0.2666666666666667,1.0,0.9,0.15000000000000002,0.5833333333333334,100.0,Placed,A,B
0.0,0.033333333333333326,0.8,0.7000000000000001,0.35000000000000003,0.29999999999999993,69.93,Not Placed,C,D
0.7000000000000001,0.5499999999999999,0.8,0.9,0.7000000000000001,0.04999999999999993,99.85,Placed,A,F
0.30000000000000004,0.65,1.0,0.4,0.15000000000000002,0.9666666666666667,83.03,Placed,A,A
0.9,0.4,1.0,0.6000000000000001,0.9,0.3999999999999999,100.0,Placed,A,D
0.7000000000000001,1.0,0.8,1.0,0.1,0.43333333333333324,82.4,Placed,A,C
0.5000000000000001,0.01666666666666672,0.0,0.30000000000000004,0.35000000000000003,0.18333333333333324,79.86,Placed,B,F
1.0,0.5499999999999999,0.0,0.9,0.05,0.9166666666666666,74.79,Placed,B,A
0.8,0.41666666666666663,0.0,0.5000000000000001,0.35000000000000003,0.43333333333333324,75.18,Placed,B,C
1.0,0.5000000000000001,0.40000000000000013,0.9,0.35000000000000003,0.04999999999999993,78.69,Placed,B,F
0.30000000000000004,0.13333333333333341,0.19999999999999996,0.30000000000000004,0.8,0.9999999999999999,81.32,Placed,A,A
0.1,0.4833333333333333,0.8,0.5000000000000001,0.75,0.3833333333333333,79.95,Placed,B,D
0.1,0.31666666666666665,0.6000000000000001,0.0,0.75,0.2666666666666666,77.21,Placed,B,D
0.4,0.33333333333333337,1.0,0.5000000000000001,0.75,0.9833333333333333,100.0,Placed,A,A
0.9,0.4666666666666667,1.0,0.5000000000000001,0.30000000000000004,0.9166666666666666,97.1,Placed,A,A
0.8,0.9666666666666667,0.8,0.1,0.7000000000000001,0.41666666666666663,100.0,Placed,A,C
0.20000000000000004,0.4,0.8,0.9,0.8,0.2833333333333333,82.61,Placed,A,D
0.7000000000000001,0.6166666666666666,0.8,0.9,0.1,0.35,75.19,Placed,B,D
0.30000000000000004,0.9500000000000001,1.0,0.8,0.0,0.08333333333333326,51.77,Not Placed,D,F
0.5000000000000001,0.7166666666666667,0.8,0.5000000000000001,0.35000000000000003,0.29999999999999993,96.46,Placed,A,D
0.9,0.4,1.0,1.0,0.30000000000000004,0.9999999999999999,100.0,Placed,A,A
0.5000000000000001,0.13333333333333341,0.19999999999999996,0.6000000000000001,0.8500000000000001,0.6,72.68,Placed,B,B
0.20000000000000004,0.6333333333333334,0.6000000000000001,0.1,0.2,0.5499999999999999,75.91,Placed,B,C
0.4,0.7166666666666667,0.0,0.1,0.7000000000000001,0.16666666666666663,83.36,Placed,A,F
0.20000000000000004,0.41666666666666663,0.6000000000000001,0.1,0.30000000000000004,0.9166666666666666,100.0,Placed,A,A
1.0,0.9333333333333335,0.8,0.9,0.45,0.3833333333333333,94.61,Placed,A,D
1.0,0.6,0.6000000000000001,1.0,0.75,0.7333333333333333,100.0,Placed,A,B
0.0,0.25,0.8,0.8,0.05,0.6,63.2,Not Placed,C,B
0.6000000000000001,0.6,0.6000000000000001,0.20000000000000004,0.8500000000000001,0.3666666666666666,100.0,Placed,A,D
0.30000000000000004,0.18333333333333335,0.40000000000000013,0.30000000000000004,0.7000000000000001,0.65,99.81,Placed,A,B
0.6000000000000001,0.3833333333333334,0.6000000000000001,0.0,0.9,0.6999999999999998,97.67,Placed,A,B
0.20000000000000004,0.41666666666666663,0.0,0.0,0.9500000000000001,0.04999999999999993,69.11,Not Placed,C,F
1.0,0.31666666666666665,0.0,0.30000000000000004,0.65,0.2833333333333333,100.0,Placed,A,D
0.4,0.13333333333333341,0.6000000000000001,0.1,0.05,0.4833333333333333,77.99,Placed,B,C
0.4,0.3666666666666666,1.0,0.7000000000000001,0.8500000000000001,0.23333333333333328,92.14,Placed,A,F
0.1,0.6333333333333334,1.0,0.30000000000000004,0.4,0.6,91.12,Placed,A,B
1.0,0.4666666666666667,1.0,0.20000000000000004,0.0,0.3666666666666666,98.23,Placed,A,D
0.9,0.5000000000000001,0.6000000000000001,0.20000000000000004,0.75,0.18333333333333324,99.2,Placed,A,F
0.1,0.30000000000000004,1.0,0.5000000000000001,0.55,0.04999999999999993,73.42,Placed,B,F
0.30000000000000004,0.31666666666666665,0.19999999999999996,0.5000000000000001,0.55,0.04999999999999993,52.9,Not Placed,D,F
0.30000000000000004,0.3666666666666666,0.6000000000000001,0.5000000000000001,0.9,0.85,93.11,Placed,A,A
0.30000000000000004,0.7000000000000001,0.0,0.5000000000000001,0.45,0.6666666666666666,71.22,Placed,B,B
0.5000000000000001,0.43333333333333346,1.0,0.7000000000000001,0.9500000000000001,0.6666666666666666,100.0,Placed,A,B
0.1,0.4833333333333333,0.40000000000000013,0.7000000000000001,0.2,0.21666666666666667,55.5,Not Placed,D,F
0.5000000000000001,0.33333333333333337,1.0,0.8,0.1,0.9666666666666667,78.02,Placed,B,A
0.6000000000000001,0.7166666666666667,0.0,0.0,0.4,0.9499999999999998,100.0,Placed,A,A
1.0,0.5666666666666668,0.19999999999999996,0.9,1.0,0.9166666666666666,100.0,Placed,A,A
0.9,0.7999999999999999,0.6000000000000001,0.7000000000000001,0.7000000000000001,0.9666666666666667,100.0,Placed,A,A
0.20000000000000004,0.09999999999999998,1.0,0.4,0.65,0.11666666666666659,74.38,Placed,B,F
1.0,0.35,0.40000000000000013,0.20000000000000004,0.5,0.3666666666666666,100.0,Placed,A,D
0.7000000000000001,0.15000000000000002,0.0,1.0,0.6000000000000001,0.0,77.83,Placed,B,F
0.1,0.3666666666666666,0.40000000000000013,0.9,0.30000000000000004,0.9166666666666666,71.39,Placed,B,A
1.0,0.2333333333333334,0.8,0.20000000000000004,0.05,0.16666666666666663,94.23,Placed,A,F
0.7000000000000001,0.4833333333333333,0.0,0.5000000000000001,0.1,0.43333333333333324,79.48,Placed,B,C
1.0,0.5499999999999999,0.8,0.7000000000000001,0.9500000000000001,0.04999999999999993,100.0,Placed,A,F
0.4,0.20000000000000007,0.40000000000000013,0.9,0.35000000000000003,0.4666666666666667,76.59,Placed,B,C
0.1,0.9833333333333333,0.6000000000000001,0.1,0.0,0.2666666666666666,88.04,Placed,A,D
0.6000000000000001,0.050000000000000044,0.6000000000000001,0.8,1.0,0.7999999999999999,100.0,Placed,A,A
0.1,0.2833333333333333,0.6000000000000001,0.4,0.15000000000000002,0.29999999999999993,56.81,Not Placed,D,D
0.5000000000000001,0.9166666666666666,0.8,0.4,0.6000000000000001,0.7333333333333333,100.0,Placed,A,B
0.9,0.3666666666666666,0.6000000000000001,0.0,0.65,0.8333333333333334,100.0,Placed,A,A
0.20000000000000004,0.5333333333333333,0.19999999999999996,0.5000000000000001,0.4,0.9499999999999998,74.1,Placed,B,A
0.8,0.5499999999999999,0.0,1.0,0.1,0.7999999999999999,99.0,Placed,A,A
0.20000000000000004,0.5499999999999999,0.0,1.0,0.65,0.3833333333333333,81.01,Placed,A,D
1.0,0.5833333333333334,0.40000000000000013,0.4,0.15000000000000002,0.85,91.2,Placed,A,A
0.20000000000000004,0.5666666666666668,1.0,0.6000000000000001,0.8,0.7166666666666667,100.0,Placed,A,B
0.4,0.2666666666666667,0.8,0.6000000000000001,0.7000000000000001,0.85,100.0,Placed,A,A
0.6000000000000001,0.45000000000000007,0.0,0.30000000000000004,0.55,0.7499999999999999,100.0,Placed,A,A
0.7000000000000001,0.21666666666666667,0.8,0.4,0.65,0.8833333333333332,100.0,Placed,A,A
1.0,0.5499999999999999,0.40000000000000013,0.9,0.9,0.6666666666666666,100.0,Placed,A,B
0.6000000000000001,0.7833333333333333,0.6000000000000001,0.7000000000000001,0.45,0.9333333333333332,100.0,Placed,A,A
0.8,0.16666666666666674,1.0,0.1,0.2,0.7166666666666667,97.47,Placed,A,B
0.4,0.9333333333333335,0.40000000000000013,0.0,0.8,0.9166666666666666,100.0,Placed,A,A
0.9,0.20000000000000007,0.19999999999999996,0.5000000000000001,0.8,0.5166666666666667,100.0,Placed,A,C
1.0,0.5333333333333333,0.6000000000000001,1.0,0.1,0.4999999999999999,56.98,Not Placed,D,C
0.20000000000000004,0.9333333333333335,0.6000000000000001,0.30000000000000004,0.75,0.7999999999999999,100.0,Placed,A,A
0.5000000000000001,0.9,0.6000000000000001,0.9,0.4,0.25,75.66,Placed,B,D
0.4,0.01666666666666672,0.40000000000000013,0.20000000000000004,0.8,0.5166666666666667,92.62,Placed,A,C
0.30000000000000004,0.5499999999999999,0.19999999999999996,0.6000000000000001,0.9500000000000001,0.7166666666666667,100.0,Placed,A,B
0.1,0.8666666666666666,1.0,0.7000000000000001,0.55,0.6833333333333332,100.0,Placed,A,B
0.6000000000000001,0.4666666666666667,0.8,1.0,0.05,0.9499999999999998,96.44,Placed,A,A
0.4,0.6,0.40000000000000013,0.30000000000000004,0.9500000000000001,0.5499999999999999,100.0,Placed,A,C
0.30000000000000004,0.050000000000000044,0.0,0.9,0.75,0.5666666666666665,82.45,Placed,A,C
0.7000000000000001,0.18333333333333335,0.0,1.0,1.0,0.9666666666666667,100.0,Placed,A,A
0.8,0.41666666666666663,0.40000000000000013,1.0,0.25,0.6,99.39,Placed,A,B
0.8,0.9500000000000001,0.8,0.5000000000000001,0.05,0.25,84.72,Placed,A,D
0.20000000000000004,1.0,0.0,1.0,0.4,0.33333333333333326,58.0,Not Placed,D,D
0.20000000000000004,0.45000000000000007,0.8,1.0,0.2,0.19999999999999996,69.83,Not Placed,C,F
0.4,0.033333333333333326,0.6000000000000001,0.1,0.8500000000000001,0.9499999999999998,100.0,Placed,A,A
0.4,0.31666666666666665,0.40000000000000013,0.7000000000000001,1.0,0.9166666666666666,100.0,Placed,A,A
0.9,0.15000000000000002,0.6000000000000001,0.5000000000000001,0.8500000000000001,0.2833333333333333,100.0,Placed,A,D
0.1,0.85,0.0,1.0,0.45,0.016666666666666607,54.42,Not Placed,D,F
0.0,0.2833333333333333,0.8,0.8,0.45,0.9166666666666666,88.37,Placed,A,A
0.7000000000000001,0.8666666666666666,0.6000000000000001,1.0,0.45,0.5333333333333333,92.21,Placed,A,C
0.20000000000000004,0.8666666666666666,0.0,0.5000000000000001,0.8500000000000001,0.6666666666666666,96.03,Placed,A,B
0.0,0.8666666666666666,0.19999999999999996,0.5000000000000001,0.75,0.2833333333333333,69.82,Not Placed,C,D
0.0,0.43333333333333346,0.6000000000000001,0.1,0.25,0.44999999999999984,52.16,Not Placed,D,C
1.0,0.5000000000000001,0.19999999999999996,0.4,0.55,0.6,100.0,Placed,A,B
0.1,0.43333333333333346,0.19999999999999996,0.8,0.15000000000000002,0.5666666666666665,66.51,Not Placed,C,C
0.5000000000000001,0.6833333333333335,1.0,0.0,0.9500000000000001,0.6,100.0,Placed,A,B
0.5000000000000001,0.0,0.0,0.30000000000000004,0.75,0.18333333333333324,73.0,Placed,B,F
0.20000000000000004,0.08333333333333337,0.40000000000000013,0.9,0.5,0.65,58.26,Not Placed,D,B
0.30000000000000004,0.16666666666666674,0.8,0.9,0.0,0.11666666666666659,53.13,Not Placed,D,F
0.1,0.5499999999999999,0.0,0.20000000000000004,0.2,0.8833333333333332,70.64,Placed,B,A
0.1,0.6333333333333334,1.0,0.0,0.8,0.3999999999999999,74.58,Placed,B,D
0.6000000000000001,0.31666666666666665,1.0,0.0,0.5,0.09999999999999998,90.36,Placed,A,F
0.0,0.8666666666666666,0.6000000000000001,0.0,0.65,0.016666666666666607,88.7,Placed,A,F
0.6000000000000001,0.33333333333333337,0.8,0.0,0.4,0.5333333333333333,100.0,Placed,A,C
0.0,0.33333333333333337,1.0,0.1,0.45,0.9166666666666666,99.19,Placed,A,A
0.5000000000000001,0.2833333333333333,0.40000000000000013,1.0,0.15000000000000002,0.5333333333333333,61.26,Not Placed,C,C
0.20000000000000004,0.33333333333333337,0.0,0.4,0.05,0.65,51.24,Not Placed,D,B
0.7000000000000001,0.30000000000000004,0.40000000000000013,0.1,0.25,0.9833333333333333,97.62,Placed,A,A
0.5000000000000001,0.050000000000000044,0.6000000000000001,0.30000000000000004,0.1,0.9333333333333332,95.23,Placed,A,A
1.0,0.20000000000000007,0.0,0.8,0.6000000000000001,0.7999999999999999,100.0,Placed,A,A
0.1,0.2833333333333333,0.6000000000000001,0.20000000000000004,0.55,0.3666666666666666,74.83,Placed,B,D
0.7000000000000001,0.85,0.8,0.1,0.8500000000000001,0.06666666666666665,100.0,Placed,A,F
0.4,0.4666666666666667,0.8,0.30000000000000004,0.25,0.9999999999999999,100.0,Placed,A,A
0.7000000000000001,0.4,0.40000000000000013,0.8,0.45,0.21666666666666667,80.28,Placed,A,F
0.7000000000000001,0.9166666666666666,0.40000000000000013,0.30000000000000004,0.25,0.11666666666666659,88.55,Placed,A,F
0.5000000000000001,0.20000000000000007,0.8,0.4,0.2,0.31666666666666665,64.52,Not Placed,C,D
0.1,0.43333333333333346,0.19999999999999996,0.30000000000000004,0.7000000000000001,0.2833333333333333,73.56,Placed,B,D
0.7000000000000001,0.9833333333333333,0.8,0.7000000000000001,0.7000000000000001,0.3666666666666666,100.0,Placed,A,D
1.0,0.30000000000000004,0.0,0.30000000000000004,0.55,0.4666666666666667,96.27,Placed,A,C
0.5000000000000001,0.7999999999999999,0.6000000000000001,0.1,0.4,0.09999999999999998,83.04,Placed,A,F
0.5000000000000001,0.0,0.8,0.30000000000000004,0.6000000000000001,0.3833333333333333,100.0,Placed,A,D
0.7000000000000001,0.6166666666666666,0.8,0.1,0.75,0.7499999999999999,100.0,Placed,A,A
0.0,0.30000000000000004,1.0,0.8,1.0,0.3999999999999999,97.97,Placed,A,D
0.1,0.85,0.6000000000000001,1.0,0.05,0.21666666666666667,57.38,Not Placed,D,F
0.8,0.0,1.0,0.7000000000000001,0.8,0.6166666666666666,100.0,Placed,A,B
1.0,0.65,0.6000000000000001,0.8,0.4,0.033333333333333326,100.0,Placed,A,F
0.7000000000000001,0.2666666666666667,0.0,0.30000000000000004,0.9,0.8666666666666666,89.96,Placed,A,A
0.6000000000000001,0.33333333333333337,0.6000000000000001,0.0,0.25,0.7499999999999999,100.0,Placed,A,A
0.6000000000000001,0.35,0.40000000000000013,0.20000000000000004,0.15000000000000002,0.21666666666666667,87.95,Placed,A,F
0.4,0.2333333333333334,0.8,0.6000000000000001,0.7000000000000001,0.033333333333333326,81.66,Placed,A,F
0.1,0.8166666666666668,0.6000000000000001,0.0,0.8500000000000001,0.6833333333333332,100.0,Placed,A,B
1.0,0.6333333333333334,0.0,1.0,0.55,0.1333333333333333,96.45,Placed,A,F
0.5000000000000001,0.7833333333333333,0.6000000000000001,0.7000000000000001,0.55,0.8666666666666666,99.73,Placed,A,A
0.9,0.6333333333333334,0.8,0.8,0.9500000000000001,0.09999999999999998,100.0,Placed,A,F
0.20000000000000004,0.5166666666666667,0.19999999999999996,0.7000000000000001,0.8,0.41666666666666663,77.48,Placed,B,C
0.30000000000000004,0.7999999999999999,0.6000000000000001,0.4,0.30000000000000004,0.09999999999999998,66.81,Not Placed,C,F
0.9,0.050000000000000044,0.40000000000000013,1.0,0.9500000000000001,0.09999999999999998,92.65,Placed,A,F
1.0,0.7166666666666667,0.8,0.8,0.2,0.7166666666666667,100.0,Placed,A,B
0.1,0.7333333333333333,0.0,0.30000000000000004,0.55,0.9499999999999998,93.25,Placed,A,A
0.1,0.5166666666666667,0.8,0.8,0.8,0.5833333333333334,100.0,Placed,A,B
0.7000000000000001,0.050000000000000044,1.0,0.0,0.05,0.85,94.51,Placed,A,A
0.7000000000000001,0.8666666666666666,0.19999999999999996,1.0,0.15000000000000002,0.19999999999999996,72.64,Placed,B,F
0.9,0.0,0.0,0.20000000000000004,0.05,0.033333333333333326,60.13,Not Placed,C,F
0.5000000000000001,0.5333333333333333,0.19999999999999996,0.30000000000000004,0.65,0.31666666666666665,96.32,Placed,A,D
0.4,0.09999999999999998,0.19999999999999996,1.0,0.65,0.1333333333333333,81.88,Placed,A,F
0.7000000000000001,0.13333333333333341,0.40000000000000013,0.9,0.6000000000000001,0.8666666666666666,95.29,Placed,A,A
0.30000000000000004,0.0,0.6000000000000001,0.0,0.8,0.35,81.57,Placed,A,D
1.0,0.25,0.40000000000000013,0.5000000000000001,0.8,0.85,100.0,Placed,A,A
0.30000000000000004,0.2833333333333333,0.40000000000000013,0.30000000000000004,0.8500000000000001,0.7333333333333333,86.76,Placed,A,B
0.4,0.8833333333333334,1.0,0.30000000000000004,0.1,0.5333333333333333,100.0,Placed,A,C
0.0,0.7666666666666667,0.40000000000000013,0.0,1.0,0.9999999999999999,100.0,Placed,A,A
0.0,0.08333333333333337,0.0,0.4,0.75,0.3666666666666666,68.56,Not Placed,C,D
0.1,0.01666666666666672,0.6000000000000001,0.8,0.9,0.9999999999999999,88.88,Placed,A,A
0.7000000000000001,0.13333333333333341,0.6000000000000001,0.5000000000000001,0.25,0.3666666666666666,58.45,Not Placed,D,D
0.6000000000000001,0.050000000000000044,0.0,0.7000000000000001,0.25,0.6166666666666666,74.94,Placed,B,B
0.9,0.7333333333333333,0.40000000000000013,1.0,0.8500000000000001,0.85,100.0,Placed,A,A
0.8,0.3666666666666666,0.40000000000000013,0.30000000000000004,0.4,0.41666666666666663,100.0,Placed,A,C
0.4,0.8833333333333334,0.19999999999999996,0.8,0.8500000000000001,0.5166666666666667,100.0,Placed,A,C
0.1,0.7000000000000001,0.19999999999999996,0.6000000000000001,0.25,0.9999999999999999,84.63,Placed,A,A
0.6000000000000001,0.7333333333333333,1.0,0.6000000000000001,0.4,0.9166666666666666,100.0,Placed,A,A
0.7000000000000001,0.7000000000000001,0.8,0.7000000000000001,0.8500000000000001,0.44999999999999984,100.0,Placed,A,C
0.6000000000000001,0.8333333333333334,0.19999999999999996,0.1,0.75,0.4833333333333333,100.0,Placed,A,C
0.6000000000000001,0.1166666666666667,0.6000000000000001,0.5000000000000001,0.6000000000000001,0.65,100.0,Placed,A,B
0.4,0.6333333333333334,0.0,0.6000000000000001,0.5,0.2666666666666666,87.22,Placed,A,D
0.1,0.4,0.40000000000000013,0.20000000000000004,0.35000000000000003,0.9333333333333332,72.54,Placed,B,A
0.5000000000000001,0.25,0.8,0.7000000000000001,0.8,0.9166666666666666,100.0,Placed,A,A
0.30000000000000004,0.5666666666666668,0.19999999999999996,0.0,0.4,0.2833333333333333,88.48,Placed,A,D
0.9,0.2666666666666667,0.8,0.0,0.25,0.3999999999999999,100.0,Placed,A,D
0.1,0.2833333333333333,0.0,0.9,0.0,0.04999999999999993,31.83,Not Placed,F,F
0.8,0.9833333333333333,0.0,0.20000000000000004,0.0,0.41666666666666663,100.0,Placed,A,C
0.6000000000000001,0.43333333333333346,0.8,0.5000000000000001,0.6000000000000001,0.4999999999999999,100.0,Placed,A,C
0.5000000000000001,0.2333333333333334,0.8,0.6000000000000001,0.30000000000000004,0.18333333333333324,71.11,Placed,B,F
0.4,0.9833333333333333,1.0,0.1,0.45,0.8833333333333332,100.0,Placed,A,A
0.20000000000000004,0.2666666666666667,0.8,0.5000000000000001,0.8500000000000001,0.7833333333333333,92.53,Placed,A,A
0.9,0.7000000000000001,0.40000000000000013,0.4,0.25,0.2833333333333333,93.41,Placed,A,D
0.9,0.06666666666666665,0.6000000000000001,0.5000000000000001,0.6000000000000001,0.1499999999999999,99.92,Placed,A,F
0.30000000000000004,0.25,0.19999999999999996,0.0,0.2,0.5833333333333334,83.19,Placed,A,B
0.20000000000000004,0.2333333333333334,0.19999999999999996,0.9,1.0,0.016666666666666607,75.79,Placed,B,F
1.0,0.6833333333333335,0.19999999999999996,0.6000000000000001,0.7000000000000001,0.9833333333333333,100.0,Placed,A,A
0.7000000000000001,0.7500000000000001,0.8,0.7000000000000001,0.55,0.3999999999999999,92.53,Placed,A,D
0.20000000000000004,0.5499999999999999,0.8,0.6000000000000001,0.5,0.7666666666666667,85.8,Placed,A,A
0.6000000000000001,0.7833333333333333,1.0,0.8,0.35000000000000003,0.1333333333333333,92.73,Placed,A,F
0.6000000000000001,0.30000000000000004,0.8,0.0,0.2,0.7666666666666667,100.0,Placed,A,A
0.6000000000000001,0.1166666666666667,1.0,0.9,0.35000000000000003,0.5166666666666667,75.28,Placed,B,C
0.6000000000000001,0.7666666666666667,1.0,0.8,0.2,0.06666666666666665,81.44,Placed,A,F
0.1,0.15000000000000002,0.40000000000000013,1.0,0.45,0.8333333333333334,67.38,Not Placed,C,A
0.9,0.06666666666666665,0.40000000000000013,1.0,0.7000000000000001,0.033333333333333326,65.39,Not Placed,C,F
0.20000000000000004,0.85,0.40000000000000013,0.20000000000000004,0.25,0.2666666666666666,69.7,Not Placed,C,D
0.9,0.7833333333333333,0.40000000000000013,0.1,0.8500000000000001,0.19999999999999996,100.0,Placed,A,F
0.8,0.8666666666666666,0.0,0.5000000000000001,0.1,0.9166666666666666,99.38,Placed,A,A
0.20000000000000004,0.41666666666666663,0.40000000000000013,1.0,0.4,0.033333333333333326,72.13,Placed,B,F
0.1,0.35,0.40000000000000013,0.4,0.45,0.44999999999999984,77.16,Placed,B,C
0.8,0.7166666666666667,0.40000000000000013,0.30000000000000004,0.30000000000000004,0.04999999999999993,94.04,Placed,A,F
0.9,0.3666666666666666,1.0,0.30000000000000004,0.9,0.2833333333333333,100.0,Placed,A,D
0.8,0.20000000000000007,0.19999999999999996,0.7000000000000001,0.05,0.9166666666666666,100.0,Placed,A,A
0.30000000000000004,0.13333333333333341,0.19999999999999996,0.9,0.35000000000000003,0.5666666666666665,58.47,Not Placed,D,C
0.8,0.7999999999999999,0.19999999999999996,0.20000000000000004,0.30000000000000004,0.21666666666666667,78.73,Placed,B,F
0.20000000000000004,0.31666666666666665,0.6000000000000001,0.0,0.2,0.25,45.28,Not Placed,F,D
0.6000000000000001,0.45000000000000007,0.0,0.4,0.15000000000000002,0.18333333333333324,64.2,Not Placed,C,F
0.6000000000000001,0.7166666666666667,1.0,0.7000000000000001,0.5,0.16666666666666663,88.63,Placed,A,F
1.0,0.9333333333333335,0.8,0.20000000000000004,0.45,0.016666666666666607,100.0,Placed,A,F
0.7000000000000001,0.6,1.0,0.1,0.0,0.5333333333333333,100.0,Placed,A,C
0.9,0.3833333333333334,0.40000000000000013,0.0,0.15000000000000002,0.19999999999999996,100.0,Placed,A,F
0.30000000000000004,0.7166666666666667,0.19999999999999996,0.30000000000000004,0.25,0.4833333333333333,74.17,Placed,B,C
0.20000000000000004,0.5333333333333333,1.0,1.0,0.8500000000000001,0.41666666666666663,86.01,Placed,A,C
0.20000000000000004,0.31666666666666665,0.0,0.1,0.6000000000000001,0.8166666666666665,82.82,Placed,A,A
0.4,0.9833333333333333,0.40000000000000013,0.7000000000000001,0.6000000000000001,0.2833333333333333,100.0,Placed,A,D
1.0,0.7833333333333333,0.6000000000000001,1.0,0.0,0.19999999999999996,83.44,Placed,A,F
0.0,0.4833333333333333,0.8,0.9,0.15000000000000002,0.04999999999999993,40.46,Not Placed,F,F
0.9,0.7166666666666667,0.40000000000000013,0.8,0.15000000000000002,0.9666666666666667,100.0,Placed,A,A
0.20000000000000004,0.13333333333333341,0.8,0.9,0.8500000000000001,0.5333333333333333,73.07,Placed,B,C
0.5000000000000001,0.7333333333333333,1.0,0.0,0.8500000000000001,0.23333333333333328,100.0,Placed,A,F
0.20000000000000004,0.7999999999999999,0.40000000000000013,0.1,0.8500000000000001,0.2666666666666666,96.79,Placed,A,D
0.4,0.2666666666666667,0.6000000000000001,0.5000000000000001,0.7000000000000001,0.08333333333333326,73.19,Placed,B,F
0.8,0.5833333333333334,1.0,0.9,0.8500000000000001,0.06666666666666665,100.0,Placed,A,F
0.1,0.21666666666666667,0.0,0.6000000000000001,0.7000000000000001,0.5333333333333333,62.84,Not Placed,C,C
1.0,0.30000000000000004,0.8,0.1,0.8,0.8833333333333332,100.0,Placed,A,A
0.1,0.09999999999999998,0.8,0.7000000000000001,0.2,0.25,52.72,Not Placed,D,D
0.5000000000000001,0.9666666666666667,0.0,0.9,0.5,0.7499999999999999,94.26,Placed,A,A
0.5000000000000001,0.033333333333333326,0.8,0.8,0.75,0.3833333333333333,95.59,Placed,A,D
1.0,0.5333333333333333,1.0,0.7000000000000001,0.9500000000000001,0.9999999999999999,100.0,Placed,A,A
1.0,0.7166666666666667,0.19999999999999996,0.8,0.05,0.06666666666666665,87.54,Placed,A,F
0.7000000000000001,0.5166666666666667,0.0,0.5000000000000001,0.8,0.033333333333333326,100.0,Placed,A,F
1.0,0.7666666666666667,0.6000000000000001,1.0,0.0,0.5666666666666665,96.64,Placed,A,C
0.1,0.16666666666666674,0.40000000000000013,0.6000000000000001,0.8500000000000001,0.9999999999999999,81.18,Placed,A,A
0.8,0.6833333333333335,0.40000000000000013,0.5000000000000001,0.8,0.43333333333333324,100.0,Placed,A,C
0.1,0.01666666666666672,0.0,0.6000000000000001,0.8500000000000001,0.18333333333333324,63.44,Not Placed,C,F
0.0,0.41666666666666663,0.19999999999999996,0.20000000000000004,0.9,0.8166666666666665,100.0,Placed,A,A
0.9,1.0,1.0,0.30000000000000004,0.2,0.6666666666666666,100.0,Placed,A,B
0.1,0.050000000000000044,0.6000000000000001,0.8,0.6000000000000001,0.3999999999999999,81.6,Placed,A,D
0.6000000000000001,0.2666666666666667,0.40000000000000013,0.20000000000000004,0.25,0.9,84.15,Placed,A,A
0.7000000000000001,0.2666666666666667,0.40000000000000013,0.1,0.6000000000000001,0.2666666666666666,94.44,Placed,A,D
0.4,0.45000000000000007,1.0,1.0,0.8500000000000001,0.7999999999999999,100.0,Placed,A,A
0.5000000000000001,0.4833333333333333,0.19999999999999996,0.6000000000000001,0.15000000000000002,0.31666666666666665,69.19,Not Placed,C,D
0.0,0.65,0.8,0.5000000000000001,0.4,0.44999999999999984,84.67,Placed,A,C
0.5000000000000001,0.3666666666666666,0.0,0.20000000000000004,0.1,0.8166666666666665,78.96,Placed,B,A
0.7000000000000001,0.7500000000000001,0.19999999999999996,0.5000000000000001,0.35000000000000003,0.9999999999999999,100.0,Placed,A,A
0.20000000000000004,0.3833333333333334,0.19999999999999996,0.6000000000000001,0.6000000000000001,0.5666666666666665,77.25,Placed,B,C
1.0,0.4666666666666667,0.19999999999999996,0.5000000000000001,0.5,0.8166666666666665,100.0,Placed,A,A
0.0,0.050000000000000044,0.19999999999999996,0.0,0.45,0.23333333333333328,45.41,Not Placed,F,F
1.0,0.6166666666666666,0.8,0.0,0.5,0.5333333333333333,100.0,Placed,A,C
0.30000000000000004,0.4666666666666667,1.0,0.8,0.1,0.033333333333333326,76.74,Placed,B,F
0.0,0.30000000000000004,0.6000000000000001,0.5000000000000001,0.65,0.09999999999999998,51.6,Not Placed,D,F
0.7000000000000001,0.43333333333333346,0.19999999999999996,0.1,0.65,0.1499999999999999,100.0,Placed,A,F
0.4,0.4666666666666667,0.19999999999999996,1.0,0.9,0.6666666666666666,79.77,Placed,B,B
0.0,0.9166666666666666,0.0,0.0,0.15000000000000002,0.41666666666666663,66.12,Not Placed,C,C
0.7000000000000001,0.5833333333333334,0.40000000000000013,1.0,0.0,0.6666666666666666,82.29,Placed,A,B
0.8,0.5666666666666668,0.8,0.1,0.05,0.65,99.88,Placed,A,B
0.9,0.85,0.19999999999999996,0.7000000000000001,0.25,0.08333333333333326,100.0,Placed,A,F
0.1,0.08333333333333337,0.6000000000000001,0.4,0.6000000000000001,0.5333333333333333,81.77,Placed,A,C
0.8,0.9666666666666667,0.6000000000000001,0.6000000000000001,0.65,0.25,93.51,Placed,A,D
0.7000000000000001,0.3666666666666666,0.6000000000000001,0.6000000000000001,0.0,0.3833333333333333,94.12,Placed,A,D
0.6000000000000001,0.6333333333333334,0.0,0.1,0.35000000000000003,0.9166666666666666,100.0,Placed,A,A
0.20000000000000004,0.7500000000000001,0.6000000000000001,0.30000000000000004,0.8500000000000001,0.4833333333333333,100.0,Placed,A,C
0.1,0.7166666666666667,1.0,0.1,0.65,0.9833333333333333,100.0,Placed,A,A
0.6000000000000001,0.7833333333333333,0.0,0.6000000000000001,0.05,0.9333333333333332,93.8,Placed,A,A
0.4,0.85,0.8,0.4,0.55,0.1499999999999999,88.56,Placed,A,F
0.5000000000000001,0.1166666666666667,0.6000000000000001,0.0,0.0,0.16666666666666663,78.68,Placed,B,F
0.30000000000000004,0.9,0.40000000000000013,0.1,1.0,0.7166666666666667,97.08,Placed,A,B
0.1,0.01666666666666672,0.19999999999999996,0.5000000000000001,0.7000000000000001,0.35,70.5,Placed,B,D
0.8,0.20000000000000007,0.8,0.30000000000000004,0.5,0.033333333333333326,100.0,Placed,A,F
0.20000000000000004,0.65,1.0,0.6000000000000001,0.8500000000000001,0.6166666666666666,97.15,Placed,A,B
0.6000000000000001,0.9333333333333335,0.40000000000000013,0.1,0.8,0.65,100.0,Placed,A,B
0.7000000000000001,0.33333333333333337,0.8,0.1,0.1,0.3666666666666666,71.83,Placed,B,D
0.1,0.5000000000000001,1.0,0.5000000000000001,0.7000000000000001,0.7333333333333333,82.86,Placed,A,B
0.5000000000000001,0.85,0.6000000000000001,0.7000000000000001,0.6000000000000001,0.9166666666666666,100.0,Placed,A,A
1.0,0.7833333333333333,0.8,0.0,0.1,0.29999999999999993,100.0,Placed,A,D
0.7000000000000001,0.5833333333333334,0.8,0.4,0.6000000000000001,0.65,100.0,Placed,A,B
0.6000000000000001,1.0,0.8,0.0,0.4,0.8666666666666666,100.0,Placed,A,A
1.0,0.7833333333333333,0.0,1.0,0.45,0.9,100.0,Placed,A,A
0.20000000000000004,0.85,0.40000000000000013,0.5000000000000001,0.0,0.19999999999999996,44.53,Not Placed,F,F
0.0,0.6166666666666666,1.0,0.6000000000000001,0.05,0.5833333333333334,63.88,Not Placed,C,B
0.5000000000000001,0.43333333333333346,0.6000000000000001,0.5000000000000001,0.65,0.033333333333333326,92.14,Placed,A,F
0.7000000000000001,0.5833333333333334,0.19999999999999996,0.8,0.2,0.35,95.37,Placed,A,D
0.5000000000000001,0.7833333333333333,0.6000000000000001,0.20000000000000004,0.45,0.3999999999999999,95.19,Placed,A,D
0.4,0.3666666666666666,0.6000000000000001,0.7000000000000001,0.9,0.31666666666666665,95.46,Placed,A,D
1.0,0.9,0.0,0.20000000000000004,0.35000000000000003,0.44999999999999984,100.0,Placed,A,C
0.7000000000000001,0.33333333333333337,0.0,1.0,0.6000000000000001,0.9333333333333332,100.0,Placed,A,A
0.1,0.20000000000000007,0.8,0.6000000000000001,0.4,0.033333333333333326,51.52,Not Placed,D,F
0.0,0.6,0.6000000000000001,0.4,0.8500000000000001,0.35,81.98,Placed,A,D
0.0,0.7666666666666667,0.40000000000000013,0.0,0.15000000000000002,0.7166666666666667,81.74,Placed,A,B
0.30000000000000004,0.41666666666666663,0.0,1.0,0.35000000000000003,0.6,73.23,Placed,B,B
0.5000000000000001,0.65,1.0,0.30000000000000004,0.2,0.9333333333333332,100.0,Placed,A,A
0.8,0.09999999999999998,0.0,1.0,0.25,0.6166666666666666,88.87,Placed,A,B
0.0,0.7500000000000001,0.40000000000000013,0.8,0.9500000000000001,0.2833333333333333,81.6,Placed,A,D
0.0,0.6333333333333334,0.0,0.7000000000000001,0.2,0.31666666666666665,56.37,Not Placed,D,D
0.4,0.35,0.40000000000000013,0.20000000000000004,0.0,0.7499999999999999,73.03,Placed,B,A
0.9,0.6333333333333334,0.19999999999999996,0.1,0.9,0.06666666666666665,100.0,Placed,A,F
0.4,0.3666666666666666,0.40000000000000013,1.0,0.15000000000000002,0.6999999999999998,61.9,Not Placed,C,B
0.4,0.9500000000000001,0.19999999999999996,0.8,0.0,0.9666666666666667,91.69,Placed,A,A
0.9,0.4833333333333333,1.0,0.0,0.9,0.1333333333333333,100.0,Placed,A,F
0.5000000000000001,0.2833333333333333,0.8,0.8,0.15000000000000002,0.4666666666666667,68.84,Not Placed,C,C
0.7000000000000001,0.6833333333333335,0.8,0.6000000000000001,0.65,0.2666666666666666,97.07,Placed,A,D
0.20000000000000004,0.2833333333333333,0.0,0.1,0.65,0.18333333333333324,74.75,Placed,B,F
0.8,0.7500000000000001,0.40000000000000013,1.0,0.4,0.9333333333333332,100.0,Placed,A,A
0.0,0.15000000000000002,0.0,0.4,0.9,0.41666666666666663,67.41,Not Placed,C,C
0.30000000000000004,0.6333333333333334,0.40000000000000013,0.1,0.5,0.5333333333333333,95.0,Placed,A,C
0.8,0.4833333333333333,0.0,0.4,0.75,0.5333333333333333,91.23,Placed,A,C
0.7000000000000001,0.41666666666666663,0.8,0.6000000000000001,0.9,0.5833333333333334,100.0,Placed,A,B
0.9,0.09999999999999998,1.0,0.4,0.15000000000000002,0.4666666666666667,91.76,Placed,A,C
0.8,0.09999999999999998,0.8,0.1,0.4,0.35,85.51,Placed,A,D
0.0,0.06666666666666665,0.0,1.0,0.8,0.2833333333333333,53.42,Not Placed,D,D
0.8,0.0,0.40000000000000013,0.4,0.7000000000000001,0.2666666666666666,82.27,Placed,A,D
0.20000000000000004,0.7500000000000001,0.6000000000000001,0.9,0.35000000000000003,0.7166666666666667,93.02,Placed,A,B
1.0,0.2833333333333333,1.0,0.5000000000000001,0.6000000000000001,0.85,100.0,Placed,A,A
0.9,0.20000000000000007,0.40000000000000013,0.4,0.0,0.3833333333333333,93.08,Placed,A,D
0.8,0.4,0.0,0.1,0.05,0.35,89.81,Placed,A,D
0.0,0.65,0.40000000000000013,0.5000000000000001,0.45,0.7166666666666667,55.79,Not Placed,D,B
0.0,0.1166666666666667,0.19999999999999996,0.5000000000000001,1.0,0.06666666666666665,54.72,Not Placed,D,F
0.8,0.15000000000000002,0.40000000000000013,0.1,0.6000000000000001,0.0,100.0,Placed,A,F
1.0,0.5166666666666667,0.8,0.30000000000000004,0.5,0.29999999999999993,100.0,Placed,A,D
0.5000000000000001,0.2666666666666667,0.8,0.6000000000000001,0.65,0.4833333333333333,97.25,Placed,A,C
0.30000000000000004,0.6166666666666666,0.19999999999999996,0.0,0.75,0.6333333333333332,100.0,Placed,A,B
0.6000000000000001,0.2333333333333334,1.0,0.0,0.25,0.23333333333333328,79.96,Placed,B,F
0.4,0.2333333333333334,0.40000000000000013,1.0,0.05,0.7499999999999999,62.26,Not Placed,C,A
0.9,0.9333333333333335,1.0,1.0,0.2,0.9499999999999998,100.0,Placed,A,A
0.6000000000000001,0.7833333333333333,0.6000000000000001,0.5000000000000001,0.9,0.5666666666666665,100.0,Placed,A,C
0.7000000000000001,0.65,0.40000000000000013,0.6000000000000001,0.30000000000000004,0.06666666666666665,67.74,Not Placed,C,F
0.7000000000000001,0.8333333333333334,0.8,0.4,0.8,0.08333333333333326,100.0,Placed,A,F
0.0,0.31666666666666665,0.8,0.9,0.2,0.3999999999999999,48.11,Not Placed,F,D
0.7000000000000001,0.2333333333333334,1.0,0.7000000000000001,0.55,0.16666666666666663,71.73,Placed,B,F
0.5000000000000001,0.5666666666666668,0.0,1.0,0.9,0.8333333333333334,100.0,Placed,A,A
0.30000000000000004,0.08333333333333337,0.8,0.30000000000000004,0.8500000000000001,0.35,93.65,Placed,A,D
0.7000000000000001,0.4833333333333333,0.0,0.20000000000000004,0.55,0.9666666666666667,100.0,Placed,A,A
0.20000000000000004,0.9333333333333335,0.8,0.6000000000000001,0.1,0.5499999999999999,86.19,Placed,A,C
0.30000000000000004,0.1166666666666667,0.8,0.30000000000000004,0.15000000000000002,0.9333333333333332,91.9,Placed,A,A
0.5000000000000001,0.5000000000000001,0.6000000000000001,0.0,0.7000000000000001,0.7166666666666667,100.0,Placed,A,B
1.0,0.7833333333333333,0.0,1.0,0.7000000000000001,0.9333333333333332,100.0,Placed,A,A
0.6000000000000001,0.7666666666666667,0.0,0.7000000000000001,0.5,0.9,91.94,Placed,A,A
0.30000000000000004,0.5166666666666667,0.8,0.4,0.05,0.21666666666666667,78.07,Placed,B,F
0.30000000000000004,0.7333333333333333,0.0,0.7000000000000001,0.8500000000000001,0.9666666666666667,100.0,Placed,A,A
0.6000000000000001,0.9500000000000001,0.8,0.7000000000000001,0.1,0.1333333333333333,82.39,Placed,A,F
0.5000000000000001,0.85,0.8,0.4,0.8500000000000001,0.31666666666666665,91.56,Placed,A,D
1.0,0.2333333333333334,1.0,0.7000000000000001,0.65,0.25,99.7,Placed,A,D
0.7000000000000001,0.2833333333333333,0.40000000000000013,0.6000000000000001,0.25,0.9499999999999998,93.95,Placed,A,A
0.0,0.20000000000000007,0.0,0.20000000000000004,0.05,0.2666666666666666,38.35,Not Placed,F,D
0.9,0.3833333333333334,0.19999999999999996,0.30000000000000004,0.0,0.2666666666666666,74.03,Placed,B,D
1.0,0.65,1.0,1.0,0.35000000000000003,0.5499999999999999,100.0,Placed,A,C
0.6000000000000001,0.21666666666666667,0.0,0.6000000000000001,0.45,0.6833333333333332,100.0,Placed,A,B
0.6000000000000001,0.45000000000000007,0.0,0.30000000000000004,0.9500000000000001,0.16666666666666663,100.0,Placed,A,F
1.0,0.16666666666666674,0.6000000000000001,0.5000000000000001,0.8500000000000001,0.5666666666666665,100.0,Placed,A,C
0.6000000000000001,0.08333333333333337,0.19999999999999996,0.1,0.9500000000000001,0.5499999999999999,100.0,Placed,A,C
0.6000000000000001,0.9166666666666666,0.19999999999999996,0.1,0.5,0.5833333333333334,100.0,Placed,A,B
0.9,0.4,0.6000000000000001,0.20000000000000004,0.8500000000000001,0.11666666666666659,100.0,Placed,A,F
0.9,1.0,0.6000000000000001,0.9,0.75,0.29999999999999993,100.0,Placed,A,D
0.7000000000000001,0.0,0.0,0.6000000000000001,0.2,0.85,80.44,Placed,A,A
0.8,0.4,0.40000000000000013,0.20000000000000004,0.30000000000000004,0.8166666666666665,100.0,Placed,A,A
0.8,0.01666666666666672,0.6000000000000001,0.20000000000000004,0.05,0.5333333333333333,71.13,Placed,B,C
0.1,0.5166666666666667,0.19999999999999996,0.30000000000000004,0.5,0.9166666666666666,85.94,Placed,A,A
0.6000000000000001,0.20000000000000007,0.19999999999999996,0.9,0.6000000000000001,0.3666666666666666,86.49,Placed,A,D
0.6000000000000001,0.5333333333333333,0.0,0.5000000000000001,0.9500000000000001,0.9499999999999998,100.0,Placed,A,A
0.30000000000000004,0.5166666666666667,0.40000000000000013,0.0,0.75,0.016666666666666607,67.57,Not Placed,C,F
0.8,0.9166666666666666,0.8,0.5000000000000001,0.65,0.11666666666666659,100.0,Placed,A,F
0.7000000000000001,0.3833333333333334,0.6000000000000001,0.7000000000000001,0.30000000000000004,0.4666666666666667,96.77,Placed,A,C
0.0,0.43333333333333346,0.6000000000000001,0.7000000000000001,0.30000000000000004,0.6833333333333332,82.32,Placed,A,B
0.1,0.050000000000000044,0.0,0.5000000000000001,0.55,0.8333333333333334,68.56,Not Placed,C,A
0.1,0.3833333333333334,1.0,0.5000000000000001,0.55,0.09999999999999998,71.29,Placed,B,F
1.0,0.3666666666666666,1.0,0.20000000000000004,0.9500000000000001,0.7999999999999999,100.0,Placed,A,A
0.7000000000000001,0.4666666666666667,0.40000000000000013,0.1,0.0,0.9833333333333333,98.98,Placed,A,A
0.0,0.5499999999999999,0.19999999999999996,0.6000000000000001,0.25,0.4666666666666667,57.04,Not Placed,D,C
0.30000000000000004,0.33333333333333337,0.19999999999999996,0.7000000000000001,0.35000000000000003,0.4999999999999999,72.42,Placed,B,C
0.9,0.4833333333333333,0.8,0.9,0.6000000000000001,0.4833333333333333,100.0,Placed,A,C
0.4,0.41666666666666663,0.19999999999999996,0.5000000000000001,0.2,0.5666666666666665,84.02,Placed,A,C
0.8,0.31666666666666665,1.0,0.4,0.45,0.3999999999999999,100.0,Placed,A,D
0.6000000000000001,0.25,1.0,0.30000000000000004,0.65,0.7666666666666667,100.0,Placed,A,A
0.7000000000000001,0.033333333333333326,0.6000000000000001,0.0,0.4,0.04999999999999993,59.93,Not Placed,D,F
1.0,0.7999999999999999,0.8,0.8,0.8,0.7999999999999999,100.0,Placed,A,A
0.8,0.6,0.40000000000000013,1.0,0.1,0.6999999999999998,77.61,Placed,B,B
0.6000000000000001,0.9500000000000001,0.8,0.9,0.55,0.6166666666666666,100.0,Placed,A,B
0.4,0.65,0.40000000000000013,0.30000000000000004,0.55,0.2666666666666666,94.56,Placed,A,D
0.4,0.7166666666666667,1.0,0.1,0.5,0.1499999999999999,82.37,Placed,A,F
0.9,0.4,0.19999999999999996,0.30000000000000004,0.15000000000000002,0.0,95.13,Placed,A,F
1.0,0.3666666666666666,0.0,1.0,0.35000000000000003,0.2833333333333333,76.85,Placed,B,D
0.5000000000000001,0.7166666666666667,0.8,0.4,0.45,0.7499999999999999,91.2,Placed,A,A
0.4,0.9666666666666667,0.8,0.1,0.65,0.29999999999999993,99.22,Placed,A,D
1.0,0.0,0.6000000000000001,0.6000000000000001,0.0,0.9999999999999999,95.6,Placed,A,A
0.8,0.5333333333333333,0.6000000000000001,0.20000000000000004,0.55,0.8166666666666665,100.0,Placed,A,A
0.20000000000000004,0.2333333333333334,1.0,0.7000000000000001,0.2,0.9166666666666666,79.3,Placed,B,A
0.20000000000000004,0.2666666666666667,0.40000000000000013,0.30000000000000004,0.65,0.5166666666666667,85.6,Placed,A,C
0.6000000000000001,0.5499999999999999,0.0,1.0,0.15000000000000002,0.8833333333333332,83.6,Placed,A,A
0.6000000000000001,0.2666666666666667,0.6000000000000001,0.4,0.8,0.4999999999999999,91.17,Placed,A,C
0.5000000000000001,0.85,0.6000000000000001,0.20000000000000004,0.6000000000000001,0.5333333333333333,97.97,Placed,A,C
0.20000000000000004,0.9500000000000001,0.19999999999999996,1.0,0.1,0.35,84.38,Placed,A,D
0.6000000000000001,0.6666666666666666,0.19999999999999996,0.4,0.5,0.0,74.5,Placed,B,F
0.4,0.7166666666666667,1.0,0.8,0.5,0.6666666666666666,86.97,Placed,A,B
0.6000000000000001,0.050000000000000044,1.0,1.0,0.2,0.7499999999999999,68.18,Not Placed,C,A
0.1,0.20000000000000007,0.6000000000000001,0.1,0.25,0.5666666666666665,80.0,Placed,A,C
0.5000000000000001,0.050000000000000044,0.40000000000000013,0.6000000000000001,0.15000000000000002,0.7166666666666667,85.8,Placed,A,B
0.7000000000000001,0.09999999999999998,0.0,0.9,0.45,0.7999999999999999,92.47,Placed,A,A
0.0,0.7500000000000001,0.6000000000000001,0.7000000000000001,0.45,0.2666666666666666,80.67,Placed,A,D
0.30000000000000004,0.9666666666666667,0.40000000000000013,0.20000000000000004,0.55,0.5499999999999999,90.27,Placed,A,C
1.0,0.13333333333333341,0.40000000000000013,1.0,0.8500000000000001,0.4666666666666667,96.36,Placed,A,C
0.0,0.3666666666666666,0.6000000000000001,0.30000000000000004,0.7000000000000001,0.08333333333333326,71.56,Placed,B,F
0.0,0.5333333333333333,0.40000000000000013,1.0,0.8500000000000001,0.0,68.63,Not Placed,C,F
0.9,0.5333333333333333,0.8,0.9,0.1,0.9,100.0,Placed,A,A
1.0,0.31666666666666665,0.40000000000000013,0.1,0.1,0.43333333333333324,95.61,Placed,A,C
0.7000000000000001,0.050000000000000044,0.6000000000000001,0.9,0.0,0.18333333333333324,75.58,Placed,B,F
0.6000000000000001,0.0,0.40000000000000013,0.8,0.8,0.04999999999999993,79.96,Placed,B,F
0.9,0.8833333333333334,0.6000000000000001,0.20000000000000004,0.45,0.9,100.0,Placed,A,A
0.0,0.6833333333333335,0.19999999999999996,0.8,0.25,0.25,54.71,Not Placed,D,D
1.0,0.5499999999999999,0.6000000000000001,0.6000000000000001,0.5,0.85,100.0,Placed,A,A
0.1,0.43333333333333346,0.40000000000000013,0.5000000000000001,0.65,0.16666666666666663,59.47,Not Placed,D,F
0.30000000000000004,0.33333333333333337,0.6000000000000001,1.0,0.8,0.85,97.42,Placed,A,A
0.0,0.3833333333333334,0.0,1.0,0.30000000000000004,0.31666666666666665,26.67,Not Placed,F,D
0.20000000000000004,0.2333333333333334,0.6000000000000001,0.20000000000000004,0.15000000000000002,0.41666666666666663,60.75,Not Placed,C,C
0.7000000000000001,0.5666666666666668,0.6000000000000001,1.0,0.5,0.44999999999999984,89.8,Placed,A,C
0.7000000000000001,0.4,0.0,0.6000000000000001,0.9,0.6833333333333332,96.07,Placed,A,B
0.7000000000000001,0.9,0.0,1.0,0.4,0.11666666666666659,80.88,Placed,A,F
0.5000000000000001,0.13333333333333341,0.0,0.20000000000000004,1.0,0.016666666666666607,91.67,Placed,A,F
0.5000000000000001,0.2666666666666667,1.0,1.0,0.35000000000000003,0.65,86.98,Placed,A,B
0.4,0.33333333333333337,0.8,0.5000000000000001,0.9500000000000001,0.41666666666666663,93.55,Placed,A,C
0.8,0.9833333333333333,1.0,0.7000000000000001,0.15000000000000002,0.43333333333333324,100.0,Placed,A,C
0.30000000000000004,0.20000000000000007,0.6000000000000001,0.4,0.75,0.5333333333333333,91.54,Placed,A,C
0.9,0.033333333333333326,1.0,1.0,0.25,0.9999999999999999,91.45,Placed,A,A
0.6000000000000001,0.050000000000000044,1.0,1.0,0.25,0.9,81.04,Placed,A,A
0.0,0.050000000000000044,0.0,0.20000000000000004,0.9,0.09999999999999998,50.58,Not Placed,D,F
0.8,0.7000000000000001,0.0,0.5000000000000001,0.05,0.8833333333333332,94.61,Placed,A,A
0.6000000000000001,0.45000000000000007,0.19999999999999996,0.7000000000000001,0.5,0.7499999999999999,88.81,Placed,A,A
0.9,0.09999999999999998,1.0,0.9,0.8500000000000001,0.5833333333333334,100.0,Placed,A,B
0.8,0.41666666666666663,0.8,0.20000000000000004,0.4,0.33333333333333326,100.0,Placed,A,D
0.6000000000000001,0.16666666666666674,0.6000000000000001,1.0,0.75,0.7999999999999999,83.14,Placed,A,A
0.1,0.3833333333333334,0.40000000000000013,1.0,0.5,0.5499999999999999,48.93,Not Placed,F,C
0.5000000000000001,0.7000000000000001,0.8,0.4,0.65,0.9499999999999998,100.0,Placed,A,A
0.9,0.15000000000000002,0.8,0.8,0.35000000000000003,0.3666666666666666,98.47,Placed,A,D
1.0,0.6,0.19999999999999996,0.9,0.6000000000000001,0.5499999999999999,100.0,Placed,A,C
0.30000000000000004,0.20000000000000007,0.6000000000000001,0.9,0.45,0.65,73.25,Placed,B,B
0.20000000000000004,1.0,0.6000000000000001,0.20000000000000004,0.55,0.09999999999999998,92.19,Placed,A,F
0.1,0.7166666666666667,0.0,1.0,1.0,0.41666666666666663,80.44,Placed,A,C
0.5000000000000001,0.6833333333333335,0.0,0.1,0.1,0.65,95.17,Placed,A,B
0.7000000000000001,0.6333333333333334,0.8,1.0,0.05,0.85,100.0,Placed,A,A
0.5000000000000001,0.30000000000000004,0.19999999999999996,0.7000000000000001,0.5,0.7999999999999999,99.24,Placed,A,A
0.8,0.8333333333333334,0.6000000000000001,0.6000000000000001,0.8500000000000001,0.9,100.0,Placed,A,A
0.4,0.30000000000000004,0.19999999999999996,0.8,1.0,0.2666666666666666,87.92,Placed,A,D
0.1,0.18333333333333335,0.40000000000000013,0.30000000000000004,0.15000000000000002,0.4999999999999999,51.41,Not Placed,D,C
0.7000000000000001,0.85,0.6000000000000001,0.20000000000000004,0.35000000000000003,0.6333333333333332,100.0,Placed,A,B
0.8,0.35,0.0,0.9,0.5,0.3999999999999999,92.29,Placed,A,D
0.9,0.7666666666666667,0.8,0.4,0.7000000000000001,0.6,100.0,Placed,A,B
0.30000000000000004,0.6,0.19999999999999996,1.0,1.0,0.23333333333333328,89.79,Placed,A,F
0.5000000000000001,0.9166666666666666,0.0,0.0,0.05,0.016666666666666607,79.56,Placed,B,F
1.0,0.4833333333333333,0.8,0.4,0.9,0.16666666666666663,100.0,Placed,A,F
0.9,0.7500000000000001,0.0,0.20000000000000004,0.7000000000000001,0.5166666666666667,100.0,Placed,A,C
0.7000000000000001,0.18333333333333335,0.6000000000000001,0.0,0.6000000000000001,0.4833333333333333,100.0,Placed,A,C
0.8,0.4666666666666667,0.19999999999999996,0.20000000000000004,0.05,0.2666666666666666,87.84,Placed,A,D
0.4,0.33333333333333337,0.40000000000000013,0.4,0.1,0.3833333333333333,61.29,Not Placed,C,D
0.5000000000000001,0.16666666666666674,1.0,0.4,0.65,0.7333333333333333,100.0,Placed,A,B
1.0,0.9833333333333333,0.0,0.9,0.9500000000000001,0.04999999999999993,100.0,Placed,A,F
0.30000000000000004,0.6,1.0,0.7000000000000001,0.6000000000000001,0.9166666666666666,90.52,Placed,A,A
0.4,0.7833333333333333,0.19999999999999996,1.0,0.75,0.8166666666666665,100.0,Placed,A,A
0.6000000000000001,0.9500000000000001,0.6000000000000001,0.0,0.55,0.9999999999999999,97.74,Placed,A,A
0.8,0.2833333333333333,0.0,0.6000000000000001,0.0,0.7499999999999999,78.02,Placed,B,A
0.9,0.7166666666666667,0.6000000000000001,0.4,0.25,0.5166666666666667,100.0,Placed,A,C
1.0,0.9666666666666667,0.40000000000000013,0.20000000000000004,0.6000000000000001,0.29999999999999993,100.0,Placed,A,D
0.5000000000000001,0.43333333333333346,0.40000000000000013,0.30000000000000004,0.05,0.033333333333333326,65.15,Not Placed,C,F
0.5000000000000001,0.6,0.8,0.20000000000000004,0.8500000000000001,0.04999999999999993,100.0,Placed,A,F
0.7000000000000001,0.7833333333333333,0.8,0.7000000000000001,0.8,0.3999999999999999,97.21,Placed,A,D
1.0,0.18333333333333335,0.8,0.30000000000000004,0.9,0.1333333333333333,100.0,Placed,A,F
0.30000000000000004,0.3666666666666666,0.6000000000000001,0.20000000000000004,0.7000000000000001,0.33333333333333326,94.49,Placed,A,D
0.20000000000000004,0.5499999999999999,0.8,0.1,0.35000000000000003,0.3666666666666666,71.6,Placed,B,D
0.6000000000000001,1.0,0.19999999999999996,0.20000000000000004,0.4,0.7499999999999999,100.0,Placed,A,A
0.4,0.6166666666666666,1.0,0.6000000000000001,0.35000000000000003,0.4666666666666667,87.35,Placed,A,C
0.1,0.3666666666666666,1.0,0.5000000000000001,0.35000000000000003,0.4833333333333333,84.37,Placed,A,C
0.1,0.8666666666666666,0.6000000000000001,0.9,0.5,0.3999999999999999,61.78,Not Placed,C,D
1.0,0.4,0.6000000000000001,0.4,0.8500000000000001,0.7999999999999999,100.0,Placed,A,A
0.5000000000000001,0.050000000000000044,0.8,0.7000000000000001,0.8,0.4666666666666667,73.5,Placed,B,C
0.7000000000000001,0.4833333333333333,1.0,1.0,0.25,0.5499999999999999,96.44,Placed,A,C
0.0,0.4833333333333333,1.0,0.0,0.05,0.21666666666666667,53.46,Not Placed,D,F
1.0,0.20000000000000007,0.8,0.20000000000000004,0.0,0.35,99.17,Placed,A,D
0.5000000000000001,0.6833333333333335,0.6000000000000001,0.1,0.45,0.7833333333333333,99.59,Placed,A,A
0.1,0.7999999999999999,0.40000000000000013,0.1,0.35000000000000003,0.8333333333333334,100.0,Placed,A,A
0.1,0.21666666666666667,0.40000000000000013,1.0,0.75,0.25,66.21,Not Placed,C,D
0.6000000000000001,0.9166666666666666,0.8,0.0,0.65,0.16666666666666663,100.0,Placed,A,F
0.9,0.7666666666666667,0.40000000000000013,0.4,0.75,0.9833333333333333,100.0,Placed,A,A
0.0,0.1166666666666667,0.19999999999999996,0.4,0.65,0.9666666666666667,82.68,Placed,A,A
0.5000000000000001,0.9,0.19999999999999996,0.20000000000000004,0.30000000000000004,0.21666666666666667,91.3,Placed,A,F
0.6000000000000001,0.3833333333333334,0.19999999999999996,0.8,0.8500000000000001,0.09999999999999998,84.37,Placed,A,F
0.7000000000000001,0.2833333333333333,0.6000000000000001,0.5000000000000001,0.9500000000000001,0.06666666666666665,100.0,Placed,A,F
0.6000000000000001,0.5666666666666668,0.6000000000000001,0.9,0.4,0.9499999999999998,100.0,Placed,A,A
0.5000000000000001,0.4,0.6000000000000001,0.5000000000000001,0.15000000000000002,0.65,90.51,Placed,A,B
0.8,0.2666666666666667,0.6000000000000001,0.9,0.75,0.4666666666666667,92.52,Placed,A,C
0.20000000000000004,0.5166666666666667,0.6000000000000001,0.5000000000000001,0.5,0.2666666666666666,70.89,Placed,B,D
1.0,0.9166666666666666,0.8,0.1,0.4,0.4833333333333333,100.0,Placed,A,C
0.5000000000000001,0.3833333333333334,0.40000000000000013,1.0,0.8,0.3999999999999999,88.24,Placed,A,D
0.30000000000000004,0.09999999999999998,0.8,0.9,0.5,0.21666666666666667,49.23,Not Placed,F,F
0.1,0.20000000000000007,0.40000000000000013,0.9,0.9500000000000001,0.9666666666666667,100.0,Placed,A,A
0.0,0.43333333333333346,0.8,0.7000000000000001,0.1,0.6833333333333332,72.06,Placed,B,B
0.0,0.7833333333333333,0.19999999999999996,0.5000000000000001,1.0,0.35,67.81,Not Placed,C,D
1.0,0.06666666666666665,0.0,0.20000000000000004,0.5,0.7166666666666667,100.0,Placed,A,B
0.9,0.5833333333333334,0.6000000000000001,0.9,0.35000000000000003,0.06666666666666665,100.0,Placed,A,F
0.20000000000000004,0.41666666666666663,0.0,0.8,0.45,0.65,76.36,Placed,B,B
0.30000000000000004,0.6833333333333335,0.0,0.1,0.25,0.44999999999999984,63.78,Not Placed,C,C
0.1,0.7333333333333333,0.19999999999999996,0.6000000000000001,0.8,0.18333333333333324,57.61,Not Placed,D,F
1.0,0.5000000000000001,0.0,0.20000000000000004,0.25,0.5833333333333334,87.27,Placed,A,B
1.0,0.15000000000000002,0.0,0.5000000000000001,0.30000000000000004,0.9833333333333333,100.0,Placed,A,A
1.0,0.7500000000000001,0.19999999999999996,0.4,0.6000000000000001,0.19999999999999996,100.0,Placed,A,F
0.0,0.41666666666666663,0.40000000000000013,0.5000000000000001,0.25,0.9333333333333332,56.85,Not Placed,D,A
0.30000000000000004,0.35,0.8,0.7000000000000001,0.1,0.33333333333333326,71.4,Placed,B,D
0.6000000000000001,0.18333333333333335,1.0,0.20000000000000004,0.6000000000000001,0.5166666666666667,93.31,Placed,A,C
0.9,0.5166666666666667,0.0,0.1,0.45,0.7999999999999999,95.02,Placed,A,A
1.0,0.43333333333333346,0.6000000000000001,0.7000000000000001,0.15000000000000002,0.9166666666666666,100.0,Placed,A,A
0.5000000000000001,0.5333333333333333,0.19999999999999996,0.0,0.2,0.9333333333333332,100.0,Placed,A,A
0.5000000000000001,1.0,0.0,0.1,1.0,0.33333333333333326,100.0,Placed,A,D
1.0,0.8666666666666666,1.0,0.9,0.9,0.9999999999999999,100.0,Placed,A,A
0.8,0.85,0.40000000000000013,0.0,0.8500000000000001,0.6,100.0,Placed,A,B
0.1,0.31666666666666665,0.40000000000000013,0.4,0.30000000000000004,0.6166666666666666,63.68,Not Placed,C,B
0.30000000000000004,0.6333333333333334,1.0,0.7000000000000001,1.0,0.1333333333333333,75.31,Placed,B,F
0.4,0.6666666666666666,0.6000000000000001,0.1,0.0,0.6,77.91,Placed,B,B
0.0,0.65,0.0,0.30000000000000004,0.8,0.016666666666666607,75.69,Placed,B,F
0.7000000000000001,0.9666666666666667,0.6000000000000001,0.30000000000000004,0.9500000000000001,0.033333333333333326,100.0,Placed,A,F
0.7000000000000001,0.20000000000000007,0.40000000000000013,1.0,0.9500000000000001,0.6999999999999998,100.0,Placed,A,B
0.5000000000000001,0.21666666666666667,0.40000000000000013,1.0,0.8500000000000001,0.1499999999999999,92.94,Placed,A,F
0.4,0.7166666666666667,0.8,0.6000000000000001,0.2,0.5666666666666665,81.59,Placed,A,C
0.7000000000000001,0.65,0.40000000000000013,0.0,0.25,0.1333333333333333,92.31,Placed,A,F
0.20000000000000004,0.8666666666666666,0.19999999999999996,0.8,0.45,0.65,94.92,Placed,A,B
0.20000000000000004,0.35,0.8,0.20000000000000004,0.9,0.7833333333333333,100.0,Placed,A,A
0.1,0.2833333333333333,0.6000000000000001,0.5000000000000001,0.45,0.9999999999999999,97.99,Placed,A,A
0.4,0.7833333333333333,0.40000000000000013,0.9,0.25,0.9999999999999999,74.06,Placed,B,A
0.20000000000000004,0.4666666666666667,1.0,0.4,0.45,0.8833333333333332,87.28,Placed,A,A
0.20000000000000004,0.7000000000000001,0.19999999999999996,0.30000000000000004,0.45,0.5166666666666667,78.42,Placed,B,C
0.5000000000000001,0.25,0.8,0.8,1.0,0.33333333333333326,100.0,Placed,A,D
0.7000000000000001,0.7500000000000001,0.19999999999999996,1.0,0.55,0.9499999999999998,100.0,Placed,A,A
0.1,0.5666666666666668,0.8,0.8,0.15000000000000002,0.5499999999999999,59.72,Not Placed,D,C
0.30000000000000004,0.8666666666666666,0.8,0.0,0.6000000000000001,0.3999999999999999,98.89,Placed,A,D
1.0,0.5499999999999999,0.8,0.6000000000000001,0.45,0.6833333333333332,100.0,Placed,A,B
0.6000000000000001,0.033333333333333326,1.0,0.9,0.75,0.9166666666666666,100.0,Placed,A,A
0.0,0.050000000000000044,0.6000000000000001,0.8,0.9,0.5166666666666667,81.88,Placed,A,C
0.0,0.8833333333333334,0.8,0.4,0.25,0.7499999999999999,82.56,Placed,A,A
0.9,0.06666666666666665,0.8,0.0,0.4,0.6,100.0,Placed,A,B
0.6000000000000001,0.15000000000000002,0.19999999999999996,0.7000000000000001,0.65,0.35,96.79,Placed,A,D
0.6000000000000001,0.85,0.8,0.4,0.45,0.3999999999999999,100.0,Placed,A,D
0.0,0.4666666666666667,0.6000000000000001,0.5000000000000001,0.35000000000000003,0.0,67.39,Not Placed,C,F
0.0,0.5166666666666667,1.0,0.6000000000000001,0.1,0.7333333333333333,61.44,Not Placed,C,B
0.30000000000000004,0.5000000000000001,1.0,0.9,0.8,0.5833333333333334,100.0,Placed,A,B
0.4,0.01666666666666672,0.19999999999999996,0.6000000000000001,0.9,0.33333333333333326,92.92,Placed,A,D
0.4,0.18333333333333335,0.8,0.6000000000000001,0.1,0.6666666666666666,64.45,Not Placed,C,B
0.30000000000000004,0.43333333333333346,0.19999999999999996,0.0,0.65,0.25,80.75,Placed,A,D
0.7000000000000001,0.06666666666666665,1.0,0.6000000000000001,0.25,0.5166666666666667,100.0,Placed,A,C
0.6000000000000001,0.6,0.6000000000000001,1.0,0.9,0.9833333333333333,100.0,Placed,A,A
0.8,0.43333333333333346,0.19999999999999996,0.20000000000000004,0.8500000000000001,0.33333333333333326,100.0,Placed,A,D
0.6000000000000001,0.3666666666666666,0.6000000000000001,0.4,0.55,0.8666666666666666,95.02,Placed,A,A
0.9,0.5333333333333333,0.40000000000000013,0.9,0.7000000000000001,0.44999999999999984,100.0,Placed,A,C
0.0,0.050000000000000044,0.8,0.4,0.25,0.9833333333333333,77.63,Placed,B,A
0.6000000000000001,0.9666666666666667,0.6000000000000001,0.7000000000000001,1.0,0.29999999999999993,100.0,Placed,A,D
0.0,0.33333333333333337,0.8,0.6000000000000001,0.55,0.9166666666666666,74.08,Placed,B,A
0.6000000000000001,0.3833333333333334,0.6000000000000001,0.6000000000000001,0.9,0.21666666666666667,100.0,Placed,A,F
0.9,0.7166666666666667,0.0,0.5000000000000001,0.30000000000000004,0.3666666666666666,87.14,Placed,A,D
0.7000000000000001,0.5000000000000001,0.0,0.6000000000000001,0.9500000000000001,0.3833333333333333,95.26,Placed,A,D
1.0,0.7166666666666667,0.0,0.6000000000000001,0.45,0.31666666666666665,100.0,Placed,A,D
0.8,0.7833333333333333,0.6000000000000001,0.4,0.8500000000000001,0.5166666666666667,100.0,Placed,A,C
0.20000000000000004,0.3833333333333334,1.0,0.4,0.05,0.65,75.43,Placed,B,B
0.30000000000000004,0.7999999999999999,1.0,0.30000000000000004,0.6000000000000001,0.1499999999999999,87.58,Placed,A,F
0.30000000000000004,0.8666666666666666,0.8,0.30000000000000004,0.7000000000000001,0.85,100.0,Placed,A,A
0.8,0.15000000000000002,0.0,0.4,0.15000000000000002,0.0,59.65,Not Placed,D,F
0.6000000000000001,0.7999999999999999,0.8,0.9,0.30000000000000004,0.4999999999999999,83.89,Placed,A,C
0.20000000000000004,0.7999999999999999,0.6000000000000001,0.8,0.1,0.85,89.87,Placed,A,A
0.9,0.8166666666666668,0.8,1.0,0.75,0.6,100.0,Placed,A,B
0.4,0.01666666666666672,0.8,0.5000000000000001,0.4,0.9499999999999998,72.06,Placed,B,A
0.6000000000000001,0.5000000000000001,0.0,0.7000000000000001,0.8,0.23333333333333328,81.13,Placed,A,F
0.7000000000000001,0.4,1.0,0.8,0.35000000000000003,0.65,100.0,Placed,A,B
0.0,0.050000000000000044,0.19999999999999996,0.30000000000000004,0.8500000000000001,0.4999999999999999,82.53,Placed,A,C
0.1,0.8333333333333334,0.40000000000000013,0.6000000000000001,0.6000000000000001,0.44999999999999984,66.76,Not Placed,C,C
0.6000000000000001,0.16666666666666674,0.6000000000000001,0.4,0.05,0.1499999999999999,61.9,Not Placed,C,F
1.0,0.2666666666666667,0.6000000000000001,0.30000000000000004,0.0,0.08333333333333326,71.12,Placed,B,F
0.1,0.7166666666666667,0.6000000000000001,0.6000000000000001,0.75,0.23333333333333328,86.97,Placed,A,F
0.6000000000000001,0.01666666666666672,0.40000000000000013,0.20000000000000004,0.75,0.7666666666666667,91.37,Placed,A,A
0.8,0.08333333333333337,0.19999999999999996,0.0,0.5,0.43333333333333324,100.0,Placed,A,C
1.0,0.13333333333333341,1.0,0.6000000000000001,0.15000000000000002,0.1499999999999999,88.03,Placed,A,F
0.1,0.06666666666666665,0.8,0.8,0.5,0.33333333333333326,64.34,Not Placed,C,D
0.6000000000000001,0.31666666666666665,1.0,0.1,0.25,0.29999999999999993,73.22,Placed,B,D
0.30000000000000004,0.4666666666666667,0.6000000000000001,0.6000000000000001,0.5,0.04999999999999993,81.12,Placed,A,F
1.0,0.33333333333333337,0.8,0.9,0.0,0.35,100.0,Placed,A,D
0.1,0.13333333333333341,0.0,0.1,0.4,0.6166666666666666,83.6,Placed,A,B
0.6000000000000001,0.45000000000000007,1.0,0.20000000000000004,0.30000000000000004,0.23333333333333328,91.74,Placed,A,F
0.4,1.0,0.0,0.9,1.0,0.08333333333333326,71.51,Placed,B,F
0.0,0.9,0.0,0.9,0.1,0.8166666666666665,61.18,Not Placed,C,A
0.4,0.1166666666666667,1.0,0.20000000000000004,0.4,0.16666666666666663,81.18,Placed,A,F
0.20000000000000004,0.5000000000000001,0.6000000000000001,0.30000000000000004,0.05,0.7166666666666667,76.24,Placed,B,B
0.6000000000000001,0.31666666666666665,0.40000000000000013,0.5000000000000001,0.45,0.4833333333333333,74.15,Placed,B,C
0.5000000000000001,0.43333333333333346,0.6000000000000001,0.20000000000000004,0.8,0.65,100.0,Placed,A,B
0.7000000000000001,0.1166666666666667,0.0,0.8,0.0,0.3833333333333333,74.21,Placed,B,D
0.4,0.8833333333333334,0.0,0.1,0.8500000000000001,0.35,100.0,Placed,A,D
0.1,0.33333333333333337,0.6000000000000001,0.6000000000000001,0.25,0.4833333333333333,57.53,Not Placed,D,C
0.8,1.0,0.40000000000000013,0.5000000000000001,0.25,0.7499999999999999,95.81,Placed,A,A
1.0,0.45000000000000007,0.40000000000000013,0.1,0.4,0.04999999999999993,96.01,Placed,A,F
0.7000000000000001,0.3666666666666666,0.8,1.0,0.45,0.8166666666666665,100.0,Placed,A,A
0.5000000000000001,0.08333333333333337,0.19999999999999996,0.20000000000000004,0.7000000000000001,0.08333333333333326,71.22,Placed,B,F
0.9,0.033333333333333326,0.0,0.5000000000000001,0.15000000000000002,0.6166666666666666,78.02,Placed,B,B
0.6000000000000001,0.06666666666666665,0.40000000000000013,0.9,0.35000000000000003,0.41666666666666663,65.09,Not Placed,C,C
0.8,0.13333333333333341,1.0,0.30000000000000004,0.15000000000000002,0.29999999999999993,85.1,Placed,A,D
0.6000000000000001,0.09999999999999998,0.0,0.0,0.1,0.016666666666666607,70.15,Placed,B,F
0.20000000000000004,0.9833333333333333,0.19999999999999996,0.0,0.15000000000000002,0.04999999999999993,76.97,Placed,B,F
0.5000000000000001,0.050000000000000044,1.0,0.20000000000000004,0.0,0.9166666666666666,74.68,Placed,B,A
1.0,0.6333333333333334,0.0,0.7000000000000001,0.4,0.06666666666666665,100.0,Placed,A,F
1.0,0.06666666666666665,0.40000000000000013,1.0,0.5,0.7666666666666667,100.0,Placed,A,A
0.6000000000000001,0.16666666666666674,0.8,0.30000000000000004,1.0,0.5666666666666665,100.0,Placed,A,C
0.1,1.0,0.6000000000000001,1.0,0.9,0.4666666666666667,77.13,Placed,B,C
0.20000000000000004,0.2333333333333334,1.0,0.0,1.0,0.25,100.0,Placed,A,D
0.30000000000000004,0.5499999999999999,0.6000000000000001,0.7000000000000001,0.9500000000000001,0.7333333333333333,100.0,Placed,A,B
0.9,0.20000000000000007,0.40000000000000013,0.9,0.30000000000000004,0.18333333333333324,100.0,Placed,A,F
0.5000000000000001,0.8833333333333334,0.40000000000000013,0.5000000000000001,0.2,0.33333333333333326,70.31,Placed,B,D
0.0,0.7833333333333333,1.0,0.0,0.05,0.1333333333333333,68.51,Not Placed,C,F
0.8,0.09999999999999998,0.19999999999999996,0.9,0.9,0.16666666666666663,100.0,Placed,A,F
0.4,0.65,1.0,0.9,0.1,0.11666666666666659,74.15,Placed,B,F
0.6000000000000001,0.08333333333333337,0.0,0.5000000000000001,0.7000000000000001,0.9833333333333333,79.05,Placed,B,A
0.8,0.9166666666666666,0.19999999999999996,0.0,0.30000000000000004,0.41666666666666663,85.42,Placed,A,C
0.8,0.6333333333333334,0.6000000000000001,0.9,0.2,0.5166666666666667,100.0,Placed,A,C
0.0,0.8166666666666668,0.0,0.9,0.45,0.6333333333333332,63.24,Not Placed,C,B
0.0,0.4833333333333333,0.19999999999999996,0.20000000000000004,0.4,0.04999999999999993,63.07,Not Placed,C,F
0.20000000000000004,0.35,0.6000000000000001,0.1,0.65,0.5499999999999999,75.6,Placed,B,C
0.5000000000000001,0.4,0.0,0.30000000000000004,0.6000000000000001,0.44999999999999984,83.51,Placed,A,C
0.1,0.45000000000000007,0.8,0.1,0.0,0.3999999999999999,74.84,Placed,B,D
0.9,0.8833333333333334,1.0,1.0,0.75,0.8333333333333334,100.0,Placed,A,A
1.0,0.31666666666666665,1.0,0.4,0.9500000000000001,0.8833333333333332,100.0,Placed,A,A
0.0,0.6333333333333334,1.0,0.30000000000000004,0.35000000000000003,0.9999999999999999,97.08,Placed,A,A
0.0,0.033333333333333326,0.8,0.5000000000000001,0.8,0.9,84.44,Placed,A,A
0.4,0.06666666666666665,0.19999999999999996,0.6000000000000001,0.25,0.7166666666666667,83.51,Placed,A,B
0.30000000000000004,0.0,0.40000000000000013,0.1,0.05,0.5666666666666665,62.4,Not Placed,C,C
0.0,0.2333333333333334,0.0,0.1,0.6000000000000001,0.29999999999999993,67.95,Not Placed,C,D
0.30000000000000004,0.41666666666666663,0.19999999999999996,0.7000000000000001,0.35000000000000003,0.5666666666666665,93.99,Placed,A,C
0.20000000000000004,0.033333333333333326,0.40000000000000013,0.8,0.4,0.8333333333333334,73.38,Placed,B,A
0.1,0.65,1.0,0.4,0.6000000000000001,0.8333333333333334,100.0,Placed,A,A
0.8,0.9333333333333335,1.0,0.6000000000000001,0.8500000000000001,0.6333333333333332,100.0,Placed,A,B
1.0,0.6666666666666666,1.0,0.8,0.8500000000000001,0.4666666666666667,100.0,Placed,A,C
0.0,0.7666666666666667,0.40000000000000013,0.0,0.4,0.21666666666666667,73.85,Placed,B,F
0.6000000000000001,0.6833333333333335,0.0,0.7000000000000001,0.05,0.33333333333333326,62.08,Not Placed,C,D
0.30000000000000004,0.5499999999999999,0.0,0.9,0.15000000000000002,0.5833333333333334,63.69,Not Placed,C,B
0.4,0.85,0.40000000000000013,0.9,0.8500000000000001,0.6166666666666666,98.7,Placed,A,B
0.9,0.06666666666666665,0.6000000000000001,0.8,0.8,0.21666666666666667,88.5,Placed,A,F
0.4,0.5000000000000001,1.0,0.8,0.55,0.65,89.22,Placed,A,B
0.0,0.8333333333333334,0.19999999999999996,0.9,0.75,0.8166666666666665,100.0,Placed,A,A
0.5000000000000001,0.20000000000000007,0.0,0.6000000000000001,0.6000000000000001,0.9833333333333333,95.02,Placed,A,A
0.8,0.7000000000000001,0.40000000000000013,0.9,0.5,0.23333333333333328,98.32,Placed,A,F
0.1,0.0,0.6000000000000001,0.20000000000000004,0.65,0.8333333333333334,100.0,Placed,A,A
0.6000000000000001,0.35,0.8,0.4,0.45,0.8166666666666665,78.51,Placed,B,A
0.5000000000000001,0.2333333333333334,0.40000000000000013,0.1,1.0,0.4833333333333333,100.0,Placed,A,C
0.4,0.41666666666666663,0.6000000000000001,1.0,0.9,0.7666666666666667,100.0,Placed,A,A
0.30000000000000004,0.2833333333333333,0.8,0.9,1.0,0.9,90.38,Placed,A,A
0.30000000000000004,0.7833333333333333,0.6000000000000001,0.20000000000000004,0.8,0.18333333333333324,82.5,Placed,A,F
0.5000000000000001,0.13333333333333341,0.0,0.9,0.4,0.8166666666666665,87.98,Placed,A,A
0.30000000000000004,0.0,0.40000000000000013,0.6000000000000001,0.65,0.06666666666666665,74.46,Placed,B,F
0.4,0.7000000000000001,0.8,0.0,0.2,0.43333333333333324,94.15,Placed,A,C
0.5000000000000001,0.13333333333333341,0.6000000000000001,0.20000000000000004,0.1,0.23333333333333328,61.92,Not Placed,C,F
0.4,0.3666666666666666,0.8,0.4,0.35000000000000003,0.41666666666666663,85.45,Placed,A,C
0.6000000000000001,0.7000000000000001,0.19999999999999996,1.0,0.8500000000000001,0.1333333333333333,85.65,Placed,A,F
0.8,0.7333333333333333,0.40000000000000013,0.30000000000000004,0.1,0.65,98.27,Placed,A,B
0.9,0.9500000000000001,0.0,0.20000000000000004,0.05,0.65,94.74,Placed,A,B
0.6000000000000001,0.01666666666666672,0.8,0.5000000000000001,0.5,0.5666666666666665,84.92,Placed,A,C
0.6000000000000001,0.21666666666666667,1.0,0.5000000000000001,0.2,0.19999999999999996,58.46,Not Placed,D,F
0.30000000000000004,0.6166666666666666,0.6000000000000001,0.30000000000000004,0.30000000000000004,0.7333333333333333,100.0,Placed,A,B
0.0,0.65,1.0,0.8,0.65,0.7166666666666667,77.16,Placed,B,B
0.7000000000000001,0.2833333333333333,0.8,1.0,0.9,0.7666666666666667,100.0,Placed,A,A
0.30000000000000004,0.25,1.0,0.5000000000000001,0.05,0.7499999999999999,72.25,Placed,B,A
0.0,0.8666666666666666,0.6000000000000001,0.8,0.4,0.5333333333333333,67.65,Not Placed,C,C
0.4,0.4666666666666667,0.8,1.0,0.45,0.5499999999999999,63.03,Not Placed,C,C
0.7000000000000001,0.7166666666666667,0.0,0.9,0.9,0.9,100.0,Placed,A,A
0.30000000000000004,0.16666666666666674,0.0,0.9,0.8,0.04999999999999993,76.69,Placed,B,F
0.7000000000000001,0.08333333333333337,0.40000000000000013,0.1,0.30000000000000004,0.19999999999999996,73.43,Placed,B,F
0.7000000000000001,0.033333333333333326,0.0,0.5000000000000001,0.8500000000000001,0.1499999999999999,97.7,Placed,A,F
0.20000000000000004,0.21666666666666667,0.8,0.30000000000000004,0.25,0.8666666666666666,92.11,Placed,A,A
0.8,0.9833333333333333,0.8,0.1,0.4,0.7333333333333333,100.0,Placed,A,B
0.20000000000000004,0.01666666666666672,0.0,0.4,0.35000000000000003,0.0,52.54,Not Placed,D,F
0.0,0.5166666666666667,0.19999999999999996,0.20000000000000004,0.4,0.16666666666666663,61.57,Not Placed,C,F
0.1,0.5000000000000001,0.8,0.5000000000000001,0.0,0.8166666666666665,63.57,Not Placed,C,A
0.5000000000000001,0.16666666666666674,0.40000000000000013,1.0,0.05,0.1333333333333333,52.48,Not Placed,D,F
0.9,0.35,0.19999999999999996,0.7000000000000001,0.15000000000000002,0.6166666666666666,82.33,Placed,A,B
0.1,0.033333333333333326,0.0,0.30000000000000004,0.9500000000000001,0.3666666666666666,85.44,Placed,A,D
0.5000000000000001,0.8166666666666668,0.6000000000000001,0.30000000000000004,0.8500000000000001,0.19999999999999996,100.0,Placed,A,F
0.0,0.5000000000000001,0.8,0.4,0.45,0.06666666666666665,67.73,Not Placed,C,F
1.0,0.5333333333333333,0.6000000000000001,0.5000000000000001,0.0,0.3999999999999999,90.76,Placed,A,D
0.0,0.3833333333333334,1.0,1.0,0.45,0.1499999999999999,54.34,Not Placed,D,F
0.4,0.0,0.40000000000000013,0.6000000000000001,0.4,0.06666666666666665,66.75,Not Placed,C,F
0.9,0.7166666666666667,0.19999999999999996,0.5000000000000001,0.6000000000000001,0.35,100.0,Placed,A,D
1.0,0.2333333333333334,0.6000000000000001,0.6000000000000001,0.7000000000000001,0.6833333333333332,100.0,Placed,A,B
0.8,0.6,0.40000000000000013,0.8,0.8500000000000001,0.3999999999999999,100.0,Placed,A,D
0.7000000000000001,0.43333333333333346,0.6000000000000001,0.30000000000000004,0.6000000000000001,0.6,100.0,Placed,A,B
0.20000000000000004,0.6166666666666666,0.6000000000000001,0.9,0.2,0.31666666666666665,65.96,Not Placed,C,D
0.20000000000000004,0.7833333333333333,0.40000000000000013,0.0,0.05,0.44999999999999984,79.81,Placed,B,C
0.0,0.43333333333333346,0.8,0.8,0.30000000000000004,0.33333333333333326,38.95,Not Placed,F,D
0.20000000000000004,0.7166666666666667,0.6000000000000001,0.6000000000000001,0.4,0.16666666666666663,70.32,Placed,B,F
1.0,0.18333333333333335,0.40000000000000013,0.30000000000000004,0.9,0.4666666666666667,100.0,Placed,A,C
0.0,0.033333333333333326,0.6000000000000001,0.9,0.65,0.06666666666666665,41.35,Not Placed,F,F
0.7000000000000001,0.4833333333333333,0.8,0.7000000000000001,0.8,0.6,94.03,Placed,A,B
0.0,0.5166666666666667,0.40000000000000013,0.6000000000000001,0.9500000000000001,0.7999999999999999,100.0,Placed,A,A
0.4,0.3666666666666666,0.6000000000000001,0.1,0.9500000000000001,0.8666666666666666,100.0,Placed,A,A
0.8,0.01666666666666672,0.0,0.0,0.5,0.06666666666666665,87.71,Placed,A,F
0.6000000000000001,0.09999999999999998,0.8,0.8,0.2,0.5333333333333333,83.82,Placed,A,C
0.30000000000000004,0.5499999999999999,0.6000000000000001,0.6000000000000001,0.55,0.7333333333333333,94.19,Placed,A,B
1.0,0.5166666666666667,0.19999999999999996,0.9,1.0,0.5833333333333334,91.53,Placed,A,B
0.8,0.8666666666666666,0.40000000000000013,0.0,0.4,0.11666666666666659,99.13,Placed,A,F
0.8,0.6333333333333334,0.6000000000000001,0.30000000000000004,0.8,0.85,100.0,Placed,A,A
0.1,0.5166666666666667,0.8,0.4,0.35000000000000003,0.9,87.02,Placed,A,A
0.9,0.7000000000000001,0.8,0.4,0.35000000000000003,0.08333333333333326,100.0,Placed,A,F
0.9,0.7000000000000001,0.19999999999999996,0.4,0.55,0.23333333333333328,100.0,Placed,A,F
1.0,0.21666666666666667,0.19999999999999996,1.0,0.9,0.23333333333333328,100.0,Placed,A,F
0.5000000000000001,0.033333333333333326,1.0,0.20000000000000004,0.45,0.8666666666666666,96.45,Placed,A,A
0.30000000000000004,0.7500000000000001,1.0,0.4,0.05,0.7833333333333333,89.65,Placed,A,A
0.7000000000000001,0.5166666666666667,0.6000000000000001,0.30000000000000004,0.35000000000000003,0.1333333333333333,100.0,Placed,A,F
1.0,0.7000000000000001,0.0,0.4,0.65,0.9999999999999999,100.0,Placed,A,A
0.6000000000000001,0.5833333333333334,0.8,0.6000000000000001,0.9,0.9166666666666666,98.43,Placed,A,A
0.6000000000000001,0.2666666666666667,0.0,0.4,0.15000000000000002,0.06666666666666665,70.33,Placed,B,F
1.0,0.7833333333333333,0.0,0.7000000000000001,0.4,0.41666666666666663,100.0,Placed,A,C
0.9,0.033333333333333326,0.6000000000000001,0.7000000000000001,0.6000000000000001,0.3666666666666666,100.0,Placed,A,D
0.8,0.9333333333333335,0.40000000000000013,0.20000000000000004,0.4,0.25,100.0,Placed,A,D
0.4,0.15000000000000002,0.40000000000000013,0.4,0.6000000000000001,0.9666666666666667,94.14,Placed,A,A
0.5000000000000001,0.8666666666666666,0.40000000000000013,0.30000000000000004,0.75,0.9333333333333332,100.0,Placed,A,A
0.0,0.7666666666666667,0.19999999999999996,0.4,0.0,0.6333333333333332,73.85,Placed,B,B
0.5000000000000001,0.65,0.8,0.7000000000000001,0.35000000000000003,0.5666666666666665,97.29,Placed,A,C
0.1,0.2833333333333333,0.19999999999999996,0.30000000000000004,0.4,0.1499999999999999,68.11,Not Placed,C,F
0.5000000000000001,0.033333333333333326,0.8,0.4,0.6000000000000001,0.43333333333333324,91.77,Placed,A,C
0.8,0.6333333333333334,1.0,0.6000000000000001,0.8,0.25,100.0,Placed,A,D
0.7000000000000001,0.15000000000000002,0.8,0.20000000000000004,0.4,0.33333333333333326,100.0,Placed,A,D
0.8,0.85,0.8,0.5000000000000001,0.30000000000000004,0.18333333333333324,100.0,Placed,A,F
0.9,0.13333333333333341,0.6000000000000001,0.8,0.9500000000000001,0.1333333333333333,97.9,Placed,A,F
0.7000000000000001,0.7500000000000001,0.40000000000000013,1.0,0.45,0.25,80.14,Placed,A,D
0.20000000000000004,0.9,0.19999999999999996,0.30000000000000004,1.0,0.1333333333333333,94.15,Placed,A,F
0.7000000000000001,0.7500000000000001,1.0,0.30000000000000004,0.2,0.9166666666666666,100.0,Placed,A,A
0.5000000000000001,0.16666666666666674,0.19999999999999996,0.5000000000000001,0.8,0.4666666666666667,93.06,Placed,A,C
0.5000000000000001,0.9833333333333333,0.6000000000000001,0.5000000000000001,0.05,0.8833333333333332,80.6,Placed,A,A
0.5000000000000001,0.5333333333333333,0.8,0.20000000000000004,0.4,0.3666666666666666,100.0,Placed,A,D
0.20000000000000004,0.5833333333333334,1.0,0.0,0.05,0.6333333333333332,86.61,Placed,A,B
0.9,0.41666666666666663,0.40000000000000013,0.20000000000000004,0.45,0.6999999999999998,100.0,Placed,A,B
0.0,0.43333333333333346,0.0,0.7000000000000001,0.55,0.7999999999999999,70.22,Placed,B,A
0.30000000000000004,0.6166666666666666,0.0,0.7000000000000001,0.05,0.3833333333333333,39.15,Not Placed,F,D
0.9,0.35,0.6000000000000001,0.5000000000000001,0.7000000000000001,0.35,100.0,Placed,A,D
0.5000000000000001,0.41666666666666663,0.40000000000000013,0.6000000000000001,0.1,0.9,77.25,Placed,B,A
1.0,0.35,0.0,0.1,0.05,0.4999999999999999,100.0,Placed,A,C
0.9,0.06666666666666665,0.0,0.8,0.30000000000000004,0.1499999999999999,74.88,Placed,B,F
0.1,0.5666666666666668,1.0,0.20000000000000004,0.4,0.7666666666666667,99.91,Placed,A,A
0.6000000000000001,0.01666666666666672,1.0,0.1,0.5,0.6833333333333332,79.72,Placed,B,B
0.6000000000000001,0.5666666666666668,0.19999999999999996,0.4,0.75,0.43333333333333324,100.0,Placed,A,C
1.0,0.13333333333333341,0.40000000000000013,0.0,0.30000000000000004,0.5499999999999999,100.0,Placed,A,C
0.30000000000000004,0.8333333333333334,0.0,0.4,0.6000000000000001,0.7833333333333333,100.0,Placed,A,A
0.30000000000000004,0.8333333333333334,1.0,0.9,0.1,0.6333333333333332,77.73,Placed,B,B
0.0,0.7999999999999999,1.0,0.30000000000000004,0.5,0.3833333333333333,89.69,Placed,A,D
0.1,0.2833333333333333,1.0,0.5000000000000001,0.1,0.9833333333333333,77.39,Placed,B,A
0.8,0.7000000000000001,0.19999999999999996,0.4,0.7000000000000001,0.33333333333333326,100.0,Placed,A,D
0.9,0.18333333333333335,0.40000000000000013,0.8,0.35000000000000003,0.23333333333333328,94.07,Placed,A,F
0.7000000000000001,0.033333333333333326,0.8,0.4,0.30000000000000004,0.2666666666666666,92.68,Placed,A,D
0.7000000000000001,0.2833333333333333,1.0,0.7000000000000001,0.2,0.8833333333333332,100.0,Placed,A,A
0.8,0.9166666666666666,0.40000000000000013,0.1,0.25,0.7333333333333333,100.0,Placed,A,B
0.6000000000000001,0.6166666666666666,0.6000000000000001,0.20000000000000004,0.9,0.29999999999999993,100.0,Placed,A,D
0.8,0.09999999999999998,0.19999999999999996,0.20000000000000004,0.1,0.8666666666666666,80.54,Placed,A,A
0.9,0.5333333333333333,0.8,0.20000000000000004,0.5,0.3999999999999999,98.58,Placed,A,D
0.1,0.08333333333333337,1.0,0.5000000000000001,0.25,0.9,69.38,Not Placed,C,A
0.5000000000000001,0.2833333333333333,1.0,0.6000000000000001,1.0,0.65,100.0,Placed,A,B
0.20000000000000004,0.7333333333333333,0.19999999999999996,0.6000000000000001,0.65,0.35,81.88,Placed,A,D
1.0,0.35,0.19999999999999996,0.6000000000000001,0.8,0.6666666666666666,100.0,Placed,A,B
0.5000000000000001,0.8333333333333334,0.0,0.20000000000000004,0.1,0.8333333333333334,100.0,Placed,A,A
0.20000000000000004,0.6333333333333334,1.0,0.0,0.15000000000000002,0.7999999999999999,93.52,Placed,A,A
0.7000000000000001,0.8333333333333334,0.40000000000000013,0.5000000000000001,0.4,0.6833333333333332,95.83,Placed,A,B
1.0,0.13333333333333341,0.19999999999999996,0.20000000000000004,0.6000000000000001,0.21666666666666667,100.0,Placed,A,F
0.30000000000000004,0.5666666666666668,0.19999999999999996,0.20000000000000004,0.25,0.9999999999999999,78.76,Placed,B,A
0.9,0.3666666666666666,0.6000000000000001,0.20000000000000004,0.45,0.9833333333333333,100.0,Placed,A,A
0.5000000000000001,0.18333333333333335,0.6000000000000001,0.8,0.9500000000000001,0.44999999999999984,100.0,Placed,A,C
0.8,0.85,0.6000000000000001,0.30000000000000004,0.9500000000000001,0.18333333333333324,100.0,Placed,A,F
0.1,0.3833333333333334,0.19999999999999996,0.4,1.0,0.43333333333333324,89.91,Placed,A,C
0.1,0.8166666666666668,0.8,0.20000000000000004,0.6000000000000001,0.85,79.09,Placed,B,A
0.6000000000000001,0.65,0.40000000000000013,0.9,0.65,0.3833333333333333,91.23,Placed,A,D
0.1,0.13333333333333341,0.19999999999999996,0.0,0.55,0.35,72.92,Placed,B,D
0.1,0.20000000000000007,0.0,0.30000000000000004,0.6000000000000001,0.6333333333333332,74.95,Placed,B,B
0.30000000000000004,0.65,1.0,0.0,0.45,0.9999999999999999,100.0,Placed,A,A
0.8,0.8833333333333334,0.8,1.0,0.30000000000000004,0.6666666666666666,99.36,Placed,A,B
0.7000000000000001,0.6833333333333335,0.8,1.0,0.2,0.8166666666666665,100.0,Placed,A,A
0.1,0.2666666666666667,0.40000000000000013,0.6000000000000001,0.55,0.6333333333333332,69.48,Not Placed,C,B
0.7000000000000001,0.09999999999999998,0.8,0.6000000000000001,0.05,0.9833333333333333,92.73,Placed,A,A
0.30000000000000004,0.2666666666666667,0.40000000000000013,0.30000000000000004,0.35000000000000003,0.5833333333333334,68.62,Not Placed,C,B
0.1,0.9,0.8,0.4,0.35000000000000003,0.3666666666666666,85.04,Placed,A,D
1.0,0.8166666666666668,1.0,0.9,0.9,0.11666666666666659,100.0,Placed,A,F
0.9,0.3833333333333334,0.40000000000000013,0.6000000000000001,0.2,0.44999999999999984,95.93,Placed,A,C
0.6000000000000001,0.01666666666666672,0.6000000000000001,0.5000000000000001,0.35000000000000003,0.8166666666666665,99.35,Placed,A,A
0.5000000000000001,0.5666666666666668,0.6000000000000001,0.30000000000000004,0.45,0.4666666666666667,100.0,Placed,A,C
0.9,1.0,0.8,0.30000000000000004,0.6000000000000001,0.23333333333333328,100.0,Placed,A,F
0.4,0.45000000000000007,0.8,0.1,0.4,0.6333333333333332,94.97,Placed,A,B
1.0,0.30000000000000004,0.40000000000000013,0.9,0.30000000000000004,0.11666666666666659,84.11,Placed,A,F
0.0,0.5333333333333333,0.40000000000000013,0.1,0.9500000000000001,0.44999999999999984,82.22,Placed,A,C
0.1,0.33333333333333337,1.0,0.30000000000000004,0.9500000000000001,0.5333333333333333,100.0,Placed,A,C
0.7000000000000001,0.8666666666666666,0.19999999999999996,0.4,0.9,0.16666666666666663,100.0,Placed,A,F
0.0,0.15000000000000002,0.6000000000000001,0.30000000000000004,0.5,0.6833333333333332,64.86,Not Placed,C,B
0.20000000000000004,0.8666666666666666,0.19999999999999996,0.20000000000000004,0.35000000000000003,0.6,76.13,Placed,B,B
0.1,0.7500000000000001,0.19999999999999996,1.0,0.75,0.3999999999999999,88.96,Placed,A,D
0.4,0.7333333333333333,0.0,0.1,0.45,0.5499999999999999,100.0,Placed,A,C
0.30000000000000004,0.13333333333333341,0.40000000000000013,0.30000000000000004,0.25,0.35,80.73,Placed,A,D
0.6000000000000001,0.6166666666666666,0.0,1.0,0.45,0.016666666666666607,59.54,Not Placed,D,F
0.4,0.08333333333333337,0.0,0.4,0.45,0.8333333333333334,79.42,Placed,B,A
0.7000000000000001,0.8333333333333334,0.19999999999999996,0.0,0.9,0.25,100.0,Placed,A,D
0.30000000000000004,0.8666666666666666,0.0,0.0,0.15000000000000002,0.16666666666666663,74.24,Placed,B,F
0.5000000000000001,0.6833333333333335,1.0,0.5000000000000001,0.9,0.21666666666666667,97.4,Placed,A,F
0.30000000000000004,0.9,0.40000000000000013,0.4,0.1,0.5166666666666667,93.57,Placed,A,C
0.1,0.5666666666666668,0.19999999999999996,1.0,0.8,0.35,69.83,Not Placed,C,D
0.0,0.2833333333333333,0.40000000000000013,0.30000000000000004,0.65,0.06666666666666665,81.96,Placed,A,F
0.0,0.8666666666666666,1.0,0.0,0.45,0.5833333333333334,98.52,Placed,A,B
0.7000000000000001,0.30000000000000004,0.8,0.6000000000000001,0.25,0.3666666666666666,96.35,Placed,A,D
0.30000000000000004,0.06666666666666665,0.0,0.30000000000000004,0.75,0.29999999999999993,93.38,Placed,A,D
0.4,0.4,0.19999999999999996,0.20000000000000004,0.4,0.4666666666666667,83.49,Placed,A,C
1.0,0.16666666666666674,0.6000000000000001,0.6000000000000001,1.0,0.6833333333333332,100.0,Placed,A,B
0.7000000000000001,0.15000000000000002,0.40000000000000013,0.1,0.55,0.3666666666666666,98.75,Placed,A,D
0.6000000000000001,0.2666666666666667,1.0,0.9,0.55,0.9833333333333333,97.01,Placed,A,A
0.7000000000000001,0.5833333333333334,0.0,0.0,0.65,0.1333333333333333,91.68,Placed,A,F
0.7000000000000001,0.41666666666666663,0.40000000000000013,1.0,0.05,0.2833333333333333,70.58,Placed,B,D
0.5000000000000001,0.5000000000000001,1.0,0.30000000000000004,0.45,0.4999999999999999,100.0,Placed,A,C
0.9,0.5166666666666667,0.40000000000000013,0.7000000000000001,0.15000000000000002,0.6,100.0,Placed,A,B
0.1,0.33333333333333337,0.8,0.5000000000000001,0.25,0.2666666666666666,68.32,Not Placed,C,D
0.5000000000000001,0.2833333333333333,1.0,0.8,0.6000000000000001,0.9,100.0,Placed,A,A
0.0,0.9833333333333333,0.40000000000000013,0.0,0.65,0.2833333333333333,82.03,Placed,A,D
0.0,0.2833333333333333,0.8,0.0,0.15000000000000002,0.43333333333333324,42.62,Not Placed,F,C
1.0,0.0,0.8,1.0,0.45,0.33333333333333326,100.0,Placed,A,D
0.20000000000000004,0.21666666666666667,0.8,0.4,0.45,0.0,57.42,Not Placed,D,F
0.20000000000000004,0.1166666666666667,0.0,0.5000000000000001,0.2,0.5166666666666667,80.86,Placed,A,C
1.0,0.01666666666666672,1.0,0.7000000000000001,0.15000000000000002,0.21666666666666667,91.84,Placed,A,F
0.4,0.8333333333333334,0.40000000000000013,0.20000000000000004,0.55,0.9666666666666667,100.0,Placed,A,A
0.0,0.2333333333333334,0.40000000000000013,0.5000000000000001,0.65,0.7499999999999999,65.47,Not Placed,C,A
0.9,0.9833333333333333,1.0,0.20000000000000004,0.30000000000000004,0.21666666666666667,100.0,Placed,A,F
0.5000000000000001,0.5499999999999999,0.8,0.7000000000000001,0.05,0.5333333333333333,87.76,Placed,A,C
0.6000000000000001,0.5833333333333334,0.40000000000000013,1.0,0.65,0.5833333333333334,100.0,Placed,A,B
0.9,0.0,0.40000000000000013,1.0,0.45,0.9,89.39,Placed,A,A
1.0,0.8333333333333334,0.8,0.30000000000000004,0.75,0.6333333333333332,100.0,Placed,A,B
0.20000000000000004,0.33333333333333337,0.6000000000000001,0.1,0.1,0.9166666666666666,87.15,Placed,A,A
0.30000000000000004,0.6833333333333335,0.6000000000000001,0.8,0.35000000000000003,0.18333333333333324,65.36,Not Placed,C,F
0.9,0.0,0.8,0.9,0.8,0.7333333333333333,100.0,Placed,A,B
1.0,0.5166666666666667,0.0,0.7000000000000001,0.15000000000000002,0.3999999999999999,86.75,Placed,A,D
0.9,0.31666666666666665,0.40000000000000013,0.5000000000000001,1.0,0.23333333333333328,100.0,Placed,A,F
0.9,0.8833333333333334,0.40000000000000013,0.20000000000000004,0.9,0.31666666666666665,100.0,Placed,A,D
0.9,0.7666666666666667,0.6000000000000001,0.1,0.7000000000000001,0.5499999999999999,100.0,Placed,A,C
0.9,0.5833333333333334,0.8,0.30000000000000004,0.9500000000000001,0.9499999999999998,100.0,Placed,A,A
0.20000000000000004,0.6333333333333334,1.0,0.30000000000000004,0.45,0.9833333333333333,98.29,Placed,A,A
0.0,0.4833333333333333,1.0,0.0,0.45,0.21666666666666667,94.59,Placed,A,F
0.7000000000000001,0.09999999999999998,0.0,0.8,0.55,0.4833333333333333,98.41,Placed,A,C
0.9,0.35,0.8,0.9,0.4,0.7166666666666667,100.0,Placed,A,B
0.9,0.9333333333333335,0.6000000000000001,0.7000000000000001,0.7000000000000001,0.19999999999999996,100.0,Placed,A,F
0.1,0.8166666666666668,0.6000000000000001,0.6000000000000001,0.8500000000000001,0.21666666666666667,88.97,Placed,A,F
0.0,0.7333333333333333,0.40000000000000013,0.5000000000000001,0.9500000000000001,0.4666666666666667,72.79,Placed,B,C
0.7000000000000001,0.15000000000000002,0.19999999999999996,0.20000000000000004,0.0,0.41666666666666663,61.72,Not Placed,C,C
0.6000000000000001,0.9166666666666666,0.0,0.30000000000000004,0.1,0.033333333333333326,84.04,Placed,A,F
0.6000000000000001,0.1166666666666667,0.0,0.1,0.35000000000000003,0.3999999999999999,82.53,Placed,A,D
0.30000000000000004,0.43333333333333346,0.19999999999999996,0.6000000000000001,0.30000000000000004,0.43333333333333324,76.42,Placed,B,C
1.0,0.15000000000000002,1.0,0.1,0.7000000000000001,0.7333333333333333,100.0,Placed,A,B
0.8,0.21666666666666667,1.0,0.9,0.35000000000000003,0.65,100.0,Placed,A,B
0.5000000000000001,0.7500000000000001,1.0,0.0,0.7000000000000001,0.25,100.0,Placed,A,D
0.1,0.9666666666666667,0.6000000000000001,0.5000000000000001,0.2,0.6166666666666666,82.8,Placed,A,B
0.0,0.85,0.8,0.30000000000000004,0.55,0.16666666666666663,71.97,Placed,B,F
0.0,0.8833333333333334,0.0,0.7000000000000001,0.55,0.4666666666666667,75.27,Placed,B,C
0.8,0.16666666666666674,0.19999999999999996,0.0,0.4,0.7666666666666667,100.0,Placed,A,A
0.30000000000000004,0.08333333333333337,0.40000000000000013,0.8,1.0,0.8333333333333334,100.0,Placed,A,A
0.4,0.33333333333333337,0.40000000000000013,0.5000000000000001,0.4,0.9499999999999998,85.91,Placed,A,A
0.20000000000000004,0.5333333333333333,0.6000000000000001,0.1,0.7000000000000001,0.3833333333333333,79.34,Placed,B,D
0.30000000000000004,0.30000000000000004,0.0,0.7000000000000001,0.7000000000000001,0.4666666666666667,81.55,Placed,A,C
0.7000000000000001,0.6333333333333334,0.8,0.4,0.9500000000000001,0.5499999999999999,100.0,Placed,A,C
0.30000000000000004,0.3833333333333334,0.0,0.4,0.55,0.16666666666666663,64.63,Not Placed,C,F
0.8,0.2833333333333333,1.0,0.4,0.2,0.31666666666666665,100.0,Placed,A,D
0.8,0.5666666666666668,0.40000000000000013,0.6000000000000001,0.0,0.31666666666666665,63.62,Not Placed,C,D
0.5000000000000001,0.85,0.0,0.6000000000000001,0.9,0.1333333333333333,100.0,Placed,A,F
0.1,0.7000000000000001,0.40000000000000013,0.9,0.5,0.9166666666666666,100.0,Placed,A,A
0.9,0.6,0.19999999999999996,1.0,0.8500000000000001,0.3666666666666666,96.3,Placed,A,D
1.0,0.30000000000000004,0.19999999999999996,0.6000000000000001,0.25,0.5833333333333334,94.33,Placed,A,B
0.6000000000000001,0.8666666666666666,0.40000000000000013,0.9,0.8,0.9,100.0,Placed,A,A
0.8,0.3833333333333334,0.8,0.1,0.65,0.7999999999999999,100.0,Placed,A,A
0.5000000000000001,0.9166666666666666,0.8,0.7000000000000001,0.55,0.43333333333333324,99.51,Placed,A,C
0.20000000000000004,0.5499999999999999,0.0,0.0,0.2,0.3833333333333333,90.39,Placed,A,D
0.6000000000000001,0.35,0.40000000000000013,0.1,0.30000000000000004,0.65,100.0,Placed,A,B
0.4,0.050000000000000044,0.6000000000000001,1.0,0.75,0.3999999999999999,76.28,Placed,B,D
0.0,0.9333333333333335,0.8,0.6000000000000001,0.4,0.3999999999999999,64.72,Not Placed,C,D
0.20000000000000004,0.15000000000000002,0.8,0.30000000000000004,0.7000000000000001,0.7833333333333333,81.59,Placed,A,A
0.4,0.01666666666666672,1.0,1.0,0.15000000000000002,0.5333333333333333,75.03,Placed,B,C
0.6000000000000001,0.1166666666666667,0.19999999999999996,0.9,0.9500000000000001,0.4999999999999999,100.0,Placed,A,C
0.20000000000000004,0.5333333333333333,0.8,0.9,0.30000000000000004,0.1499999999999999,59.47,Not Placed,D,F
0.5000000000000001,0.9666666666666667,0.8,0.8,0.65,0.6333333333333332,100.0,Placed,A,B
0.4,0.6166666666666666,1.0,1.0,0.15000000000000002,0.23333333333333328,78.55,Placed,B,F
0.0,0.7000000000000001,0.8,0.8,0.15000000000000002,0.0,50.34,Not Placed,D,F
0.9,0.9666666666666667,1.0,0.20000000000000004,0.65,0.8833333333333332,100.0,Placed,A,A
0.5000000000000001,0.45000000000000007,0.40000000000000013,0.20000000000000004,0.30000000000000004,0.25,97.03,Placed,A,D
0.7000000000000001,0.15000000000000002,0.40000000000000013,0.8,0.7000000000000001,0.33333333333333326,100.0,Placed,A,D
0.0,0.7333333333333333,0.19999999999999996,0.9,0.55,0.9666666666666667,83.76,Placed,A,A
0.1,0.0,0.0,0.7000000000000001,0.65,0.016666666666666607,45.78,Not Placed,F,F
0.30000000000000004,0.5499999999999999,1.0,0.0,0.6000000000000001,0.9999999999999999,100.0,Placed,A,A
0.1,0.033333333333333326,0.8,0.5000000000000001,0.9,0.033333333333333326,81.45,Placed,A,F
1.0,0.13333333333333341,0.0,0.6000000000000001,0.55,0.23333333333333328,100.0,Placed,A,F
0.8,0.06666666666666665,0.40000000000000013,1.0,0.75,0.5166666666666667,100.0,Placed,A,C
0.9,0.6833333333333335,0.8,0.7000000000000001,0.75,0.9166666666666666,100.0,Placed,A,A
0.7000000000000001,0.15000000000000002,0.0,0.1,0.0,0.8166666666666665,90.82,Placed,A,A
0.7000000000000001,0.18333333333333335,1.0,0.0,0.7000000000000001,0.7666666666666667,100.0,Placed,A,A
0.30000000000000004,0.2833333333333333,1.0,0.30000000000000004,0.2,0.43333333333333324,85.95,Placed,A,C
0.4,0.9500000000000001,0.0,0.0,0.25,0.5833333333333334,94.99,Placed,A,B
0.30000000000000004,0.33333333333333337,1.0,0.1,1.0,0.5666666666666665,100.0,Placed,A,C
0.8,0.33333333333333337,0.6000000000000001,0.20000000000000004,0.8,0.9833333333333333,100.0,Placed,A,A
0.1,0.0,0.40000000000000013,0.30000000000000004,0.5,0.6333333333333332,63.46,Not Placed,C,B
1.0,0.033333333333333326,0.19999999999999996,0.5000000000000001,0.15000000000000002,0.3833333333333333,80.77,Placed,A,D
0.7000000000000001,0.06666666666666665,0.19999999999999996,0.7000000000000001,0.8500000000000001,0.85,100.0,Placed,A,A
0.1,0.4,0.6000000000000001,0.8,0.9500000000000001,0.8833333333333332,100.0,Placed,A,A
0.0,0.9500000000000001,0.0,0.30000000000000004,0.65,0.8333333333333334,98.06,Placed,A,A
0.9,0.7999999999999999,1.0,0.0,0.4,0.9,100.0,Placed,A,A
0.20000000000000004,0.1166666666666667,0.6000000000000001,0.4,0.1,0.11666666666666659,59.25,Not Placed,D,F
0.8,0.2666666666666667,0.6000000000000001,0.4,0.1,0.09999999999999998,98.61,Placed,A,F
0.20000000000000004,0.13333333333333341,1.0,0.8,0.5,0.04999999999999993,65.19,Not Placed,C,F
0.8,0.5166666666666667,0.40000000000000013,0.5000000000000001,0.9500000000000001,0.4833333333333333,100.0,Placed,A,C
0.6000000000000001,0.08333333333333337,1.0,0.4,0.2,0.1499999999999999,72.05,Placed,B,F
0.9,0.7999999999999999,1.0,0.9,0.15000000000000002,0.9833333333333333,100.0,Placed,A,A
0.0,0.65,0.8,0.9,0.55,0.3999999999999999,74.66,Placed,B,D
0.9,0.33333333333333337,0.0,0.4,0.55,0.6833333333333332,99.95,Placed,A,B
0.4,0.09999999999999998,0.19999999999999996,0.7000000000000001,0.15000000000000002,0.7666666666666667,63.63,Not Placed,C,A
0.8,0.09999999999999998,0.19999999999999996,1.0,0.1,0.5166666666666667,74.31,Placed,B,C
0.20000000000000004,0.7666666666666667,0.6000000000000001,0.0,0.05,0.9166666666666666,90.14,Placed,A,A
0.8,0.6333333333333334,0.6000000000000001,0.4,0.15000000000000002,0.8833333333333332,100.0,Placed,A,A
0.4,0.8833333333333334,0.6000000000000001,0.0,0.15000000000000002,0.5166666666666667,93.32,Placed,A,C
0.8,0.43333333333333346,0.0,0.6000000000000001,0.30000000000000004,0.8166666666666665,86.78,Placed,A,A
0.9,0.1166666666666667,0.6000000000000001,0.6000000000000001,0.05,0.5166666666666667,89.24,Placed,A,C
0.5000000000000001,0.13333333333333341,0.6000000000000001,0.9,0.5,0.1499999999999999,54.06,Not Placed,D,F
0.8,0.45000000000000007,0.8,0.7000000000000001,0.2,0.9,100.0,Placed,A,A
0.6000000000000001,0.2333333333333334,0.0,0.6000000000000001,0.6000000000000001,0.1333333333333333,63.46,Not Placed,C,F
0.6000000000000001,0.01666666666666672,0.40000000000000013,1.0,0.15000000000000002,0.3999999999999999,82.75,Placed,A,D
0.7000000000000001,0.09999999999999998,0.40000000000000013,0.8,0.4,0.3999999999999999,86.88,Placed,A,D
0.6000000000000001,0.7666666666666667,1.0,0.7000000000000001,0.30000000000000004,0.6666666666666666,100.0,Placed,A,B
0.8,0.2833333333333333,0.8,0.7000000000000001,0.6000000000000001,0.8833333333333332,100.0,Placed,A,A
1.0,0.35,0.19999999999999996,0.20000000000000004,0.45,0.25,100.0,Placed,A,D
0.8,0.8166666666666668,1.0,0.9,0.30000000000000004,0.7999999999999999,100.0,Placed,A,A
0.5000000000000001,0.15000000000000002,0.40000000000000013,0.30000000000000004,0.8500000000000001,0.25,79.89,Placed,B,D
0.6000000000000001,0.8833333333333334,0.0,0.30000000000000004,0.8500000000000001,0.4833333333333333,100.0,Placed,A,C
0.1,0.8166666666666668,0.19999999999999996,0.0,0.05,0.6166666666666666,65.47,Not Placed,C,B
0.8,0.5333333333333333,0.6000000000000001,0.5000000000000001,1.0,0.06666666666666665,100.0,Placed,A,F
0.0,0.09999999999999998,0.0,0.1,0.0,0.09999999999999998,31.97,Not Placed,F,F
0.0,0.033333333333333326,0.19999999999999996,0.8,0.6000000000000001,0.19999999999999996,36.42,Not Placed,F,F
0.20000000000000004,0.21666666666666667,0.40000000000000013,0.0,0.05,0.11666666666666659,73.94,Placed,B,F
0.5000000000000001,0.7166666666666667,1.0,0.0,0.15000000000000002,0.5333333333333333,100.0,Placed,A,C
0.4,0.7500000000000001,0.6000000000000001,1.0,0.4,0.1499999999999999,80.45,Placed,A,F
0.1,1.0,0.6000000000000001,0.9,0.35000000000000003,0.85,79.37,Placed,B,A
0.8,0.5833333333333334,0.0,1.0,0.8500000000000001,0.31666666666666665,100.0,Placed,A,D
0.9,0.20000000000000007,1.0,0.5000000000000001,0.75,0.5166666666666667,100.0,Placed,A,C
0.30000000000000004,0.25,0.6000000000000001,0.0,0.15000000000000002,0.4666666666666667,83.93,Placed,A,C
0.30000000000000004,0.25,0.19999999999999996,0.20000000000000004,0.15000000000000002,0.0,51.47,Not Placed,D,F
0.4,0.8833333333333334,0.8,0.9,0.8500000000000001,0.43333333333333324,96.78,Placed,A,C
0.7000000000000001,0.06666666666666665,0.40000000000000013,0.1,0.05,0.31666666666666665,85.12,Placed,A,D
0.9,0.85,0.0,1.0,1.0,0.9,100.0,Placed,A,A
0.30000000000000004,0.4,1.0,0.8,0.5,0.21666666666666667,72.73,Placed,B,F
0.4,0.6166666666666666,0.8,0.4,0.9500000000000001,0.23333333333333328,100.0,Placed,A,F
0.30000000000000004,0.6166666666666666,0.8,0.5000000000000001,0.15000000000000002,0.08333333333333326,78.79,Placed,B,F
0.5000000000000001,0.8166666666666668,0.0,0.1,0.65,0.85,100.0,Placed,A,A
0.20000000000000004,0.6166666666666666,0.19999999999999996,0.7000000000000001,1.0,0.016666666666666607,77.12,Placed,B,F
0.7000000000000001,0.6333333333333334,1.0,0.5000000000000001,0.8,0.9833333333333333,100.0,Placed,A,A
0.5000000000000001,0.9166666666666666,0.40000000000000013,1.0,0.35000000000000003,0.4666666666666667,100.0,Placed,A,C
0.9,0.9166666666666666,0.0,0.7000000000000001,0.0,0.6333333333333332,98.55,Placed,A,B
0.4,0.7833333333333333,1.0,0.7000000000000001,0.9,0.9166666666666666,100.0,Placed,A,A
0.1,0.6666666666666666,0.8,0.0,0.9,0.9333333333333332,100.0,Placed,A,A
0.9,0.41666666666666663,0.8,0.6000000000000001,1.0,0.9333333333333332,100.0,Placed,A,A
0.9,0.9666666666666667,0.0,0.1,0.30000000000000004,0.5166666666666667,100.0,Placed,A,C
0.6000000000000001,0.20000000000000007,1.0,1.0,0.0,0.85,81.04,Placed,A,A
0.1,0.7166666666666667,0.8,0.7000000000000001,0.0,0.8333333333333334,96.96,Placed,A,A
0.0,0.8333333333333334,0.0,0.1,0.45,0.06666666666666665,69.67,Not Placed,C,F
0.6000000000000001,0.41666666666666663,0.0,0.30000000000000004,0.6000000000000001,0.35,97.87,Placed,A,D
0.4,0.9,0.40000000000000013,0.1,0.2,0.44999999999999984,88.81,Placed,A,C
0.0,0.9,0.0,0.6000000000000001,0.55,0.5166666666666667,75.5,Placed,B,C
0.30000000000000004,0.0,1.0,0.4,0.1,0.4666666666666667,75.0,Placed,B,C
0.30000000000000004,0.1166666666666667,1.0,1.0,0.9,0.65,91.15,Placed,A,B
0.9,0.050000000000000044,0.8,1.0,0.15000000000000002,0.033333333333333326,89.02,Placed,A,F
0.6000000000000001,0.33333333333333337,0.6000000000000001,0.8,0.7000000000000001,0.4999999999999999,87.96,Placed,A,C
0.8,0.35,0.40000000000000013,0.4,0.6000000000000001,0.19999999999999996,100.0,Placed,A,F
0.1,0.8333333333333334,1.0,1.0,0.5,0.08333333333333326,82.49,Placed,A,F
0.0,0.8666666666666666,0.8,0.7000000000000001,0.05,0.33333333333333326,82.34,Placed,A,D
0.1,0.9500000000000001,0.8,0.1,0.4,0.9999999999999999,83.25,Placed,A,A
0.6000000000000001,0.6,0.40000000000000013,0.20000000000000004,0.55,0.9,100.0,Placed,A,A
0.9,0.7999999999999999,0.40000000000000013,0.5000000000000001,0.15000000000000002,0.21666666666666667,88.26,Placed,A,F
0.5000000000000001,0.033333333333333326,0.8,1.0,0.9,0.3999999999999999,98.95,Placed,A,D
0.30000000000000004,0.30000000000000004,0.6000000000000001,0.6000000000000001,0.45,0.09999999999999998,77.78,Placed,B,F
0.0,0.0,0.19999999999999996,0.9,0.5,0.6999999999999998,51.25,Not Placed,D,B
0.0,0.4666666666666667,0.8,0.7000000000000001,0.30000000000000004,0.35,69.34,Not Placed,C,D
0.4,0.3666666666666666,0.40000000000000013,0.20000000000000004,0.6000000000000001,0.5166666666666667,88.02,Placed,A,C
0.0,0.5333333333333333,0.0,0.6000000000000001,0.4,0.6666666666666666,60.29,Not Placed,C,B
0.6000000000000001,0.9,0.0,0.7000000000000001,0.55,0.5166666666666667,78.7,Placed,B,C
1.0,0.85,0.40000000000000013,0.9,0.05,0.6833333333333332,100.0,Placed,A,B
0.0,0.6666666666666666,0.40000000000000013,0.5000000000000001,1.0,0.85,96.29,Placed,A,A
0.0,0.3666666666666666,0.19999999999999996,0.30000000000000004,0.0,0.4833333333333333,42.9,Not Placed,F,C
0.1,0.06666666666666665,1.0,0.5000000000000001,0.30000000000000004,0.2666666666666666,64.57,Not Placed,C,D
1.0,0.09999999999999998,0.40000000000000013,0.8,0.0,0.65,89.66,Placed,A,B
0.9,0.9333333333333335,0.0,0.20000000000000004,0.75,0.8833333333333332,100.0,Placed,A,A
0.20000000000000004,0.9500000000000001,0.6000000000000001,0.1,0.15000000000000002,0.6166666666666666,76.99,Placed,B,B
1.0,0.08333333333333337,0.40000000000000013,0.4,0.35000000000000003,0.33333333333333326,100.0,Placed,A,D
0.0,0.7999999999999999,0.19999999999999996,0.6000000000000001,0.8,0.41666666666666663,82.12,Placed,A,C
0.8,0.35,0.6000000000000001,0.20000000000000004,1.0,0.6999999999999998,100.0,Placed,A,B
0.9,0.7999999999999999,0.19999999999999996,0.4,0.9,0.033333333333333326,100.0,Placed,A,F
0.7000000000000001,0.20000000000000007,0.6000000000000001,0.30000000000000004,0.15000000000000002,0.6166666666666666,86.45,Placed,A,B
0.4,0.18333333333333335,0.40000000000000013,1.0,0.15000000000000002,0.2666666666666666,42.23,Not Placed,F,D
1.0,0.050000000000000044,0.0,0.6000000000000001,0.35000000000000003,0.6333333333333332,100.0,Placed,A,B
0.1,0.1166666666666667,0.6000000000000001,0.1,0.45,0.08333333333333326,59.55,Not Placed,D,F
0.4,0.6,0.8,1.0,0.75,0.33333333333333326,88.56,Placed,A,D
0.5000000000000001,0.5000000000000001,1.0,0.6000000000000001,0.9,0.7333333333333333,100.0,Placed,A,B
0.0,0.6,0.19999999999999996,0.1,0.0,0.7499999999999999,78.85,Placed,B,A
1.0,0.7333333333333333,0.6000000000000001,0.20000000000000004,0.2,0.8333333333333334,100.0,Placed,A,A
0.30000000000000004,0.41666666666666663,0.19999999999999996,0.4,0.05,0.65,59.7,Not Placed,D,B
0.8,0.7000000000000001,0.0,0.6000000000000001,0.75,0.19999999999999996,99.01,Placed,A,F
0.1,0.1166666666666667,0.19999999999999996,0.5000000000000001,0.6000000000000001,0.85,76.61,Placed,B,A
0.4,0.65,0.19999999999999996,0.6000000000000001,0.25,0.1333333333333333,51.69,Not Placed,D,F
0.0,0.5333333333333333,0.8,1.0,0.15000000000000002,0.9333333333333332,74.06,Placed,B,A
0.30000000000000004,0.7333333333333333,0.19999999999999996,0.5000000000000001,0.30000000000000004,0.06666666666666665,75.18,Placed,B,F
0.30000000000000004,0.4666666666666667,0.6000000000000001,0.0,0.05,0.6999999999999998,82.43,Placed,A,B
0.5000000000000001,0.06666666666666665,0.19999999999999996,0.4,0.45,0.09999999999999998,62.74,Not Placed,C,F
0.9,0.45000000000000007,0.40000000000000013,0.0,0.65,0.6166666666666666,100.0,Placed,A,B
0.8,0.8666666666666666,0.19999999999999996,0.6000000000000001,0.35000000000000003,0.7166666666666667,100.0,Placed,A,B
0.20000000000000004,0.65,0.40000000000000013,0.30000000000000004,0.1,0.7166666666666667,74.93,Placed,B,B
0.8,0.2666666666666667,1.0,0.4,0.1,0.6166666666666666,100.0,Placed,A,B
0.5000000000000001,0.9,0.19999999999999996,0.0,0.05,0.4999999999999999,92.82,Placed,A,C
0.6000000000000001,0.3666666666666666,1.0,0.7000000000000001,0.8,0.04999999999999993,75.27,Placed,B,F
0.9,0.7333333333333333,0.19999999999999996,0.30000000000000004,0.9,0.9499999999999998,100.0,Placed,A,A
0.1,0.13333333333333341,0.6000000000000001,0.20000000000000004,0.45,0.19999999999999996,70.33,Placed,B,F
1.0,0.01666666666666672,0.40000000000000013,0.0,0.55,0.7166666666666667,100.0,Placed,A,B
0.9,0.5166666666666667,1.0,0.30000000000000004,0.5,0.23333333333333328,100.0,Placed,A,F
0.5000000000000001,0.8333333333333334,1.0,0.20000000000000004,0.4,0.65,100.0,Placed,A,B
0.5000000000000001,0.85,0.40000000000000013,0.7000000000000001,0.6000000000000001,0.19999999999999996,97.0,Placed,A,F
0.1,0.7999999999999999,0.8,0.8,0.25,0.6999999999999998,74.55,Placed,B,B
0.1,0.5000000000000001,0.19999999999999996,0.4,0.65,0.6999999999999998,86.64,Placed,A,B
0.1,0.09999999999999998,0.19999999999999996,0.8,0.5,0.6999999999999998,56.58,Not Placed,D,B
0.9,0.4833333333333333,0.6000000000000001,0.0,0.2,0.41666666666666663,100.0,Placed,A,C
0.0,0.9500000000000001,0.8,0.6000000000000001,0.05,0.29999999999999993,66.12,Not Placed,C,D
0.4,0.033333333333333326,0.8,1.0,0.30000000000000004,0.8666666666666666,67.04,Not Placed,C,A
0.7000000000000001,0.8333333333333334,0.6000000000000001,0.6000000000000001,0.8,0.7999999999999999,100.0,Placed,A,A
0.1,0.8333333333333334,1.0,0.5000000000000001,0.25,0.0,92.32,Placed,A,F
0.4,0.9166666666666666,0.40000000000000013,0.30000000000000004,0.65,0.19999999999999996,92.08,Placed,A,F
0.7000000000000001,0.13333333333333341,1.0,1.0,0.15000000000000002,0.3999999999999999,76.21,Placed,B,D
0.9,0.15000000000000002,0.0,0.8,0.1,0.31666666666666665,68.9,Not Placed,C,D
0.4,1.0,0.6000000000000001,0.20000000000000004,0.5,0.6666666666666666,94.61,Placed,A,B
0.1,0.7500000000000001,0.40000000000000013,1.0,0.0,0.3666666666666666,45.33,Not Placed,F,D
0.20000000000000004,0.8166666666666668,1.0,1.0,0.65,0.9499999999999998,100.0,Placed,A,A
0.5000000000000001,0.9500000000000001,1.0,0.0,0.25,0.3833333333333333,100.0,Placed,A,D
1.0,0.7666666666666667,0.8,0.1,0.8,0.6999999999999998,100.0,Placed,A,B
1.0,0.41666666666666663,0.6000000000000001,0.20000000000000004,0.8,0.6666666666666666,100.0,Placed,A,B
0.4,0.0,0.0,0.1,0.5,0.7999999999999999,96.09,Placed,A,A
1.0,0.4833333333333333,0.19999999999999996,0.5000000000000001,0.30000000000000004,0.6333333333333332,100.0,Placed,A,B
0.30000000000000004,0.9333333333333335,0.6000000000000001,0.6000000000000001,0.6000000000000001,0.65,84.25,Placed,A,B
0.30000000000000004,0.6166666666666666,0.0,0.4,0.35000000000000003,0.4833333333333333,83.69,Placed,A,C
0.4,0.2333333333333334,0.0,0.4,0.35000000000000003,0.5499999999999999,76.2,Placed,B,C
0.1,0.4,0.6000000000000001,0.6000000000000001,0.4,0.7499999999999999,78.94,Placed,B,A
0.8,0.08333333333333337,0.40000000000000013,0.5000000000000001,0.30000000000000004,0.1499999999999999,99.41,Placed,A,F
0.1,0.2833333333333333,0.6000000000000001,0.7000000000000001,0.4,0.6666666666666666,71.3,Placed,B,B
0.9,0.0,1.0,0.8,0.5,0.9833333333333333,100.0,Placed,A,A
0.1,0.9166666666666666,0.8,0.1,0.05,0.0,48.3,Not Placed,F,F
0.9,0.033333333333333326,1.0,0.1,0.8500000000000001,0.18333333333333324,100.0,Placed,A,F
0.8,0.2666666666666667,0.0,0.0,0.1,0.7499999999999999,87.07,Placed,A,A
0.20000000000000004,0.7833333333333333,0.0,0.6000000000000001,0.8500000000000001,0.8333333333333334,78.14,Placed,B,A
0.9,0.1166666666666667,0.19999999999999996,1.0,0.75,0.4666666666666667,100.0,Placed,A,C
0.6000000000000001,0.9833333333333333,0.0,0.30000000000000004,0.35000000000000003,0.16666666666666663,94.45,Placed,A,F
0.30000000000000004,0.7999999999999999,0.19999999999999996,0.8,0.35000000000000003,0.6666666666666666,81.86,Placed,A,B
0.5000000000000001,0.65,0.0,0.5000000000000001,0.25,0.2666666666666666,66.44,Not Placed,C,D
0.30000000000000004,0.2666666666666667,0.0,0.6000000000000001,0.05,0.31666666666666665,58.0,Not Placed,D,D
0.9,0.4,0.6000000000000001,0.6000000000000001,0.75,0.9499999999999998,100.0,Placed,A,A
0.6000000000000001,0.6666666666666666,0.6000000000000001,0.7000000000000001,1.0,0.6166666666666666,100.0,Placed,A,B
0.0,0.18333333333333335,0.8,0.30000000000000004,0.4,0.08333333333333326,61.98,Not Placed,C,F
0.20000000000000004,0.4666666666666667,1.0,0.20000000000000004,0.9,0.31666666666666665,100.0,Placed,A,D
0.20000000000000004,0.4,0.40000000000000013,0.20000000000000004,1.0,0.1499999999999999,88.88,Placed,A,F
0.0,0.8333333333333334,0.8,0.9,0.7000000000000001,0.1499999999999999,71.66,Placed,B,F
0.5000000000000001,0.5833333333333334,0.0,0.7000000000000001,0.05,0.4999999999999999,80.22,Placed,A,C
1.0,0.8666666666666666,0.8,0.20000000000000004,0.7000000000000001,0.41666666666666663,100.0,Placed,A,C
0.8,0.8833333333333334,0.6000000000000001,0.7000000000000001,0.5,0.9499999999999998,100.0,Placed,A,A
0.7000000000000001,0.4,1.0,0.1,0.9500000000000001,0.2666666666666666,100.0,Placed,A,D
1.0,0.4666666666666667,0.0,0.4,0.55,0.8666666666666666,100.0,Placed,A,A
0.6000000000000001,0.16666666666666674,0.0,0.4,0.7000000000000001,0.21666666666666667,88.57,Placed,A,F
0.9,0.9833333333333333,0.8,0.6000000000000001,0.75,0.06666666666666665,100.0,Placed,A,F
0.7000000000000001,0.050000000000000044,1.0,0.4,0.25,0.033333333333333326,72.02,Placed,B,F
0.5000000000000001,0.21666666666666667,0.19999999999999996,0.8,0.1,0.6999999999999998,75.02,Placed,B,B
0.8,0.7500000000000001,0.40000000000000013,0.20000000000000004,0.25,0.8333333333333334,100.0,Placed,A,A
0.20000000000000004,0.6166666666666666,1.0,0.8,0.1,0.31666666666666665,73.2,Placed,B,D
0.9,1.0,0.8,0.0,1.0,0.8333333333333334,100.0,Placed,A,A
0.9,0.2666666666666667,0.8,0.20000000000000004,0.6000000000000001,0.7499999999999999,100.0,Placed,A,A
0.8,0.01666666666666672,0.40000000000000013,0.30000000000000004,0.55,0.23333333333333328,88.43,Placed,A,F
0.30000000000000004,0.1166666666666667,0.0,0.5000000000000001,0.35000000000000003,0.033333333333333326,66.45,Not Placed,C,F
0.6000000000000001,0.5833333333333334,0.0,0.9,0.05,0.033333333333333326,50.44,Not Placed,D,F
0.8,0.15000000000000002,0.19999999999999996,0.7000000000000001,0.30000000000000004,0.3666666666666666,85.92,Placed,A,D
0.1,0.09999999999999998,0.8,0.6000000000000001,0.8,0.1333333333333333,98.88,Placed,A,F
0.1,0.5833333333333334,0.40000000000000013,0.7000000000000001,0.30000000000000004,0.16666666666666663,51.11,Not Placed,D,F
0.8,0.25,0.8,0.5000000000000001,0.0,0.7666666666666667,90.46,Placed,A,A
0.20000000000000004,0.21666666666666667,0.6000000000000001,0.5000000000000001,0.15000000000000002,0.9999999999999999,75.01,Placed,B,A
0.8,0.25,0.8,0.5000000000000001,0.7000000000000001,0.7999999999999999,100.0,Placed,A,A
0.4,0.4,0.8,0.20000000000000004,0.15000000000000002,0.9166666666666666,84.59,Placed,A,A
0.5000000000000001,0.6666666666666666,0.6000000000000001,0.9,0.55,0.9499999999999998,100.0,Placed,A,A
0.1,0.050000000000000044,0.6000000000000001,0.30000000000000004,0.75,0.7166666666666667,99.89,Placed,A,B
0.7000000000000001,0.4666666666666667,0.40000000000000013,1.0,1.0,0.7999999999999999,100.0,Placed,A,A
1.0,0.9166666666666666,0.0,0.5000000000000001,0.8500000000000001,0.6666666666666666,100.0,Placed,A,B
0.8,0.08333333333333337,0.19999999999999996,0.6000000000000001,0.65,0.19999999999999996,97.76,Placed,A,F
0.1,0.0,0.6000000000000001,0.20000000000000004,0.65,0.11666666666666659,70.17,Placed,B,F
0.5000000000000001,0.6333333333333334,0.0,0.30000000000000004,0.5,0.35,70.1,Placed,B,D
0.5000000000000001,0.0,0.40000000000000013,0.5000000000000001,0.75,0.6166666666666666,100.0,Placed,A,B
0.7000000000000001,0.8333333333333334,1.0,0.0,0.7000000000000001,0.43333333333333324,100.0,Placed,A,C
0.9,0.65,0.8,1.0,0.25,0.41666666666666663,100.0,Placed,A,C
0.4,0.9333333333333335,0.40000000000000013,0.6000000000000001,0.6000000000000001,0.3666666666666666,80.39,Placed,A,D
0.8,0.033333333333333326,0.40000000000000013,1.0,0.8,0.9166666666666666,92.82,Placed,A,A
0.0,0.0,0.6000000000000001,0.0,0.15000000000000002,0.9999999999999999,59.32,Not Placed,D,A
0.8,0.0,0.19999999999999996,1.0,0.55,0.6333333333333332,83.62,Placed,A,B
0.9,0.6333333333333334,0.6000000000000001,0.9,0.8500000000000001,0.4999999999999999,100.0,Placed,A,C
0.6000000000000001,0.33333333333333337,0.8,1.0,0.35000000000000003,0.4666666666666667,82.01,Placed,A,C
0.30000000000000004,0.7333333333333333,0.6000000000000001,1.0,0.55,0.0,73.43,Placed,B,F
0.20000000000000004,0.4833333333333333,0.8,0.8,0.15000000000000002,0.1499999999999999,65.54,Not Placed,C,F
0.9,0.5166666666666667,0.6000000000000001,0.9,0.35000000000000003,0.7666666666666667,100.0,Placed,A,A
1.0,0.5333333333333333,1.0,0.8,0.05,0.9999999999999999,100.0,Placed,A,A
0.5000000000000001,0.7833333333333333,0.19999999999999996,1.0,0.15000000000000002,0.7499999999999999,66.72,Not Placed,C,A
0.0,0.35,1.0,0.8,0.55,0.04999999999999993,53.18,Not Placed,D,F
0.20000000000000004,0.4833333333333333,0.0,0.30000000000000004,1.0,0.4999999999999999,97.93,Placed,A,C
0.1,0.8833333333333334,0.19999999999999996,0.1,0.45,0.04999999999999993,80.57,Placed,A,F
1.0,0.7500000000000001,0.6000000000000001,0.6000000000000001,0.7000000000000001,0.4666666666666667,100.0,Placed,A,C
0.8,0.050000000000000044,0.40000000000000013,0.30000000000000004,0.4,0.1333333333333333,78.35,Placed,B,F
0.20000000000000004,0.3666666666666666,0.0,0.4,0.4,0.23333333333333328,67.47,Not Placed,C,F
0.1,0.9,0.40000000000000013,0.0,0.30000000000000004,0.7166666666666667,100.0,Placed,A,B
0.30000000000000004,0.7166666666666667,1.0,1.0,0.05,0.6666666666666666,84.71,Placed,A,B
0.1,0.4,0.19999999999999996,0.9,0.30000000000000004,0.033333333333333326,31.43,Not Placed,F,F
0.0,0.18333333333333335,0.0,0.5000000000000001,0.4,0.9666666666666667,68.81,Not Placed,C,A
0.5000000000000001,0.2666666666666667,1.0,0.6000000000000001,0.8500000000000001,0.23333333333333328,92.14,Placed,A,F
0.9,0.8666666666666666,0.6000000000000001,0.20000000000000004,0.55,0.9333333333333332,100.0,Placed,A,A
0.7000000000000001,0.2333333333333334,0.40000000000000013,0.9,0.30000000000000004,0.8666666666666666,100.0,Placed,A,A
0.9,0.15000000000000002,0.6000000000000001,0.1,0.9,0.16666666666666663,97.46,Placed,A,F
0.9,0.5666666666666668,0.8,0.9,0.75,0.08333333333333326,100.0,Placed,A,F
0.1,0.9,0.0,0.6000000000000001,0.35000000000000003,0.7666666666666667,91.78,Placed,A,A
0.8,0.85,0.40000000000000013,0.0,0.9,0.09999999999999998,100.0,Placed,A,F
0.20000000000000004,0.85,0.19999999999999996,0.1,0.25,0.8333333333333334,88.07,Placed,A,A
0.7000000000000001,0.4666666666666667,0.19999999999999996,0.20000000000000004,0.05,0.7499999999999999,97.2,Placed,A,A
0.7000000000000001,0.18333333333333335,0.19999999999999996,0.30000000000000004,0.05,0.04999999999999993,61.2,Not Placed,C,F
0.20000000000000004,0.0,1.0,0.4,0.35000000000000003,0.33333333333333326,62.75,Not Placed,C,D
0.20000000000000004,0.0,0.19999999999999996,0.30000000000000004,0.45,0.0,59.71,Not Placed,D,F
0.5000000000000001,0.15000000000000002,0.40000000000000013,0.9,1.0,0.9166666666666666,100.0,Placed,A,A
0.0,0.2833333333333333,1.0,0.20000000000000004,1.0,0.9666666666666667,100.0,Placed,A,A
0.30000000000000004,0.7666666666666667,0.8,0.0,0.5,0.3666666666666666,84.73,Placed,A,D
0.0,0.01666666666666672,0.19999999999999996,0.6000000000000001,0.9500000000000001,0.19999999999999996,48.96,Not Placed,F,F
0.20000000000000004,0.7999999999999999,0.19999999999999996,0.9,0.9500000000000001,0.6999999999999998,100.0,Placed,A,B
0.8,0.1166666666666667,1.0,0.5000000000000001,0.1,0.44999999999999984,100.0,Placed,A,C
0.4,0.35,0.19999999999999996,0.1,0.75,0.4666666666666667,100.0,Placed,A,C
0.4,0.35,0.8,0.1,0.1,0.2833333333333333,100.0,Placed,A,D
1.0,0.41666666666666663,1.0,0.20000000000000004,0.35000000000000003,0.3666666666666666,100.0,Placed,A,D
0.30000000000000004,0.41666666666666663,1.0,0.7000000000000001,0.9,0.44999999999999984,85.35,Placed,A,C
0.20000000000000004,0.13333333333333341,0.0,0.7000000000000001,0.55,0.1333333333333333,56.58,Not Placed,D,F
0.4,0.33333333333333337,1.0,0.9,0.8500000000000001,0.8666666666666666,100.0,Placed,A,A
1.0,0.5000000000000001,0.19999999999999996,0.9,0.6000000000000001,0.6999999999999998,100.0,Placed,A,B
0.30000000000000004,0.85,1.0,0.9,0.5,0.08333333333333326,78.62,Placed,B,F
0.7000000000000001,0.7000000000000001,0.19999999999999996,0.9,0.6000000000000001,0.25,100.0,Placed,A,D
0.30000000000000004,0.08333333333333337,0.19999999999999996,1.0,1.0,0.6,79.72,Placed,B,B
1.0,0.9166666666666666,1.0,0.7000000000000001,0.1,0.0,100.0,Placed,A,F
0.7000000000000001,0.21666666666666667,0.0,0.6000000000000001,0.25,0.35,78.17,Placed,B,D
0.5000000000000001,0.5333333333333333,0.19999999999999996,0.1,0.1,0.7499999999999999,93.0,Placed,A,A
1.0,0.09999999999999998,0.0,0.0,0.0,0.3666666666666666,92.89,Placed,A,D
0.4,0.3833333333333334,0.0,0.5000000000000001,0.65,0.33333333333333326,72.6,Placed,B,D
0.30000000000000004,0.13333333333333341,1.0,1.0,0.9500000000000001,0.8333333333333334,69.69,Not Placed,C,A
0.30000000000000004,0.16666666666666674,0.6000000000000001,0.7000000000000001,0.30000000000000004,0.4999999999999999,65.77,Not Placed,C,C
0.30000000000000004,0.9166666666666666,0.6000000000000001,0.0,0.4,0.6166666666666666,100.0,Placed,A,B
1.0,0.3666666666666666,0.19999999999999996,0.20000000000000004,0.0,0.44999999999999984,98.76,Placed,A,C
0.8,0.7833333333333333,0.40000000000000013,0.0,0.45,0.7166666666666667,100.0,Placed,A,B
0.30000000000000004,0.8333333333333334,0.6000000000000001,0.9,0.6000000000000001,0.43333333333333324,90.31,Placed,A,C
0.8,0.01666666666666672,1.0,0.8,0.55,0.6333333333333332,100.0,Placed,A,B
0.9,0.2333333333333334,1.0,0.6000000000000001,0.15000000000000002,0.6833333333333332,94.06,Placed,A,B
0.5000000000000001,0.5666666666666668,0.6000000000000001,0.7000000000000001,0.30000000000000004,0.6833333333333332,88.37,Placed,A,B
0.9,0.5833333333333334,0.40000000000000013,0.8,0.45,0.9833333333333333,100.0,Placed,A,A
0.6000000000000001,0.85,0.8,0.20000000000000004,0.30000000000000004,0.9333333333333332,93.51,Placed,A,A
0.9,0.8833333333333334,0.19999999999999996,0.9,0.7000000000000001,0.19999999999999996,100.0,Placed,A,F
0.20000000000000004,0.45000000000000007,0.8,1.0,0.9,0.5166666666666667,90.29,Placed,A,C
0.7000000000000001,0.6333333333333334,0.8,0.1,0.30000000000000004,0.09999999999999998,91.0,Placed,A,F
0.20000000000000004,0.7166666666666667,0.0,0.5000000000000001,0.65,0.8333333333333334,95.0,Placed,A,A
0.0,0.050000000000000044,0.0,0.4,1.0,0.5333333333333333,80.36,Placed,A,C
0.9,0.15000000000000002,0.19999999999999996,0.30000000000000004,0.65,0.7666666666666667,100.0,Placed,A,A
0.4,0.08333333333333337,0.40000000000000013,0.5000000000000001,0.8500000000000001,0.7499999999999999,100.0,Placed,A,A
0.1,0.9333333333333335,0.0,0.5000000000000001,0.45,0.19999999999999996,73.4,Placed,B,F
0.9,0.4833333333333333,0.6000000000000001,0.20000000000000004,0.1,0.5166666666666667,100.0,Placed,A,C
0.5000000000000001,0.8833333333333334,0.19999999999999996,0.1,0.25,0.09999999999999998,82.49,Placed,A,F
0.9,0.7500000000000001,1.0,0.8,0.4,0.18333333333333324,100.0,Placed,A,F
0.8,0.5666666666666668,0.8,0.7000000000000001,0.65,0.65,100.0,Placed,A,B
0.0,0.7999999999999999,0.19999999999999996,0.30000000000000004,1.0,0.23333333333333328,85.74,Placed,A,F
0.30000000000000004,0.7000000000000001,1.0,0.5000000000000001,1.0,0.9666666666666667,100.0,Placed,A,A
0.0,0.15000000000000002,1.0,0.20000000000000004,0.35000000000000003,0.7999999999999999,78.97,Placed,B,A
0.0,0.9500000000000001,0.0,1.0,0.0,0.33333333333333326,52.81,Not Placed,D,D
0.7000000000000001,1.0,1.0,0.7000000000000001,0.1,0.18333333333333324,94.31,Placed,A,F
1.0,0.8666666666666666,0.40000000000000013,0.20000000000000004,0.25,0.9833333333333333,100.0,Placed,A,A
0.1,0.5166666666666667,1.0,0.1,0.0,0.19999999999999996,64.68,Not Placed,C,F
0.0,0.6833333333333335,1.0,0.6000000000000001,0.8500000000000001,0.65,87.06,Placed,A,B
1.0,0.6833333333333335,0.8,0.20000000000000004,0.45,0.6833333333333332,100.0,Placed,A,B
0.7000000000000001,0.033333333333333326,0.40000000000000013,0.8,0.8,0.6333333333333332,100.0,Placed,A,B
0.30000000000000004,0.9166666666666666,0.19999999999999996,0.20000000000000004,1.0,0.016666666666666607,100.0,Placed,A,F
0.20000000000000004,0.41666666666666663,0.40000000000000013,0.7000000000000001,0.0,0.4666666666666667,58.03,Not Placed,D,C
0.30000000000000004,0.2333333333333334,0.40000000000000013,0.1,0.35000000000000003,0.9999999999999999,82.54,Placed,A,A
1.0,0.2666666666666667,0.19999999999999996,0.8,0.55,0.7833333333333333,100.0,Placed,A,A
0.4,0.43333333333333346,0.8,0.0,0.9,0.4666666666666667,100.0,Placed,A,C
0.0,0.2833333333333333,1.0,0.20000000000000004,0.65,0.5833333333333334,82.17,Placed,A,B
1.0,0.8333333333333334,0.40000000000000013,1.0,0.9,0.6166666666666666,100.0,Placed,A,B
0.0,0.30000000000000004,0.40000000000000013,0.1,0.8,0.09999999999999998,80.91,Placed,A,F
0.20000000000000004,0.18333333333333335,0.19999999999999996,0.6000000000000001,0.75,0.4833333333333333,71.32,Placed,B,C
0.5000000000000001,0.3833333333333334,0.6000000000000001,0.4,0.9,0.3666666666666666,91.67,Placed,A,D
0.0,0.06666666666666665,0.40000000000000013,0.7000000000000001,0.2,0.8333333333333334,57.63,Not Placed,D,A
1.0,0.3833333333333334,0.0,0.1,0.9,0.44999999999999984,100.0,Placed,A,C
0.1,0.43333333333333346,1.0,0.7000000000000001,0.15000000000000002,0.9166666666666666,67.52,Not Placed,C,A
0.6000000000000001,0.7833333333333333,1.0,0.6000000000000001,0.2,0.3666666666666666,93.0,Placed,A,D
0.0,0.4833333333333333,0.8,1.0,0.2,0.5833333333333334,57.16,Not Placed,D,B
0.6000000000000001,0.2333333333333334,0.40000000000000013,0.4,0.0,0.6833333333333332,77.33,Placed,B,B
0.30000000000000004,0.7666666666666667,0.19999999999999996,0.1,0.8500000000000001,0.4666666666666667,100.0,Placed,A,C
0.9,0.9666666666666667,0.0,0.9,0.7000000000000001,0.04999999999999993,100.0,Placed,A,F
0.5000000000000001,0.6166666666666666,0.19999999999999996,1.0,1.0,0.31666666666666665,95.6,Placed,A,D
0.7000000000000001,0.7166666666666667,0.40000000000000013,0.6000000000000001,0.9,0.06666666666666665,100.0,Placed,A,F
0.8,0.5499999999999999,0.0,0.9,0.65,0.7499999999999999,100.0,Placed,A,A
0.5000000000000001,0.43333333333333346,0.8,0.30000000000000004,0.25,0.16666666666666663,84.57,Placed,A,F
1.0,0.31666666666666665,0.8,0.30000000000000004,0.8500000000000001,0.016666666666666607,100.0,Placed,A,F
0.8,0.6666666666666666,0.8,0.7000000000000001,0.35000000000000003,0.6666666666666666,100.0,Placed,A,B
0.30000000000000004,0.5166666666666667,0.6000000000000001,0.5000000000000001,0.2,0.8833333333333332,95.4,Placed,A,A
0.5000000000000001,0.050000000000000044,0.19999999999999996,0.8,0.35000000000000003,0.7166666666666667,61.94,Not Placed,C,B
0.7000000000000001,0.06666666666666665,0.40000000000000013,1.0,0.25,0.3833333333333333,85.94,Placed,A,D
0.8,0.8666666666666666,0.0,0.1,0.45,0.9666666666666667,100.0,Placed,A,A
0.20000000000000004,0.9500000000000001,1.0,0.4,0.1,0.5333333333333333,81.72,Placed,A,C
0.1,0.1166666666666667,1.0,0.5000000000000001,0.6000000000000001,0.35,84.85,Placed,A,D
0.5000000000000001,0.35,0.19999999999999996,0.7000000000000001,0.30000000000000004,0.7666666666666667,81.23,Placed,A,A
0.30000000000000004,0.6833333333333335,0.40000000000000013,0.30000000000000004,0.15000000000000002,0.08333333333333326,67.08,Not Placed,C,F
0.0,0.09999999999999998,0.6000000000000001,1.0,0.6000000000000001,0.3833333333333333,64.89,Not Placed,C,D
0.7000000000000001,0.35,0.40000000000000013,0.6000000000000001,0.25,0.4666666666666667,82.9,Placed,A,C
0.8,0.7500000000000001,0.19999999999999996,1.0,0.75,0.7999999999999999,100.0,Placed,A,A
0.8,0.4833333333333333,0.40000000000000013,0.6000000000000001,1.0,0.5166666666666667,100.0,Placed,A,C
0.1,0.6,1.0,0.30000000000000004,0.0,0.8666666666666666,81.55,Placed,A,A
0.8,0.25,1.0,0.0,0.6000000000000001,0.7666666666666667,100.0,Placed,A,A
0.6000000000000001,0.2333333333333334,0.0,0.20000000000000004,0.05,0.4833333333333333,80.51,Placed,A,C
0.4,0.06666666666666665,0.6000000000000001,0.1,0.9500000000000001,0.7499999999999999,100.0,Placed,A,A
0.6000000000000001,0.033333333333333326,1.0,0.20000000000000004,0.9,0.8333333333333334,100.0,Placed,A,A
0.8,0.3666666666666666,0.0,0.4,0.25,0.8833333333333332,79.48,Placed,B,A
0.7000000000000001,1.0,0.6000000000000001,1.0,0.5,0.6666666666666666,100.0,Placed,A,B
0.5000000000000001,0.15000000000000002,1.0,0.0,0.8,0.9499999999999998,100.0,Placed,A,A
0.30000000000000004,0.06666666666666665,0.6000000000000001,0.4,0.4,0.033333333333333326,52.15,Not Placed,D,F
0.0,0.3666666666666666,0.40000000000000013,0.1,0.2,0.3999999999999999,60.07,Not Placed,C,D
0.5000000000000001,0.2333333333333334,0.0,0.30000000000000004,0.2,0.44999999999999984,95.51,Placed,A,C
0.20000000000000004,0.2833333333333333,0.6000000000000001,0.5000000000000001,0.75,0.9333333333333332,83.52,Placed,A,A
0.5000000000000001,0.4,0.6000000000000001,0.8,0.15000000000000002,0.23333333333333328,82.01,Placed,A,F
0.5000000000000001,0.1166666666666667,0.40000000000000013,0.9,0.9500000000000001,0.2666666666666666,78.37,Placed,B,D
0.30000000000000004,0.5000000000000001,1.0,0.5000000000000001,0.6000000000000001,0.016666666666666607,85.88,Placed,A,F
0.1,0.33333333333333337,1.0,0.9,0.8,0.43333333333333324,87.72,Placed,A,C
0.8,0.01666666666666672,0.19999999999999996,1.0,0.4,0.5833333333333334,93.18,Placed,A,B
0.1,0.35,0.19999999999999996,0.1,0.6000000000000001,0.21666666666666667,61.72,Not Placed,C,F
0.20000000000000004,0.1166666666666667,1.0,0.7000000000000001,0.75,0.6999999999999998,99.55,Placed,A,B
0.9,0.3666666666666666,0.8,0.4,0.9500000000000001,0.9666666666666667,100.0,Placed,A,A
0.0,0.5166666666666667,0.8,0.8,0.45,0.5166666666666667,54.75,Not Placed,D,C
0.6000000000000001,0.1166666666666667,0.6000000000000001,0.9,0.45,0.18333333333333324,66.23,Not Placed,C,F
0.0,0.050000000000000044,1.0,0.8,0.9500000000000001,0.3666666666666666,67.06,Not Placed,C,D
1.0,0.4833333333333333,0.19999999999999996,0.30000000000000004,0.75,0.25,100.0,Placed,A,D
0.8,0.30000000000000004,0.6000000000000001,0.0,0.9500000000000001,0.7166666666666667,100.0,Placed,A,B
1.0,0.3666666666666666,0.0,1.0,0.0,0.016666666666666607,73.28,Placed,B,F
1.0,0.2833333333333333,0.19999999999999996,0.8,0.5,0.09999999999999998,82.12,Placed,A,F
0.0,0.8666666666666666,0.19999999999999996,0.8,0.6000000000000001,0.33333333333333326,65.52,Not Placed,C,D
0.4,0.4666666666666667,0.19999999999999996,0.7000000000000001,0.8500000000000001,0.9499999999999998,100.0,Placed,A,A
0.6000000000000001,0.3666666666666666,0.8,0.4,0.2,0.4999999999999999,76.28,Placed,B,C
0.20000000000000004,0.5333333333333333,0.40000000000000013,0.4,0.15000000000000002,0.3666666666666666,55.83,Not Placed,D,D
0.8,0.85,0.40000000000000013,0.9,0.25,0.9833333333333333,100.0,Placed,A,A
0.7000000000000001,0.7666666666666667,0.8,0.5000000000000001,0.7000000000000001,0.9333333333333332,100.0,Placed,A,A
0.20000000000000004,0.2833333333333333,1.0,0.0,0.05,0.3999999999999999,59.99,Not Placed,D,D
0.4,0.8833333333333334,1.0,0.8,0.15000000000000002,0.5666666666666665,100.0,Placed,A,C
0.6000000000000001,0.7166666666666667,0.8,0.4,0.65,0.5666666666666665,100.0,Placed,A,C
0.30000000000000004,0.5333333333333333,0.8,0.6000000000000001,0.15000000000000002,0.7333333333333333,69.41,Not Placed,C,B
0.4,0.09999999999999998,1.0,1.0,0.8500000000000001,0.09999999999999998,93.38,Placed,A,F
0.20000000000000004,0.8333333333333334,0.40000000000000013,0.7000000000000001,0.9500000000000001,0.06666666666666665,88.56,Placed,A,F
0.8,0.45000000000000007,0.6000000000000001,0.4,0.75,0.5166666666666667,100.0,Placed,A,C
0.9,0.0,0.8,0.20000000000000004,0.4,0.8666666666666666,100.0,Placed,A,A
0.8,0.9166666666666666,0.6000000000000001,0.5000000000000001,0.35000000000000003,0.06666666666666665,93.71,Placed,A,F
0.6000000000000001,0.6333333333333334,0.6000000000000001,0.6000000000000001,0.5,0.3999999999999999,88.25,Placed,A,D
0.9,0.5499999999999999,0.0,0.30000000000000004,0.65,0.4999999999999999,100.0,Placed,A,C
0.1,0.6333333333333334,0.40000000000000013,0.8,0.8,0.31666666666666665,79.93,Placed,B,D
0.6000000000000001,0.30000000000000004,0.6000000000000001,1.0,0.6000000000000001,0.35,77.52,Placed,B,D
0.6000000000000001,0.5000000000000001,0.40000000000000013,0.30000000000000004,0.35000000000000003,0.6166666666666666,69.79,Not Placed,C,B
1.0,0.20000000000000007,0.40000000000000013,1.0,0.65,0.19999999999999996,100.0,Placed,A,F
0.4,0.9333333333333335,0.0,0.9,0.5,0.6333333333333332,76.87,Placed,B,B
0.8,0.3833333333333334,1.0,0.1,0.4,0.016666666666666607,80.86,Placed,A,F
1.0,0.06666666666666665,0.40000000000000013,0.8,0.35000000000000003,0.35,100.0,Placed,A,D
0.20000000000000004,0.3666666666666666,0.6000000000000001,0.30000000000000004,0.65,0.9999999999999999,92.6,Placed,A,A
0.30000000000000004,0.30000000000000004,1.0,0.30000000000000004,0.7000000000000001,0.1333333333333333,88.23,Placed,A,F
0.0,0.0,1.0,0.9,0.0,0.8333333333333334,64.4,Not Placed,C,A
0.5000000000000001,0.5333333333333333,0.19999999999999996,0.0,0.55,0.016666666666666607,94.59,Placed,A,F
0.30000000000000004,0.9666666666666667,0.6000000000000001,0.1,0.2,0.7333333333333333,99.7,Placed,A,B
0.0,0.8166666666666668,0.6000000000000001,0.20000000000000004,0.65,0.5166666666666667,80.28,Placed,A,C
0.1,0.9166666666666666,0.40000000000000013,0.6000000000000001,0.75,0.11666666666666659,66.45,Not Placed,C,F
0.20000000000000004,0.5333333333333333,0.6000000000000001,0.8,0.9,0.25,100.0,Placed,A,D
0.8,0.5166666666666667,0.19999999999999996,0.4,0.75,0.5333333333333333,100.0,Placed,A,C
0.7000000000000001,0.9666666666666667,0.40000000000000013,0.30000000000000004,0.30000000000000004,0.16666666666666663,100.0,Placed,A,F
0.6000000000000001,0.45000000000000007,0.8,0.1,0.1,0.5166666666666667,86.25,Placed,A,C
1.0,0.6,0.6000000000000001,0.6000000000000001,0.35000000000000003,0.11666666666666659,100.0,Placed,A,F
0.30000000000000004,0.6666666666666666,0.6000000000000001,0.5000000000000001,1.0,0.5166666666666667,98.98,Placed,A,C
0.0,0.18333333333333335,0.0,0.6000000000000001,1.0,0.33333333333333326,68.02,Not Placed,C,D
0.7000000000000001,0.13333333333333341,0.8,0.7000000000000001,0.65,0.3999999999999999,82.41,Placed,A,D
0.30000000000000004,0.8166666666666668,0.8,0.8,0.9500000000000001,0.9333333333333332,100.0,Placed,A,A
0.20000000000000004,0.9,0.19999999999999996,0.9,0.1,0.31666666666666665,39.67,Not Placed,F,D
0.8,0.16666666666666674,0.8,0.4,0.5,0.0,100.0,Placed,A,F
0.9,0.5333333333333333,0.0,1.0,0.65,0.33333333333333326,100.0,Placed,A,D
0.30000000000000004,0.30000000000000004,0.19999999999999996,0.4,0.05,0.09999999999999998,50.83,Not Placed,D,F
0.30000000000000004,0.8833333333333334,0.8,0.30000000000000004,0.15000000000000002,0.9333333333333332,100.0,Placed,A,A
0.8,0.9333333333333335,0.19999999999999996,1.0,1.0,0.9499999999999998,100.0,Placed,A,A
1.0,0.6833333333333335,0.8,0.20000000000000004,0.2,0.3999999999999999,100.0,Placed,A,D
0.1,0.5499999999999999,0.8,0.6000000000000001,0.9,0.1333333333333333,76.16,Placed,B,F
0.4,0.09999999999999998,1.0,0.4,0.45,0.35,77.46,Placed,B,D
0.30000000000000004,0.5000000000000001,0.8,0.6000000000000001,1.0,0.016666666666666607,84.76,Placed,A,F
0.8,0.85,0.6000000000000001,0.1,1.0,0.8666666666666666,100.0,Placed,A,A
0.4,0.01666666666666672,0.8,0.8,0.05,0.29999999999999993,63.48,Not Placed,C,D
0.8,0.30000000000000004,0.6000000000000001,0.8,1.0,0.9833333333333333,100.0,Placed,A,A
1.0,0.6166666666666666,0.40000000000000013,0.8,0.1,0.08333333333333326,83.33,Placed,A,F
0.8,0.5166666666666667,1.0,0.4,0.7000000000000001,0.9666666666666667,100.0,Placed,A,A
0.1,0.15000000000000002,0.0,0.9,0.9,0.06666666666666665,57.56,Not Placed,D,F
0.8,0.6666666666666666,0.19999999999999996,0.8,1.0,0.7333333333333333,100.0,Placed,A,B
0.20000000000000004,0.1166666666666667,0.19999999999999996,0.0,0.05,0.1499999999999999,67.63,Not Placed,C,F
0.30000000000000004,0.41666666666666663,0.40000000000000013,0.1,0.1,0.9666666666666667,84.82,Placed,A,A
0.0,0.4833333333333333,0.8,0.9,0.55,0.0,56.23,Not Placed,D,F
0.0,0.16666666666666674,0.0,0.4,0.65,0.41666666666666663,53.31,Not Placed,D,C
0.0,0.6666666666666666,0.40000000000000013,0.4,0.8,0.41666666666666663,73.25,Placed,B,C
0.8,0.31666666666666665,0.40000000000000013,0.5000000000000001,0.75,0.9833333333333333,100.0,Placed,A,A
1.0,0.9833333333333333,0.19999999999999996,0.7000000000000001,0.8,0.2833333333333333,100.0,Placed,A,D
0.7000000000000001,0.31666666666666665,0.6000000000000001,0.0,0.4,0.9666666666666667,100.0,Placed,A,A
0.4,0.13333333333333341,0.6000000000000001,0.9,0.1,0.33333333333333326,41.0,Not Placed,F,D
0.4,0.1166666666666667,0.8,0.8,0.65,0.7499999999999999,100.0,Placed,A,A
0.8,0.9833333333333333,0.8,0.30000000000000004,0.1,0.18333333333333324,85.9,Placed,A,F
0.20000000000000004,0.2333333333333334,0.40000000000000013,0.7000000000000001,0.25,0.6166666666666666,66.79,Not Placed,C,B
0.20000000000000004,0.5499999999999999,0.8,0.4,1.0,0.21666666666666667,84.35,Placed,A,F
0.6000000000000001,0.3833333333333334,0.6000000000000001,0.0,0.9,0.7999999999999999,100.0,Placed,A,A
0.8,0.5333333333333333,0.0,0.8,0.6000000000000001,0.5166666666666667,100.0,Placed,A,C
0.5000000000000001,0.6666666666666666,0.19999999999999996,0.7000000000000001,0.2,0.6333333333333332,92.17,Placed,A,B
0.1,0.6666666666666666,0.6000000000000001,0.4,0.0,0.5666666666666665,74.18,Placed,B,C
0.0,0.7333333333333333,1.0,1.0,0.55,0.2666666666666666,76.88,Placed,B,D
0.1,0.65,0.8,0.30000000000000004,0.7000000000000001,0.9,89.26,Placed,A,A
0.0,0.43333333333333346,0.19999999999999996,0.7000000000000001,0.9,0.9,88.49,Placed,A,A
0.9,0.33333333333333337,1.0,0.8,0.05,0.1499999999999999,87.62,Placed,A,F
0.9,0.06666666666666665,0.19999999999999996,0.6000000000000001,0.1,0.5666666666666665,71.25,Placed,B,C
0.8,1.0,0.40000000000000013,0.30000000000000004,0.30000000000000004,0.25,81.33,Placed,A,D
0.9,0.5666666666666668,0.8,0.6000000000000001,0.5,0.08333333333333326,100.0,Placed,A,F
0.7000000000000001,0.33333333333333337,0.40000000000000013,0.5000000000000001,0.45,0.04999999999999993,75.24,Placed,B,F
0.6000000000000001,0.050000000000000044,0.19999999999999996,1.0,0.35000000000000003,0.85,69.68,Not Placed,C,A
0.20000000000000004,0.7999999999999999,0.40000000000000013,0.20000000000000004,0.05,0.1333333333333333,45.37,Not Placed,F,F
0.7000000000000001,0.7833333333333333,0.8,0.9,0.65,0.4666666666666667,99.74,Placed,A,C
0.1,0.25,0.6000000000000001,0.20000000000000004,0.6000000000000001,0.09999999999999998,85.05,Placed,A,F
0.1,0.9333333333333335,0.0,0.0,0.30000000000000004,0.25,81.22,Placed,A,D
1.0,0.5000000000000001,1.0,0.4,1.0,0.08333333333333326,100.0,Placed,A,F
0.9,0.41666666666666663,0.6000000000000001,0.7000000000000001,0.4,0.7166666666666667,99.69,Placed,A,B
0.20000000000000004,0.85,0.19999999999999996,0.5000000000000001,0.30000000000000004,0.9333333333333332,98.22,Placed,A,A
0.6000000000000001,0.5666666666666668,0.6000000000000001,0.7000000000000001,0.0,0.9999999999999999,100.0,Placed,A,A
0.0,0.08333333333333337,0.40000000000000013,0.6000000000000001,0.0,0.033333333333333326,50.76,Not Placed,D,F
0.7000000000000001,0.5333333333333333,0.8,0.1,0.25,0.7166666666666667,100.0,Placed,A,B
0.6000000000000001,0.33333333333333337,0.6000000000000001,0.7000000000000001,0.0,0.85,80.01,Placed,A,A
0.30000000000000004,0.25,0.6000000000000001,0.30000000000000004,0.75,0.21666666666666667,82.52,Placed,A,F
0.4,0.7666666666666667,0.8,1.0,0.1,0.21666666666666667,71.72,Placed,B,F
0.9,0.6333333333333334,0.40000000000000013,0.4,0.6000000000000001,0.1333333333333333,91.51,Placed,A,F
0.0,0.5499999999999999,0.0,1.0,1.0,0.5833333333333334,72.96,Placed,B,B
0.30000000000000004,0.6833333333333335,0.6000000000000001,0.7000000000000001,0.15000000000000002,0.3666666666666666,83.13,Placed,A,D
0.0,0.9333333333333335,1.0,0.4,0.8,0.9333333333333332,99.62,Placed,A,A
0.0,0.9833333333333333,0.19999999999999996,0.4,0.45,0.85,86.33,Placed,A,A
0.9,0.2333333333333334,0.40000000000000013,0.5000000000000001,0.15000000000000002,0.9333333333333332,100.0,Placed,A,A
0.0,0.08333333333333337,0.40000000000000013,0.6000000000000001,0.9500000000000001,0.23333333333333328,81.65,Placed,A,F
0.6000000000000001,0.01666666666666672,0.6000000000000001,0.8,0.55,0.09999999999999998,82.44,Placed,A,F
0.6000000000000001,0.3833333333333334,1.0,1.0,0.6000000000000001,0.31666666666666665,100.0,Placed,A,D
0.30000000000000004,0.9166666666666666,0.8,0.6000000000000001,0.15000000000000002,0.29999999999999993,82.13,Placed,A,D
0.1,0.7999999999999999,0.6000000000000001,0.5000000000000001,0.75,0.08333333333333326,82.6,Placed,A,F
0.20000000000000004,0.45000000000000007,0.6000000000000001,0.9,0.9,0.8333333333333334,100.0,Placed,A,A
0.7000000000000001,0.0,0.8,0.30000000000000004,0.30000000000000004,0.6333333333333332,70.12,Placed,B,B
0.7000000000000001,0.0,0.19999999999999996,1.0,0.0,0.0,61.86,Not Placed,C,F
1.0,0.45000000000000007,0.8,0.9,0.75,0.09999999999999998,86.24,Placed,A,F
1.0,0.5833333333333334,0.6000000000000001,0.1,0.05,0.5666666666666665,100.0,Placed,A,C
0.5000000000000001,0.31666666666666665,0.0,1.0,0.0,0.3999999999999999,69.06,Not Placed,C,D
0.9,0.7833333333333333,0.8,1.0,0.65,0.6166666666666666,100.0,Placed,A,B
0.8,0.1166666666666667,0.19999999999999996,0.8,0.9500000000000001,0.3666666666666666,99.9,Placed,A,D
1.0,0.0,0.8,0.9,0.2,0.3999999999999999,92.0,Placed,A,D
0.8,0.41666666666666663,0.8,1.0,0.7000000000000001,0.6166666666666666,100.0,Placed,A,B
0.30000000000000004,0.8333333333333334,0.40000000000000013,0.4,0.45,0.9499999999999998,77.62,Placed,B,A
0.0,0.7000000000000001,0.40000000000000013,0.4,1.0,0.16666666666666663,75.38,Placed,B,F
0.0,0.7999999999999999,0.6000000000000001,1.0,0.05,0.5499999999999999,73.84,Placed,B,C
0.9,0.4,0.6000000000000001,0.20000000000000004,0.5,0.4999999999999999,100.0,Placed,A,C
0.4,0.15000000000000002,0.8,0.20000000000000004,0.75,0.6166666666666666,96.44,Placed,A,B
0.1,0.18333333333333335,0.0,0.0,0.9,0.8833333333333332,99.13,Placed,A,A
0.5000000000000001,0.6666666666666666,1.0,1.0,0.15000000000000002,0.8166666666666665,78.45,Placed,B,A
0.6000000000000001,0.09999999999999998,0.6000000000000001,0.4,0.45,0.9,100.0,Placed,A,A
0.0,1.0,0.8,0.20000000000000004,0.55,0.7499999999999999,91.24,Placed,A,A
0.5000000000000001,0.18333333333333335,0.8,1.0,0.05,0.18333333333333324,60.35,Not Placed,C,F
0.7000000000000001,0.7666666666666667,1.0,0.1,0.05,0.1333333333333333,83.96,Placed,A,F
0.4,0.65,0.8,1.0,0.4,0.19999999999999996,82.35,Placed,A,F
0.6000000000000001,0.2666666666666667,1.0,0.8,0.55,0.9499999999999998,100.0,Placed,A,A
0.9,0.06666666666666665,1.0,0.9,0.05,0.31666666666666665,85.06,Placed,A,D
0.5000000000000001,0.21666666666666667,0.8,0.5000000000000001,0.8500000000000001,0.9666666666666667,100.0,Placed,A,A
0.30000000000000004,0.5499999999999999,0.8,0.20000000000000004,0.75,0.33333333333333326,94.37,Placed,A,D
0.6000000000000001,0.7833333333333333,0.40000000000000013,0.6000000000000001,0.9,0.35,100.0,Placed,A,D
0.9,1.0,1.0,0.8,0.7000000000000001,0.0,100.0,Placed,A,F
0.8,0.2666666666666667,0.19999999999999996,0.8,0.75,0.65,95.53,Placed,A,B
0.9,0.5666666666666668,1.0,0.0,0.25,0.9833333333333333,100.0,Placed,A,A
0.9,0.9,0.19999999999999996,0.1,0.7000000000000001,0.9999999999999999,100.0,Placed,A,A
0.6000000000000001,0.0,0.8,0.7000000000000001,0.55,0.6666666666666666,94.74,Placed,A,B
0.4,0.9666666666666667,0.6000000000000001,1.0,0.55,0.2666666666666666,66.2,Not Placed,C,D
0.6000000000000001,0.8166666666666668,0.0,0.0,0.45,0.7333333333333333,100.0,Placed,A,B
0.20000000000000004,0.8166666666666668,0.8,1.0,1.0,0.04999999999999993,96.55,Placed,A,F
0.1,0.5833333333333334,0.0,1.0,0.7000000000000001,0.08333333333333326,45.61,Not Placed,F,F
1.0,0.2333333333333334,0.40000000000000013,0.20000000000000004,0.15000000000000002,0.7333333333333333,100.0,Placed,A,B
0.4,0.9833333333333333,0.19999999999999996,1.0,0.45,0.9499999999999998,96.18,Placed,A,A
0.30000000000000004,0.30000000000000004,0.40000000000000013,0.6000000000000001,0.9,0.7999999999999999,79.43,Placed,B,A
0.4,0.8333333333333334,0.6000000000000001,0.7000000000000001,0.65,0.29999999999999993,85.72,Placed,A,D
0.7000000000000001,0.6833333333333335,0.6000000000000001,0.4,0.45,0.4833333333333333,100.0,Placed,A,C
0.30000000000000004,0.06666666666666665,1.0,0.1,0.8,0.3666666666666666,78.75,Placed,B,D
0.8,0.30000000000000004,0.8,0.20000000000000004,0.5,0.5166666666666667,99.53,Placed,A,C
0.6000000000000001,0.7000000000000001,1.0,0.8,0.8500000000000001,0.9166666666666666,100.0,Placed,A,A
0.9,0.6333333333333334,0.6000000000000001,1.0,0.05,0.4666666666666667,93.26,Placed,A,C
0.6000000000000001,0.06666666666666665,0.6000000000000001,0.9,0.5,0.11666666666666659,79.32,Placed,B,F
0.7000000000000001,0.85,1.0,0.6000000000000001,0.35000000000000003,0.33333333333333326,94.66,Placed,A,D
0.5000000000000001,0.18333333333333335,0.40000000000000013,0.0,0.9,0.2666666666666666,100.0,Placed,A,D
0.7000000000000001,0.30000000000000004,0.0,0.20000000000000004,0.75,0.2666666666666666,95.26,Placed,A,D
0.20000000000000004,0.7666666666666667,0.19999999999999996,0.8,0.15000000000000002,0.9166666666666666,73.12,Placed,B,A
0.9,0.18333333333333335,0.6000000000000001,0.6000000000000001,0.65,0.33333333333333326,100.0,Placed,A,D
0.9,0.5833333333333334,1.0,0.1,0.8,0.23333333333333328,100.0,Placed,A,F
0.0,0.18333333333333335,0.6000000000000001,0.5000000000000001,0.5,0.43333333333333324,68.34,Not Placed,C,C
0.5000000000000001,0.2833333333333333,0.40000000000000013,0.8,0.1,0.3999999999999999,64.22,Not Placed,C,D
0.0,0.7999999999999999,0.19999999999999996,0.30000000000000004,0.15000000000000002,0.5333333333333333,76.23,Placed,B,C
0.8,0.8333333333333334,0.40000000000000013,0.9,1.0,0.016666666666666607,100.0,Placed,A,F
0.1,0.7833333333333333,0.0,0.1,0.6000000000000001,0.85,98.85,Placed,A,A
1.0,0.7000000000000001,0.40000000000000013,0.20000000000000004,0.8,0.6833333333333332,100.0,Placed,A,B
0.1,0.5499999999999999,0.19999999999999996,0.6000000000000001,0.9500000000000001,0.9666666666666667,92.08,Placed,A,A
0.6000000000000001,0.7833333333333333,0.19999999999999996,0.30000000000000004,1.0,0.25,100.0,Placed,A,D
0.1,0.5333333333333333,0.6000000000000001,0.6000000000000001,0.9500000000000001,0.9,88.06,Placed,A,A
0.9,0.7999999999999999,0.0,0.4,0.45,0.5833333333333334,100.0,Placed,A,B
0.7000000000000001,0.2833333333333333,0.8,0.7000000000000001,0.55,0.11666666666666659,95.44,Placed,A,F
0.5000000000000001,1.0,0.6000000000000001,0.7000000000000001,0.35000000000000003,0.25,95.45,Placed,A,D
0.6000000000000001,1.0,1.0,0.4,0.1,0.09999999999999998,70.91,Placed,B,F
0.6000000000000001,0.9333333333333335,0.40000000000000013,0.6000000000000001,1.0,0.06666666666666665,95.7,Placed,A,F
0.5000000000000001,0.4666666666666667,0.40000000000000013,1.0,0.45,0.3666666666666666,93.26,Placed,A,D
0.9,0.7333333333333333,0.19999999999999996,0.5000000000000001,0.30000000000000004,0.11666666666666659,85.26,Placed,A,F
1.0,0.06666666666666665,1.0,0.7000000000000001,0.45,0.033333333333333326,91.2,Placed,A,F
0.8,0.4,0.19999999999999996,0.8,0.30000000000000004,0.5666666666666665,91.36,Placed,A,C
0.8,0.3833333333333334,1.0,0.4,0.8500000000000001,0.8166666666666665,100.0,Placed,A,A
0.6000000000000001,0.4666666666666667,0.19999999999999996,0.6000000000000001,0.9500000000000001,0.5833333333333334,91.83,Placed,A,B
0.8,0.9666666666666667,0.8,0.0,0.65,0.9666666666666667,100.0,Placed,A,A
0.9,0.6166666666666666,0.8,1.0,0.55,0.5833333333333334,81.31,Placed,A,B
0.20000000000000004,0.5333333333333333,0.6000000000000001,0.7000000000000001,0.35000000000000003,0.23333333333333328,61.49,Not Placed,C,F
0.20000000000000004,0.15000000000000002,0.8,0.20000000000000004,0.30000000000000004,0.4833333333333333,70.06,Placed,B,C
0.0,0.6,1.0,0.0,0.2,0.23333333333333328,52.82,Not Placed,D,F
0.4,0.9833333333333333,0.19999999999999996,0.5000000000000001,0.0,0.4666666666666667,84.23,Placed,A,C
0.30000000000000004,0.5333333333333333,1.0,0.7000000000000001,0.7000000000000001,0.04999999999999993,72.99,Placed,B,F
0.1,0.3666666666666666,0.6000000000000001,1.0,0.4,0.5499999999999999,83.3,Placed,A,C
0.8,0.9500000000000001,0.6000000000000001,0.20000000000000004,0.55,0.3666666666666666,100.0,Placed,A,D
0.20000000000000004,0.16666666666666674,0.0,0.0,0.8500000000000001,0.9499999999999998,93.57,Placed,A,A
0.7000000000000001,0.3833333333333334,0.8,0.20000000000000004,0.5,0.5666666666666665,100.0,Placed,A,C
0.5000000000000001,0.3833333333333334,0.40000000000000013,0.4,0.45,0.44999999999999984,70.37,Placed,B,C
0.4,0.09999999999999998,0.40000000000000013,1.0,0.45,0.4999999999999999,73.85,Placed,B,C
0.0,0.8166666666666668,0.0,0.7000000000000001,0.8500000000000001,0.6833333333333332,72.32,Placed,B,B
0.30000000000000004,0.33333333333333337,0.19999999999999996,0.8,0.0,0.5333333333333333,68.09,Not Placed,C,C
0.20000000000000004,0.31666666666666665,0.0,0.8,0.9500000000000001,0.2833333333333333,71.58,Placed,B,D
0.0,0.8666666666666666,0.19999999999999996,0.30000000000000004,0.5,0.06666666666666665,46.24,Not Placed,F,F
0.4,0.15000000000000002,0.8,0.7000000000000001,0.05,0.1333333333333333,46.01,Not Placed,F,F
0.5000000000000001,0.4,0.8,1.0,0.5,0.31666666666666665,82.51,Placed,A,D
0.1,0.7666666666666667,0.6000000000000001,0.4,0.05,0.6166666666666666,75.45,Placed,B,B
0.20000000000000004,0.5833333333333334,0.6000000000000001,0.20000000000000004,0.4,0.8333333333333334,75.17,Placed,B,A
1.0,0.7833333333333333,0.6000000000000001,0.4,0.0,0.1333333333333333,76.54,Placed,B,F
0.5000000000000001,0.7666666666666667,0.6000000000000001,0.1,0.25,0.2833333333333333,85.28,Placed,A,D
0.30000000000000004,0.2333333333333334,0.40000000000000013,1.0,0.05,0.9166666666666666,84.42,Placed,A,A
0.8,0.7166666666666667,0.6000000000000001,1.0,0.7000000000000001,0.23333333333333328,96.81,Placed,A,F
0.4,0.65,0.6000000000000001,1.0,0.0,0.23333333333333328,66.2,Not Placed,C,F
0.30000000000000004,0.65,0.6000000000000001,0.5000000000000001,0.8500000000000001,0.9666666666666667,82.71,Placed,A,A
0.1,0.8166666666666668,0.19999999999999996,0.0,0.15000000000000002,0.21666666666666667,94.15,Placed,A,F
0.5000000000000001,0.08333333333333337,1.0,0.5000000000000001,0.6000000000000001,0.5666666666666665,82.79,Placed,A,C
0.9,0.6,0.6000000000000001,0.4,0.15000000000000002,0.65,100.0,Placed,A,B
0.1,0.01666666666666672,0.0,0.8,0.7000000000000001,0.8333333333333334,53.84,Not Placed,D,A
0.6000000000000001,0.18333333333333335,0.6000000000000001,0.6000000000000001,0.05,0.6999999999999998,85.22,Placed,A,B
0.20000000000000004,0.9500000000000001,0.6000000000000001,0.5000000000000001,0.4,0.9833333333333333,91.42,Placed,A,A
0.8,0.050000000000000044,0.40000000000000013,1.0,0.55,0.9833333333333333,100.0,Placed,A,A
1.0,0.3666666666666666,1.0,0.6000000000000001,0.65,0.5833333333333334,100.0,Placed,A,B
0.4,0.20000000000000007,0.6000000000000001,0.9,0.9500000000000001,0.7666666666666667,100.0,Placed,A,A
0.7000000000000001,0.2666666666666667,1.0,0.4,0.15000000000000002,0.9166666666666666,100.0,Placed,A,A
1.0,0.5000000000000001,0.19999999999999996,0.0,0.7000000000000001,0.6833333333333332,100.0,Placed,A,B
0.5000000000000001,0.25,0.8,0.8,0.15000000000000002,0.31666666666666665,88.35,Placed,A,D
0.9,0.6666666666666666,1.0,0.4,0.2,0.16666666666666663,92.74,Placed,A,F
0.7000000000000001,0.41666666666666663,1.0,0.30000000000000004,0.45,0.9333333333333332,100.0,Placed,A,A
1.0,0.45000000000000007,0.6000000000000001,0.5000000000000001,0.55,0.6666666666666666,100.0,Placed,A,B
0.20000000000000004,0.0,0.6000000000000001,0.4,0.55,0.8833333333333332,84.87,Placed,A,A
0.20000000000000004,0.7666666666666667,0.6000000000000001,0.0,0.35000000000000003,0.2666666666666666,77.64,Placed,B,D
0.4,0.18333333333333335,0.40000000000000013,0.1,0.15000000000000002,0.6666666666666666,99.1,Placed,A,B
1.0,0.6,0.8,0.30000000000000004,0.1,0.3999999999999999,96.7,Placed,A,D
0.9,0.9,0.40000000000000013,0.7000000000000001,0.0,0.4666666666666667,100.0,Placed,A,C
0.20000000000000004,0.9166666666666666,0.40000000000000013,0.4,0.8500000000000001,0.3666666666666666,84.6,Placed,A,D
0.7000000000000001,0.8166666666666668,0.40000000000000013,0.6000000000000001,0.9500000000000001,0.1333333333333333,100.0,Placed,A,F
0.9,0.31666666666666665,0.19999999999999996,0.1,0.65,0.9166666666666666,100.0,Placed,A,A
0.7000000000000001,0.01666666666666672,0.8,0.7000000000000001,0.8,0.3999999999999999,94.51,Placed,A,D
0.1,0.5833333333333334,0.19999999999999996,0.4,0.25,0.6666666666666666,70.22,Placed,B,B
0.30000000000000004,0.2333333333333334,0.19999999999999996,0.30000000000000004,0.25,0.3666666666666666,69.24,Not Placed,C,D
0.9,0.6166666666666666,0.8,0.8,0.45,0.8833333333333332,100.0,Placed,A,A
0.0,0.35,0.19999999999999996,0.5000000000000001,0.9,0.016666666666666607,70.52,Placed,B,F
0.30000000000000004,0.7166666666666667,0.8,0.30000000000000004,0.45,0.7333333333333333,98.36,Placed,A,B
1.0,1.0,1.0,0.7000000000000001,0.1,0.9,100.0,Placed,A,A
0.30000000000000004,0.8166666666666668,1.0,0.20000000000000004,0.0,0.0,65.76,Not Placed,C,F
0.9,0.5166666666666667,0.6000000000000001,0.9,0.8500000000000001,0.6166666666666666,100.0,Placed,A,B
0.8,0.9666666666666667,0.40000000000000013,0.1,0.7000000000000001,0.08333333333333326,100.0,Placed,A,F
0.20000000000000004,0.31666666666666665,1.0,0.6000000000000001,0.9500000000000001,0.7833333333333333,95.28,Placed,A,A
0.1,0.5833333333333334,1.0,0.30000000000000004,0.15000000000000002,0.7166666666666667,84.67,Placed,A,B
0.8,0.5333333333333333,0.19999999999999996,0.30000000000000004,0.8500000000000001,0.23333333333333328,100.0,Placed,A,F
0.8,0.2333333333333334,0.8,0.9,0.45,0.09999999999999998,83.14,Placed,A,F
0.0,0.8166666666666668,0.0,0.8,0.9,0.016666666666666607,79.44,Placed,B,F
0.5000000000000001,0.7500000000000001,0.19999999999999996,0.1,0.8,0.4833333333333333,100.0,Placed,A,C
0.9,0.033333333333333326,0.19999999999999996,0.0,0.45,0.4666666666666667,94.18,Placed,A,C
0.7000000000000001,0.4666666666666667,0.8,0.6000000000000001,0.15000000000000002,0.18333333333333324,89.52,Placed,A,F
0.20000000000000004,0.7666666666666667,0.0,0.7000000000000001,0.2,0.85,67.62,Not Placed,C,A
1.0,0.43333333333333346,0.0,0.20000000000000004,0.30000000000000004,0.5499999999999999,100.0,Placed,A,C
0.8,0.06666666666666665,0.6000000000000001,0.1,0.9,0.4833333333333333,100.0,Placed,A,C
0.1,0.9666666666666667,0.19999999999999996,0.30000000000000004,0.9,0.5833333333333334,97.6,Placed,A,B
0.5000000000000001,0.9166666666666666,0.40000000000000013,0.1,0.35000000000000003,0.5666666666666665,97.52,Placed,A,C
0.0,0.5000000000000001,1.0,0.1,0.0,0.016666666666666607,55.55,Not Placed,D,F
0.6000000000000001,0.35,0.19999999999999996,0.4,0.35000000000000003,0.8166666666666665,94.24,Placed,A,A
0.20000000000000004,0.5666666666666668,0.40000000000000013,0.9,0.9,0.033333333333333326,53.24,Not Placed,D,F
0.6000000000000001,0.8833333333333334,0.40000000000000013,0.4,0.8,0.6833333333333332,100.0,Placed,A,B
0.30000000000000004,0.09999999999999998,0.8,0.7000000000000001,0.4,0.18333333333333324,72.85,Placed,B,F
0.8,0.08333333333333337,0.19999999999999996,0.8,0.9500000000000001,0.04999999999999993,87.78,Placed,A,F
0.4,0.41666666666666663,0.8,0.1,0.75,0.9,100.0,Placed,A,A
0.20000000000000004,0.8833333333333334,0.6000000000000001,0.0,0.4,0.85,93.87,Placed,A,A
0.7000000000000001,0.0,0.40000000000000013,0.20000000000000004,0.9,0.9666666666666667,89.76,Placed,A,A
0.5000000000000001,0.30000000000000004,0.0,0.5000000000000001,0.75,0.09999999999999998,84.47,Placed,A,F
0.1,0.09999999999999998,0.40000000000000013,0.4,1.0,0.31666666666666665,63.3,Not Placed,C,D
0.20000000000000004,0.5833333333333334,0.6000000000000001,0.7000000000000001,0.6000000000000001,0.29999999999999993,64.71,Not Placed,C,D
0.7000000000000001,0.18333333333333335,0.40000000000000013,0.7000000000000001,0.9,0.11666666666666659,82.62,Placed,A,F
0.9,0.31666666666666665,0.8,0.1,0.2,0.033333333333333326,93.04,Placed,A,F
0.6000000000000001,0.3666666666666666,0.19999999999999996,0.8,0.05,0.43333333333333324,73.35,Placed,B,C
0.9,0.4,0.0,0.30000000000000004,0.15000000000000002,0.23333333333333328,97.06,Placed,A,F
0.5000000000000001,0.4833333333333333,0.8,0.0,0.55,0.11666666666666659,80.48,Placed,A,F
0.0,0.9666666666666667,1.0,0.1,0.8500000000000001,0.2833333333333333,87.97,Placed,A,D
0.8,1.0,0.19999999999999996,1.0,0.1,0.4666666666666667,100.0,Placed,A,C
0.20000000000000004,0.4666666666666667,0.0,0.5000000000000001,1.0,0.7499999999999999,100.0,Placed,A,A
0.4,0.5000000000000001,0.6000000000000001,0.4,0.9,0.8333333333333334,100.0,Placed,A,A
0.6000000000000001,0.2833333333333333,0.40000000000000013,0.6000000000000001,0.15000000000000002,0.5833333333333334,80.82,Placed,A,B
0.6000000000000001,0.6666666666666666,0.0,0.8,0.15000000000000002,0.033333333333333326,72.51,Placed,B,F
0.20000000000000004,0.30000000000000004,1.0,0.5000000000000001,0.75,0.8833333333333332,98.2,Placed,A,A
0.30000000000000004,0.8833333333333334,0.6000000000000001,0.5000000000000001,0.5,0.1333333333333333,83.89,Placed,A,F
0.9,0.050000000000000044,0.19999999999999996,0.1,0.6000000000000001,0.1499999999999999,100.0,Placed,A,F
0.6000000000000001,0.0,0.0,0.6000000000000001,1.0,0.65,90.08,Placed,A,B
0.7000000000000001,0.6666666666666666,0.6000000000000001,0.1,0.5,0.31666666666666665,100.0,Placed,A,D
0.1,0.9666666666666667,0.19999999999999996,0.6000000000000001,0.30000000000000004,0.016666666666666607,42.92,Not Placed,F,F
0.8,0.2333333333333334,0.8,0.7000000000000001,0.65,0.9499999999999998,100.0,Placed,A,A
0.6000000000000001,0.8833333333333334,0.40000000000000013,0.0,0.15000000000000002,0.0,80.18,Placed,A,F
0.7000000000000001,0.1166666666666667,0.6000000000000001,0.8,0.35000000000000003,0.43333333333333324,92.35,Placed,A,C
0.5000000000000001,0.2333333333333334,0.8,0.7000000000000001,0.55,0.04999999999999993,64.33,Not Placed,C,F
0.5000000000000001,0.2333333333333334,1.0,0.8,0.6000000000000001,0.7833333333333333,100.0,Placed,A,A
0.8,0.8166666666666668,1.0,0.4,0.4,0.6,100.0,Placed,A,B
0.30000000000000004,0.6333333333333334,0.19999999999999996,0.30000000000000004,0.4,0.5166666666666667,90.44,Placed,A,C
1.0,0.35,0.0,0.0,0.05,0.2833333333333333,84.88,Placed,A,D
1.0,0.2833333333333333,0.40000000000000013,0.8,0.1,0.21666666666666667,80.95,Placed,A,F
0.4,0.25,0.19999999999999996,0.30000000000000004,1.0,0.7333333333333333,100.0,Placed,A,B
0.8,0.01666666666666672,0.6000000000000001,0.30000000000000004,0.55,0.7833333333333333,95.26,Placed,A,A
0.0,0.5833333333333334,0.40000000000000013,0.30000000000000004,0.8,0.9999999999999999,91.22,Placed,A,A
0.30000000000000004,0.31666666666666665,0.8,0.1,0.15000000000000002,0.23333333333333328,62.69,Not Placed,C,F
0.6000000000000001,0.25,0.40000000000000013,1.0,0.65,0.8333333333333334,78.71,Placed,B,A
1.0,0.033333333333333326,0.8,0.30000000000000004,1.0,0.9999999999999999,100.0,Placed,A,A
0.8,0.9166666666666666,0.19999999999999996,0.1,0.4,0.04999999999999993,99.56,Placed,A,F
1.0,0.4833333333333333,0.0,0.7000000000000001,0.35000000000000003,0.29999999999999993,84.32,Placed,A,D
0.9,0.9,1.0,0.6000000000000001,0.0,0.3833333333333333,77.54,Placed,B,D
0.5000000000000001,0.01666666666666672,0.40000000000000013,1.0,0.6000000000000001,0.4833333333333333,81.9,Placed,A,C
0.7000000000000001,0.5666666666666668,0.0,0.9,0.1,0.19999999999999996,56.35,Not Placed,D,F
0.8,0.41666666666666663,0.0,0.1,0.65,0.16666666666666663,91.91,Placed,A,F
0.9,0.9333333333333335,1.0,0.1,0.9,0.44999999999999984,100.0,Placed,A,C
0.30000000000000004,1.0,0.40000000000000013,0.1,0.25,0.8166666666666665,84.28,Placed,A,A
0.0,0.06666666666666665,0.40000000000000013,0.0,0.15000000000000002,0.9333333333333332,85.43,Placed,A,A
0.7000000000000001,0.01666666666666672,0.0,0.5000000000000001,0.9500000000000001,0.16666666666666663,81.34,Placed,A,F
0.1,0.8333333333333334,0.6000000000000001,0.5000000000000001,0.0,0.8833333333333332,64.58,Not Placed,C,A
1.0,0.9166666666666666,0.6000000000000001,0.0,0.45,0.0,100.0,Placed,A,F
0.0,0.31666666666666665,0.40000000000000013,1.0,0.6000000000000001,0.7666666666666667,67.34,Not Placed,C,A
0.6000000000000001,0.5499999999999999,0.0,0.0,0.55,0.9166666666666666,100.0,Placed,A,A
0.9,0.5499999999999999,0.0,0.5000000000000001,0.5,0.6833333333333332,100.0,Placed,A,B
0.8,0.8833333333333334,0.19999999999999996,1.0,0.15000000000000002,0.8833333333333332,100.0,Placed,A,A
1.0,0.9166666666666666,0.0,0.5000000000000001,0.8,0.04999999999999993,100.0,Placed,A,F
0.8,0.9,1.0,0.30000000000000004,0.7000000000000001,0.6166666666666666,100.0,Placed,A,B
0.20000000000000004,0.31666666666666665,0.6000000000000001,0.20000000000000004,1.0,0.5499999999999999,93.58,Placed,A,C
0.5000000000000001,0.8166666666666668,0.19999999999999996,0.8,0.1,0.7999999999999999,92.86,Placed,A,A
0.6000000000000001,0.4,1.0,0.5000000000000001,0.45,0.18333333333333324,83.31,Placed,A,F
0.9,0.31666666666666665,0.6000000000000001,0.0,1.0,0.8833333333333332,100.0,Placed,A,A
0.8,0.4,1.0,0.20000000000000004,0.65,0.3833333333333333,98.4,Placed,A,D
0.1,0.8666666666666666,0.8,0.0,0.9,0.9999999999999999,100.0,Placed,A,A
0.7000000000000001,0.21666666666666667,0.40000000000000013,0.20000000000000004,1.0,0.6,100.0,Placed,A,B
0.6000000000000001,0.9833333333333333,0.8,0.1,0.15000000000000002,0.9166666666666666,100.0,Placed,A,A
0.30000000000000004,0.7666666666666667,0.40000000000000013,0.4,0.65,0.5166666666666667,98.21,Placed,A,C
0.1,0.7166666666666667,0.6000000000000001,0.20000000000000004,0.25,0.29999999999999993,85.74,Placed,A,D
0.7000000000000001,0.7000000000000001,0.6000000000000001,0.6000000000000001,0.55,0.4666666666666667,89.72,Placed,A,C
1.0,0.7000000000000001,0.8,0.7000000000000001,0.05,0.6166666666666666,100.0,Placed,A,B
0.4,0.6333333333333334,1.0,0.6000000000000001,0.8,0.7999999999999999,100.0,Placed,A,A
0.5000000000000001,0.18333333333333335,0.40000000000000013,0.1,0.0,0.4666666666666667,78.29,Placed,B,C
1.0,0.7833333333333333,0.40000000000000013,0.9,0.8,0.29999999999999993,100.0,Placed,A,D
0.6000000000000001,0.06666666666666665,0.19999999999999996,0.9,0.2,0.31666666666666665,61.1,Not Placed,C,D
0.9,0.01666666666666672,0.0,0.6000000000000001,0.75,0.8666666666666666,100.0,Placed,A,A
0.0,0.8833333333333334,1.0,0.9,0.65,0.033333333333333326,74.64,Placed,B,F
0.7000000000000001,0.25,1.0,0.20000000000000004,0.9500000000000001,0.65,100.0,Placed,A,B
0.30000000000000004,0.9,0.19999999999999996,0.6000000000000001,0.45,0.06666666666666665,59.82,Not Placed,D,F
0.8,0.4833333333333333,0.6000000000000001,0.0,1.0,0.3666666666666666,100.0,Placed,A,D
0.0,0.7666666666666667,0.8,0.1,0.1,0.06666666666666665,61.29,Not Placed,C,F
1.0,0.7000000000000001,1.0,0.9,0.1,0.4833333333333333,91.07,Placed,A,C
0.1,1.0,0.40000000000000013,0.0,0.8500000000000001,0.5166666666666667,100.0,Placed,A,C
0.5000000000000001,0.6166666666666666,0.19999999999999996,0.8,0.8500000000000001,0.3833333333333333,84.03,Placed,A,D
1.0,0.7333333333333333,0.8,0.1,0.15000000000000002,0.7999999999999999,100.0,Placed,A,A
0.9,0.8333333333333334,0.8,0.1,0.30000000000000004,0.8333333333333334,100.0,Placed,A,A
1.0,0.6833333333333335,1.0,0.5000000000000001,0.0,0.8333333333333334,100.0,Placed,A,A
0.0,0.3833333333333334,0.0,0.6000000000000001,0.75,0.9499999999999998,92.41,Placed,A,A
0.30000000000000004,0.8333333333333334,0.40000000000000013,0.1,0.8,0.6833333333333332,100.0,Placed,A,B
0.7000000000000001,0.4833333333333333,0.8,0.30000000000000004,0.35000000000000003,0.5666666666666665,92.72,Placed,A,C
0.9,0.6,0.40000000000000013,0.20000000000000004,0.25,0.5166666666666667,93.79,Placed,A,C
0.4,0.9333333333333335,1.0,0.4,0.05,0.8833333333333332,100.0,Placed,A,A
0.8,0.9666666666666667,0.19999999999999996,0.8,0.45,0.9333333333333332,100.0,Placed,A,A
1.0,0.8666666666666666,0.8,0.1,0.8,0.7333333333333333,100.0,Placed,A,B
1.0,0.6333333333333334,1.0,0.4,0.9,0.7833333333333333,100.0,Placed,A,A
0.5000000000000001,0.16666666666666674,0.8,0.7000000000000001,0.15000000000000002,0.7166666666666667,78.22,Placed,B,B
0.0,0.21666666666666667,0.19999999999999996,0.5000000000000001,0.6000000000000001,0.35,69.62,Not Placed,C,D
0.5000000000000001,0.3666666666666666,0.40000000000000013,0.30000000000000004,1.0,0.33333333333333326,100.0,Placed,A,D
0.5000000000000001,0.8666666666666666,0.40000000000000013,0.9,0.9,0.44999999999999984,83.24,Placed,A,C
0.5000000000000001,0.25,0.8,0.7000000000000001,0.75,0.7999999999999999,100.0,Placed,A,A
0.7000000000000001,0.8166666666666668,1.0,0.20000000000000004,0.6000000000000001,0.5499999999999999,100.0,Placed,A,C
0.5000000000000001,0.33333333333333337,0.19999999999999996,0.30000000000000004,0.2,0.25,68.45,Not Placed,C,D
0.4,0.9,0.6000000000000001,1.0,0.55,0.16666666666666663,86.61,Placed,A,F
1.0,0.9,0.40000000000000013,0.8,0.30000000000000004,0.5333333333333333,100.0,Placed,A,C
0.1,0.050000000000000044,0.6000000000000001,0.4,0.4,0.7166666666666667,100.0,Placed,A,B
0.30000000000000004,0.5333333333333333,0.8,0.5000000000000001,0.2,0.6166666666666666,86.47,Placed,A,B
0.9,0.8833333333333334,0.6000000000000001,1.0,0.15000000000000002,0.29999999999999993,97.9,Placed,A,D
0.4,1.0,1.0,0.1,0.45,0.44999999999999984,100.0,Placed,A,C
0.9,0.7666666666666667,1.0,0.8,0.75,0.4666666666666667,100.0,Placed,A,C
0.30000000000000004,0.21666666666666667,0.6000000000000001,0.7000000000000001,0.5,0.6,85.02,Placed,A,B
0.1,0.30000000000000004,1.0,0.6000000000000001,0.4,0.8833333333333332,69.31,Not Placed,C,A
0.6000000000000001,0.9666666666666667,0.40000000000000013,0.8,0.2,0.8666666666666666,100.0,Placed,A,A
0.9,0.06666666666666665,0.8,0.4,0.5,0.033333333333333326,95.94,Placed,A,F
0.9,0.5833333333333334,0.6000000000000001,0.4,0.4,0.2833333333333333,88.61,Placed,A,D
0.1,0.5000000000000001,0.40000000000000013,1.0,0.8,0.2833333333333333,78.96,Placed,B,D
